STAT-00001 | 3.5573 | 2.8573 | 27.6265 | CONVERGING_GLOBAL_MINIMA_TARGET | COMMIT_OPTIMIZED_MATRIX_WEIGHT_STEP | 200
STAT-00002 | 2.7153 | 0.9603 | 38.2715 | CONVERGING_GLOBAL_MINIMA_TARGET | COMMIT_OPTIMIZED_MATRIX_WEIGHT_STEP | 200
STAT-00003 | 1.7382 | -1.0012 | 15.9462 | CONVERGING_GLOBAL_MINIMA_TARGET | COMMIT_OPTIMIZED_MATRIX_WEIGHT_STEP | 200
STAT-00004 | 0.6939 | -2.5492 | 12.2573 | CONVERGING_GLOBAL_MINIMA_TARGET | COMMIT_OPTIMIZED_MATRIX_WEIGHT_STEP | 200
STAT-00005 | -0.2515 | -3.2133 | 18.1126 | CONVERGING_GLOBAL_MINIMA_TARGET | COMMIT_OPTIMIZED_MATRIX_WEIGHT_STEP | 200
STAT-00006 | -0.9807 | -2.8489 | 17.6049 | CONVERGING_GLOBAL_MINIMA_TARGET | COMMIT_OPTIMIZED_MATRIX_WEIGHT_STEP | 200
STAT-00007 | -1.4855 | -1.6422 | 56.7173 | CONVERGING_GLOBAL_MINIMA_TARGET | COMMIT_OPTIMIZED_MATRIX_WEIGHT_STEP | 200
STAT-00008 | -1.7908 | 0.0358 | 83.7319 | CONVERGING_GLOBAL_MINIMA_TARGET | COMMIT_OPTIMIZED_MATRIX_WEIGHT_STEP | 200
STAT-00009 | -1.8646 | 1.5318 | 0.3605 | CONVERGING_GLOBAL_MINIMA_TARGET | COMMIT_OPTIMIZED_MATRIX_WEIGHT_STEP | 200
STAT-00010 | -1.7434 | 2.3230 | 43.8578 | CONVERGING_GLOBAL_MINIMA_TARGET | COMMIT_OPTIMIZED_MATRIX_WEIGHT_STEP | 200
STAT-00011 | -1.4718 | 2.2663 | 6.6116 | CONVERGING_GLOBAL_MINIMA_TARGET | COMMIT_OPTIMIZED_MATRIX_WEIGHT_STEP | 200
STAT-00012 | -1.0738 | 1.4589 | 29.5269 | CONVERGING_GLOBAL_MINIMA_TARGET | COMMIT_OPTIMIZED_MATRIX_WEIGHT_STEP | 200
STAT-00013 | -0.6136 | 0.2073 | 23.8046 | CONVERGING_GLOBAL_MINIMA_TARGET | COMMIT_OPTIMIZED_MATRIX_WEIGHT_STEP | 200
STAT-00014 | -0.2180 | -0.9932 | 11.7950 | CONVERGING_GLOBAL_MINIMA_TARGET | COMMIT_OPTIMIZED_MATRIX_WEIGHT_STEP | 200
STAT-00015 | 0.1065 | -1.7576 | 5.3955 | CONVERGING_GLOBAL_MINIMA_TARGET | COMMIT_OPTIMIZED_MATRIX_WEIGHT_STEP | 200
STAT-00016 | 0.4064 | -1.9287 | 6.6900 | CONVERGING_GLOBAL_MINIMA_TARGET | COMMIT_OPTIMIZED_MATRIX_WEIGHT_STEP | 200
STAT-00017 | 0.6678 | -1.5411 | 13.3063 | CONVERGING_GLOBAL_MINIMA_TARGET | COMMIT_OPTIMIZED_MATRIX_WEIGHT_STEP | 200
STAT-00018 | 0.8340 | -0.7918 | 0.4891 | CONVERGING_GLOBAL_MINIMA_TARGET | COMMIT_OPTIMIZED_MATRIX_WEIGHT_STEP | 200
STAT-00019 | 0.8529 | 0.0674 | 55.1519 | CONVERGING_GLOBAL_MINIMA_TARGET | COMMIT_OPTIMIZED_MATRIX_WEIGHT_STEP | 200
STAT-00020 | 0.7191 | 0.8255 | 26.5902 | CONVERGING_GLOBAL_MINIMA_TARGET | COMMIT_OPTIMIZED_MATRIX_WEIGHT_STEP | 200
STAT-00021 | 0.4757 | 1.3086 | 8.3292 | CONVERGING_GLOBAL_MINIMA_TARGET | COMMIT_OPTIMIZED_MATRIX_WEIGHT_STEP | 200
STAT-00022 | 0.1860 | 1.3950 | 8.9117 | CONVERGING_GLOBAL_MINIMA_TARGET | COMMIT_OPTIMIZED_MATRIX_WEIGHT_STEP | 200
STAT-00023 | -0.1105 | 1.0725 | 11.5016 | CONVERGING_GLOBAL_MINIMA_TARGET | COMMIT_OPTIMIZED_MATRIX_WEIGHT_STEP | 200
STAT-00024 | -0.4138 | 0.4508 | 10.5010 | CONVERGING_GLOBAL_MINIMA_TARGET | COMMIT_OPTIMIZED_MATRIX_WEIGHT_STEP | 200
STAT-00025 | -0.7278 | -0.2615 | 59.2134 | CONVERGING_GLOBAL_MINIMA_TARGET | COMMIT_OPTIMIZED_MATRIX_WEIGHT_STEP | 200
STAT-00026 | -1.0098 | -0.8069 | 11.9145 | CONVERGING_GLOBAL_MINIMA_TARGET | COMMIT_OPTIMIZED_MATRIX_WEIGHT_STEP | 200
STAT-00027 | -1.1993 | -0.9946 | 64.6296 | CONVERGING_GLOBAL_MINIMA_TARGET | COMMIT_OPTIMIZED_MATRIX_WEIGHT_STEP | 200
STAT-00028 | -1.2698 | -0.7869 | 4.3293 | CONVERGING_GLOBAL_MINIMA_TARGET | COMMIT_OPTIMIZED_MATRIX_WEIGHT_STEP | 200
STAT-00029 | -1.2272 | -0.2964 | 8.8435 | CONVERGING_GLOBAL_MINIMA_TARGET | COMMIT_OPTIMIZED_MATRIX_WEIGHT_STEP | 200
STAT-00030 | -1.0983 | 0.2616 | 26.9468 | CONVERGING_GLOBAL_MINIMA_TARGET | COMMIT_OPTIMIZED_MATRIX_WEIGHT_STEP | 200
STAT-00031 | -0.9165 | 0.6622 | 26.0261 | CONVERGING_GLOBAL_MINIMA_TARGET | COMMIT_OPTIMIZED_MATRIX_WEIGHT_STEP | 200
STAT-00032 | -0.7091 | 0.7753 | 11.8809 | CONVERGING_GLOBAL_MINIMA_TARGET | COMMIT_OPTIMIZED_MATRIX_WEIGHT_STEP | 200
STAT-00033 | -0.5059 | 0.5990 | 35.2722 | CONVERGING_GLOBAL_MINIMA_TARGET | COMMIT_OPTIMIZED_MATRIX_WEIGHT_STEP | 200
STAT-00034 | -0.3446 | 0.2332 | 69.6164 | CONVERGING_GLOBAL_MINIMA_TARGET | COMMIT_OPTIMIZED_MATRIX_WEIGHT_STEP | 200
STAT-00035 | -0.2565 | -0.1737 | 37.4475 | CONVERGING_GLOBAL_MINIMA_TARGET | COMMIT_OPTIMIZED_MATRIX_WEIGHT_STEP | 200
STAT-00036 | -0.2469 | -0.4834 | 23.9936 | CONVERGING_GLOBAL_MINIMA_TARGET | COMMIT_OPTIMIZED_MATRIX_WEIGHT_STEP | 200
STAT-00037 | -0.2994 | -0.6058 | 3.5702 | CONVERGING_GLOBAL_MINIMA_TARGET | COMMIT_OPTIMIZED_MATRIX_WEIGHT_STEP | 200
STAT-00038 | -0.3953 | -0.5174 | 85.6619 | CONVERGING_GLOBAL_MINIMA_TARGET | COMMIT_OPTIMIZED_MATRIX_WEIGHT_STEP | 200
STAT-00039 | -0.5222 | -0.2636 | 59.2720 | CONVERGING_GLOBAL_MINIMA_TARGET | COMMIT_OPTIMIZED_MATRIX_WEIGHT_STEP | 200
STAT-00040 | -0.6679 | 0.0569 | 0.3501 | CONVERGING_GLOBAL_MINIMA_TARGET | COMMIT_OPTIMIZED_MATRIX_WEIGHT_STEP | 200
STAT-00041 | -0.8107 | 0.3248 | 44.6620 | CONVERGING_GLOBAL_MINIMA_TARGET | COMMIT_OPTIMIZED_MATRIX_WEIGHT_STEP | 200
STAT-00042 | -0.9234 | 0.4453 | 66.4652 | CONVERGING_GLOBAL_MINIMA_TARGET | COMMIT_OPTIMIZED_MATRIX_WEIGHT_STEP | 200
STAT-00043 | -0.9869 | 0.3858 | 64.0104 | CONVERGING_GLOBAL_MINIMA_TARGET | COMMIT_OPTIMIZED_MATRIX_WEIGHT_STEP | 200
STAT-00044 | -0.9964 | 0.1851 | 19.5597 | CONVERGING_GLOBAL_MINIMA_TARGET | COMMIT_OPTIMIZED_MATRIX_WEIGHT_STEP | 200
STAT-00045 | -0.9588 | -0.0665 | 24.4478 | CONVERGING_GLOBAL_MINIMA_TARGET | COMMIT_OPTIMIZED_MATRIX_WEIGHT_STEP | 200
STAT-00046 | -0.8864 | -0.2675 | 15.3760 | CONVERGING_GLOBAL_MINIMA_TARGET | COMMIT_OPTIMIZED_MATRIX_WEIGHT_STEP | 200
STAT-00047 | -0.7935 | -0.3478 | 3.7738 | CONVERGING_GLOBAL_MINIMA_TARGET | COMMIT_OPTIMIZED_MATRIX_WEIGHT_STEP | 200
STAT-00048 | -0.6965 | -0.2913 | 6.0223 | CONVERGING_GLOBAL_MINIMA_TARGET | COMMIT_OPTIMIZED_MATRIX_WEIGHT_STEP | 200
STAT-00049 | -0.6131 | -0.1347 | 4.6810 | CONVERGING_GLOBAL_MINIMA_TARGET | COMMIT_OPTIMIZED_MATRIX_WEIGHT_STEP | 200
STAT-00050 | -0.5577 | 0.0544 | 27.4700 | CONVERGING_GLOBAL_MINIMA_TARGET | COMMIT_OPTIMIZED_MATRIX_WEIGHT_STEP | 200
STAT-00051 | -0.5368 | 0.2054 | 49.8026 | CONVERGING_GLOBAL_MINIMA_TARGET | COMMIT_OPTIMIZED_MATRIX_WEIGHT_STEP | 200
STAT-00052 | -0.5485 | 0.2692 | 8.4039 | CONVERGING_GLOBAL_MINIMA_TARGET | COMMIT_OPTIMIZED_MATRIX_WEIGHT_STEP | 200
STAT-00053 | -0.5864 | 0.2321 | 38.6246 | CONVERGING_GLOBAL_MINIMA_TARGET | COMMIT_OPTIMIZED_MATRIX_WEIGHT_STEP | 200
STAT-00054 | -0.6429 | 0.1163 | 30.4851 | CONVERGING_GLOBAL_MINIMA_TARGET | COMMIT_OPTIMIZED_MATRIX_WEIGHT_STEP | 200
STAT-00055 | -0.7090 | -0.0298 | 9.4972 | CONVERGING_GLOBAL_MINIMA_TARGET | COMMIT_OPTIMIZED_MATRIX_WEIGHT_STEP | 200
STAT-00056 | -0.7734 | -0.1504 | 84.0934 | CONVERGING_GLOBAL_MINIMA_TARGET | COMMIT_OPTIMIZED_MATRIX_WEIGHT_STEP | 200
STAT-00057 | -0.8248 | -0.2033 | 20.5873 | CONVERGING_GLOBAL_MINIMA_TARGET | COMMIT_OPTIMIZED_MATRIX_WEIGHT_STEP | 200
STAT-00058 | -0.8551 | -0.1751 | 63.5980 | CONVERGING_GLOBAL_MINIMA_TARGET | COMMIT_OPTIMIZED_MATRIX_WEIGHT_STEP | 200
STAT-00059 | -0.8614 | -0.0841 | 74.4459 | CONVERGING_GLOBAL_MINIMA_TARGET | COMMIT_OPTIMIZED_MATRIX_WEIGHT_STEP | 200
STAT-00060 | -0.8459 | 0.0294 | 65.1523 | CONVERGING_GLOBAL_MINIMA_TARGET | COMMIT_OPTIMIZED_MATRIX_WEIGHT_STEP | 200
STAT-00061 | -0.8136 | 0.1206 | 15.0374 | CONVERGING_GLOBAL_MINIMA_TARGET | COMMIT_OPTIMIZED_MATRIX_WEIGHT_STEP | 200
STAT-00062 | -0.7713 | 0.1577 | 56.8833 | CONVERGING_GLOBAL_MINIMA_TARGET | COMMIT_OPTIMIZED_MATRIX_WEIGHT_STEP | 200
STAT-00063 | -0.7270 | 0.1328 | 14.2511 | CONVERGING_GLOBAL_MINIMA_TARGET | COMMIT_OPTIMIZED_MATRIX_WEIGHT_STEP | 200
STAT-00064 | -0.6885 | 0.0618 | 6.1398 | CONVERGING_GLOBAL_MINIMA_TARGET | COMMIT_OPTIMIZED_MATRIX_WEIGHT_STEP | 200
STAT-00065 | -0.6620 | -0.0246 | 12.3080 | CONVERGING_GLOBAL_MINIMA_TARGET | COMMIT_OPTIMIZED_MATRIX_WEIGHT_STEP | 200
STAT-00066 | -0.6508 | -0.0934 | 15.6266 | CONVERGING_GLOBAL_MINIMA_TARGET | COMMIT_OPTIMIZED_MATRIX_WEIGHT_STEP | 200
STAT-00067 | -0.6549 | -0.1217 | 83.2578 | CONVERGING_GLOBAL_MINIMA_TARGET | COMMIT_OPTIMIZED_MATRIX_WEIGHT_STEP | 200
STAT-00068 | -0.6718 | -0.1033 | 75.1138 | CONVERGING_GLOBAL_MINIMA_TARGET | COMMIT_OPTIMIZED_MATRIX_WEIGHT_STEP | 200
STAT-00069 | -0.6977 | -0.0493 | 36.3323 | CONVERGING_GLOBAL_MINIMA_TARGET | COMMIT_OPTIMIZED_MATRIX_WEIGHT_STEP | 200
STAT-00070 | -0.7278 | 0.0173 | 34.1447 | CONVERGING_GLOBAL_MINIMA_TARGET | COMMIT_OPTIMIZED_MATRIX_WEIGHT_STEP | 200
STAT-00071 | -0.7567 | 0.0709 | 19.9180 | CONVERGING_GLOBAL_MINIMA_TARGET | COMMIT_OPTIMIZED_MATRIX_WEIGHT_STEP | 200
STAT-00072 | -0.7796 | 0.0929 | 13.0032 | CONVERGING_GLOBAL_MINIMA_TARGET | COMMIT_OPTIMIZED_MATRIX_WEIGHT_STEP | 200
STAT-00073 | -0.7931 | 0.0784 | 35.0182 | CONVERGING_GLOBAL_MINIMA_TARGET | COMMIT_OPTIMIZED_MATRIX_WEIGHT_STEP | 200
STAT-00074 | -0.7958 | 0.0362 | 25.6807 | CONVERGING_GLOBAL_MINIMA_TARGET | COMMIT_OPTIMIZED_MATRIX_WEIGHT_STEP | 200
STAT-00075 | -0.7887 | -0.0152 | 8.5510 | CONVERGING_GLOBAL_MINIMA_TARGET | COMMIT_OPTIMIZED_MATRIX_WEIGHT_STEP | 200
STAT-00076 | -0.7738 | -0.0558 | 45.2594 | CONVERGING_GLOBAL_MINIMA_TARGET | COMMIT_OPTIMIZED_MATRIX_WEIGHT_STEP | 200
STAT-00077 | -0.7545 | -0.0718 | 68.5236 | CONVERGING_GLOBAL_MINIMA_TARGET | COMMIT_OPTIMIZED_MATRIX_WEIGHT_STEP | 200
STAT-00078 | -0.7343 | -0.0597 | 64.0609 | CONVERGING_GLOBAL_MINIMA_TARGET | COMMIT_OPTIMIZED_MATRIX_WEIGHT_STEP | 200
STAT-00079 | -0.7168 | -0.0269 | 40.8035 | CONVERGING_GLOBAL_MINIMA_TARGET | COMMIT_OPTIMIZED_MATRIX_WEIGHT_STEP | 200
STAT-00080 | -0.7048 | 0.0125 | 73.5964 | CONVERGING_GLOBAL_MINIMA_TARGET | COMMIT_OPTIMIZED_MATRIX_WEIGHT_STEP | 200
STAT-00081 | -0.6996 | 0.0433 | 31.7615 | CONVERGING_GLOBAL_MINIMA_TARGET | COMMIT_OPTIMIZED_MATRIX_WEIGHT_STEP | 200
STAT-00082 | -0.7014 | 0.0553 | 44.4535 | CONVERGING_GLOBAL_MINIMA_TARGET | COMMIT_OPTIMIZED_MATRIX_WEIGHT_STEP | 200
STAT-00083 | -0.7092 | 0.0459 | 32.2908 | CONVERGING_GLOBAL_MINIMA_TARGET | COMMIT_OPTIMIZED_MATRIX_WEIGHT_STEP | 200
STAT-00084 | -0.7211 | 0.0207 | 23.2289 | CONVERGING_GLOBAL_MINIMA_TARGET | COMMIT_OPTIMIZED_MATRIX_WEIGHT_STEP | 200
STAT-00085 | -0.7348 | -0.0095 | 17.9806 | CONVERGING_GLOBAL_MINIMA_TARGET | COMMIT_OPTIMIZED_MATRIX_WEIGHT_STEP | 200
STAT-00086 | -0.7478 | -0.0333 | 13.5968 | CONVERGING_GLOBAL_MINIMA_TARGET | COMMIT_OPTIMIZED_MATRIX_WEIGHT_STEP | 200
STAT-00087 | -0.7580 | -0.0424 | 9.8187 | CONVERGING_GLOBAL_MINIMA_TARGET | COMMIT_OPTIMIZED_MATRIX_WEIGHT_STEP | 200
STAT-00088 | -0.7640 | -0.0350 | 73.2624 | CONVERGING_GLOBAL_MINIMA_TARGET | COMMIT_OPTIMIZED_MATRIX_WEIGHT_STEP | 200
STAT-00089 | -0.7651 | -0.0154 | 16.8750 | CONVERGING_GLOBAL_MINIMA_TARGET | COMMIT_OPTIMIZED_MATRIX_WEIGHT_STEP | 200
STAT-00090 | -0.7617 | 0.0079 | 19.5019 | CONVERGING_GLOBAL_MINIMA_TARGET | COMMIT_OPTIMIZED_MATRIX_WEIGHT_STEP | 200
STAT-00091 | -0.7549 | 0.0260 | 16.6691 | CONVERGING_GLOBAL_MINIMA_TARGET | COMMIT_OPTIMIZED_MATRIX_WEIGHT_STEP | 200
STAT-00092 | -0.7460 | 0.0327 | 67.9210 | CONVERGING_GLOBAL_MINIMA_TARGET | COMMIT_OPTIMIZED_MATRIX_WEIGHT_STEP | 200
STAT-00093 | -0.7369 | 0.0267 | 11.1674 | CONVERGING_GLOBAL_MINIMA_TARGET | COMMIT_OPTIMIZED_MATRIX_WEIGHT_STEP | 200
STAT-00094 | -0.7290 | 0.0115 | 34.8233 | CONVERGING_GLOBAL_MINIMA_TARGET | COMMIT_OPTIMIZED_MATRIX_WEIGHT_STEP | 200
STAT-00095 | -0.7235 | -0.0064 | 36.4504 | CONVERGING_GLOBAL_MINIMA_TARGET | COMMIT_OPTIMIZED_MATRIX_WEIGHT_STEP | 200
STAT-00096 | -0.7213 | -0.0202 | 10.1440 | CONVERGING_GLOBAL_MINIMA_TARGET | COMMIT_OPTIMIZED_MATRIX_WEIGHT_STEP | 200
STAT-00097 | -0.7221 | -0.0251 | 69.5982 | LOCAL_MINIMA_BOTTLENECK_HAZARD | TRIGGER_DYNAMIC_VELOCITY_BURST_KICK | 422
STAT-00098 | -0.7258 | -0.0204 | 49.2312 | LOCAL_MINIMA_BOTTLENECK_HAZARD | TRIGGER_DYNAMIC_VELOCITY_BURST_KICK | 422
STAT-00099 | -0.7312 | -0.0087 | 96.6886 | CONVERGING_GLOBAL_MINIMA_TARGET | COMMIT_OPTIMIZED_MATRIX_WEIGHT_STEP | 200
STAT-00100 | -0.7374 | 0.0050 | 18.0129 | CONVERGING_GLOBAL_MINIMA_TARGET | COMMIT_OPTIMIZED_MATRIX_WEIGHT_STEP | 200
STAT-00101 | -0.7433 | 0.0156 | 71.6441 | CONVERGING_GLOBAL_MINIMA_TARGET | COMMIT_OPTIMIZED_MATRIX_WEIGHT_STEP | 200
STAT-00102 | -0.7479 | 0.0193 | 19.9295 | LOCAL_MINIMA_BOTTLENECK_HAZARD | TRIGGER_DYNAMIC_VELOCITY_BURST_KICK | 422
STAT-00103 | -0.7505 | 0.0156 | 55.8759 | LOCAL_MINIMA_BOTTLENECK_HAZARD | TRIGGER_DYNAMIC_VELOCITY_BURST_KICK | 422
STAT-00104 | -0.7509 | 0.0065 | 2.2956 | CONVERGING_GLOBAL_MINIMA_TARGET | COMMIT_OPTIMIZED_MATRIX_WEIGHT_STEP | 200
STAT-00105 | -0.7493 | -0.0041 | 35.8437 | CONVERGING_GLOBAL_MINIMA_TARGET | COMMIT_OPTIMIZED_MATRIX_WEIGHT_STEP | 200
STAT-00106 | -0.7462 | -0.0121 | 7.0574 | CONVERGING_GLOBAL_MINIMA_TARGET | COMMIT_OPTIMIZED_MATRIX_WEIGHT_STEP | 200
STAT-00107 | -0.7421 | -0.0149 | 18.2192 | LOCAL_MINIMA_BOTTLENECK_HAZARD | TRIGGER_DYNAMIC_VELOCITY_BURST_KICK | 422
STAT-00108 | -0.7380 | -0.0119 | 79.5295 | LOCAL_MINIMA_BOTTLENECK_HAZARD | TRIGGER_DYNAMIC_VELOCITY_BURST_KICK | 422
STAT-00109 | -0.7344 | -0.0048 | 9.6319 | CONVERGING_GLOBAL_MINIMA_TARGET | COMMIT_OPTIMIZED_MATRIX_WEIGHT_STEP | 200
STAT-00110 | -0.7320 | 0.0033 | 23.3349 | CONVERGING_GLOBAL_MINIMA_TARGET | COMMIT_OPTIMIZED_MATRIX_WEIGHT_STEP | 200
STAT-00111 | -0.7310 | 0.0094 | 10.9185 | CONVERGING_GLOBAL_MINIMA_TARGET | COMMIT_OPTIMIZED_MATRIX_WEIGHT_STEP | 200
STAT-00112 | -0.7314 | 0.0114 | 31.7604 | LOCAL_MINIMA_BOTTLENECK_HAZARD | TRIGGER_DYNAMIC_VELOCITY_BURST_KICK | 422
STAT-00113 | -0.7331 | 0.0091 | 34.5806 | LOCAL_MINIMA_BOTTLENECK_HAZARD | TRIGGER_DYNAMIC_VELOCITY_BURST_KICK | 422
STAT-00114 | -0.7356 | 0.0036 | 60.5779 | CONVERGING_GLOBAL_MINIMA_TARGET | COMMIT_OPTIMIZED_MATRIX_WEIGHT_STEP | 200
STAT-00115 | -0.7384 | -0.0026 | 26.6960 | CONVERGING_GLOBAL_MINIMA_TARGET | COMMIT_OPTIMIZED_MATRIX_WEIGHT_STEP | 200
STAT-00116 | -0.7411 | -0.0073 | 57.9538 | LOCAL_MINIMA_BOTTLENECK_HAZARD | TRIGGER_DYNAMIC_VELOCITY_BURST_KICK | 422
STAT-00117 | -0.7431 | -0.0088 | 26.6857 | LOCAL_MINIMA_BOTTLENECK_HAZARD | TRIGGER_DYNAMIC_VELOCITY_BURST_KICK | 422
STAT-00118 | -0.7443 | -0.0069 | 81.7948 | LOCAL_MINIMA_BOTTLENECK_HAZARD | TRIGGER_DYNAMIC_VELOCITY_BURST_KICK | 422
STAT-00119 | -0.7445 | -0.0027 | 35.0379 | LOCAL_MINIMA_BOTTLENECK_HAZARD | TRIGGER_DYNAMIC_VELOCITY_BURST_KICK | 422
STAT-00120 | -0.7437 | 0.0021 | 25.9639 | LOCAL_MINIMA_BOTTLENECK_HAZARD | TRIGGER_DYNAMIC_VELOCITY_BURST_KICK | 422
STAT-00121 | -0.7423 | 0.0056 | 26.1888 | LOCAL_MINIMA_BOTTLENECK_HAZARD | TRIGGER_DYNAMIC_VELOCITY_BURST_KICK | 422
STAT-00122 | -0.7404 | 0.0068 | 36.8738 | LOCAL_MINIMA_BOTTLENECK_HAZARD | TRIGGER_DYNAMIC_VELOCITY_BURST_KICK | 422
STAT-00123 | -0.7385 | 0.0053 | 62.7609 | LOCAL_MINIMA_BOTTLENECK_HAZARD | TRIGGER_DYNAMIC_VELOCITY_BURST_KICK | 422
STAT-00124 | -0.7369 | 0.0020 | 18.9450 | LOCAL_MINIMA_BOTTLENECK_HAZARD | TRIGGER_DYNAMIC_VELOCITY_BURST_KICK | 422
STAT-00125 | -0.7358 | -0.0017 | 25.4489 | LOCAL_MINIMA_BOTTLENECK_HAZARD | TRIGGER_DYNAMIC_VELOCITY_BURST_KICK | 422
STAT-00126 | -0.7354 | -0.0044 | 4.5819 | CONVERGING_GLOBAL_MINIMA_TARGET | COMMIT_OPTIMIZED_MATRIX_WEIGHT_STEP | 200
STAT-00127 | -0.7356 | -0.0052 | 19.9569 | LOCAL_MINIMA_BOTTLENECK_HAZARD | TRIGGER_DYNAMIC_VELOCITY_BURST_KICK | 422
STAT-00128 | -0.7364 | -0.0040 | 66.8229 | LOCAL_MINIMA_BOTTLENECK_HAZARD | TRIGGER_DYNAMIC_VELOCITY_BURST_KICK | 422
STAT-00129 | -0.7376 | -0.0015 | 85.6430 | LOCAL_MINIMA_BOTTLENECK_HAZARD | TRIGGER_DYNAMIC_VELOCITY_BURST_KICK | 422
STAT-00130 | -0.7388 | 0.0013 | 34.5640 | LOCAL_MINIMA_BOTTLENECK_HAZARD | TRIGGER_DYNAMIC_VELOCITY_BURST_KICK | 422
STAT-00131 | -0.7400 | 0.0034 | 30.5279 | LOCAL_MINIMA_BOTTLENECK_HAZARD | TRIGGER_DYNAMIC_VELOCITY_BURST_KICK | 422
STAT-00132 | -0.7410 | 0.0040 | 39.8499 | LOCAL_MINIMA_BOTTLENECK_HAZARD | TRIGGER_DYNAMIC_VELOCITY_BURST_KICK | 422
STAT-00133 | -0.7415 | 0.0031 | 70.9239 | LOCAL_MINIMA_BOTTLENECK_HAZARD | TRIGGER_DYNAMIC_VELOCITY_BURST_KICK | 422
STAT-00134 | -0.7415 | 0.0011 | 1.3780 | CONVERGING_GLOBAL_MINIMA_TARGET | COMMIT_OPTIMIZED_MATRIX_WEIGHT_STEP | 200
STAT-00135 | -0.7412 | -0.0010 | 49.3630 | LOCAL_MINIMA_BOTTLENECK_HAZARD | TRIGGER_DYNAMIC_VELOCITY_BURST_KICK | 422
STAT-00136 | -0.7405 | -0.0026 | 7.2309 | LOCAL_MINIMA_BOTTLENECK_HAZARD | TRIGGER_DYNAMIC_VELOCITY_BURST_KICK | 422
STAT-00137 | -0.7397 | -0.0031 | 18.3249 | LOCAL_MINIMA_BOTTLENECK_HAZARD | TRIGGER_DYNAMIC_VELOCITY_BURST_KICK | 422
STAT-00138 | -0.7388 | -0.0023 | 20.3470 | LOCAL_MINIMA_BOTTLENECK_HAZARD | TRIGGER_DYNAMIC_VELOCITY_BURST_KICK | 422
STAT-00139 | -0.7381 | -0.0008 | 2.4250 | CONVERGING_GLOBAL_MINIMA_TARGET | COMMIT_OPTIMIZED_MATRIX_WEIGHT_STEP | 200
STAT-00140 | -0.7376 | 0.0008 | 80.3810 | LOCAL_MINIMA_BOTTLENECK_HAZARD | TRIGGER_DYNAMIC_VELOCITY_BURST_KICK | 422
STAT-00141 | -0.7374 | 0.0020 | 25.9940 | LOCAL_MINIMA_BOTTLENECK_HAZARD | TRIGGER_DYNAMIC_VELOCITY_BURST_KICK | 422
STAT-00142 | -0.7375 | 0.0024 | 60.7850 | LOCAL_MINIMA_BOTTLENECK_HAZARD | TRIGGER_DYNAMIC_VELOCITY_BURST_KICK | 422
STAT-00143 | -0.7379 | 0.0018 | 2.6010 | CONVERGING_GLOBAL_MINIMA_TARGET | COMMIT_OPTIMIZED_MATRIX_WEIGHT_STEP | 200
STAT-00144 | -0.7384 | 0.0006 | 3.0060 | CONVERGING_GLOBAL_MINIMA_TARGET | COMMIT_OPTIMIZED_MATRIX_WEIGHT_STEP | 200
STAT-00145 | -0.7390 | -0.0007 | 21.9170 | LOCAL_MINIMA_BOTTLENECK_HAZARD | TRIGGER_DYNAMIC_VELOCITY_BURST_KICK | 422
STAT-00146 | -0.7395 | -0.0016 | 28.1600 | LOCAL_MINIMA_BOTTLENECK_HAZARD | TRIGGER_DYNAMIC_VELOCITY_BURST_KICK | 422
STAT-00147 | -0.7399 | -0.0018 | 47.3260 | LOCAL_MINIMA_BOTTLENECK_HAZARD | TRIGGER_DYNAMIC_VELOCITY_BURST_KICK | 422
STAT-00148 | -0.7402 | -0.0014 | 9.5940 | LOCAL_MINIMA_BOTTLENECK_HAZARD | TRIGGER_DYNAMIC_VELOCITY_BURST_KICK | 422
STAT-00149 | -0.7402 | -0.0005 | 44.3130 | LOCAL_MINIMA_BOTTLENECK_HAZARD | TRIGGER_DYNAMIC_VELOCITY_BURST_KICK | 422
STAT-00150 | -0.7400 | 0.0005 | 5.5760 | LOCAL_MINIMA_BOTTLENECK_HAZARD | TRIGGER_DYNAMIC_VELOCITY_BURST_KICK | 422
STAT-00151 | -0.7397 | 0.0012 | 21.7040 | LOCAL_MINIMA_BOTTLENECK_HAZARD | TRIGGER_DYNAMIC_VELOCITY_BURST_KICK | 422
STAT-00152 | -0.7393 | 0.0014 | 27.6440 | LOCAL_MINIMA_BOTTLENECK_HAZARD | TRIGGER_DYNAMIC_VELOCITY_BURST_KICK | 422
STAT-00153 | -0.7390 | 0.0010 | 26.0210 | LOCAL_MINIMA_BOTTLENECK_HAZARD | TRIGGER_DYNAMIC_VELOCITY_BURST_KICK | 422
STAT-00154 | -0.7386 | 0.0003 | 1.9900 | CONVERGING_GLOBAL_MINIMA_TARGET | COMMIT_OPTIMIZED_MATRIX_WEIGHT_STEP | 200
STAT-00155 | -0.7384 | -0.0004 | 23.3300 | LOCAL_MINIMA_BOTTLENECK_HAZARD | TRIGGER_DYNAMIC_VELOCITY_BURST_KICK | 422
STAT-00156 | -0.7383 | -0.0009 | 14.8660 | LOCAL_MINIMA_BOTTLENECK_HAZARD | TRIGGER_DYNAMIC_VELOCITY_BURST_KICK | 422
STAT-00157 | -0.7384 | -0.0011 | 60.3030 | LOCAL_MINIMA_BOTTLENECK_HAZARD | TRIGGER_DYNAMIC_VELOCITY_BURST_KICK | 422
STAT-00158 | -0.7385 | -0.0008 | 64.6440 | LOCAL_MINIMA_BOTTLENECK_HAZARD | TRIGGER_DYNAMIC_VELOCITY_BURST_KICK | 422
STAT-00159 | -0.7388 | -0.0003 | 39.8960 | LOCAL_MINIMA_BOTTLENECK_HAZARD | TRIGGER_DYNAMIC_VELOCITY_BURST_KICK | 422
STAT-00160 | -0.7391 | 0.0003 | 17.5980 | LOCAL_MINIMA_BOTTLENECK_HAZARD | TRIGGER_DYNAMIC_VELOCITY_BURST_KICK | 422
STAT-00161 | -0.7393 | 0.0007 | 1.5660 | CONVERGING_GLOBAL_MINIMA_TARGET | COMMIT_OPTIMIZED_MATRIX_WEIGHT_STEP | 200
STAT-00162 | -0.7395 | 0.0008 | 71.1920 | LOCAL_MINIMA_BOTTLENECK_HAZARD | TRIGGER_DYNAMIC_VELOCITY_BURST_KICK | 422
STAT-00163 | -0.7396 | 0.0006 | 13.1360 | LOCAL_MINIMA_BOTTLENECK_HAZARD | TRIGGER_DYNAMIC_VELOCITY_BURST_KICK | 422
STAT-00164 | -0.7396 | 0.0002 | 1.6260 | CONVERGING_GLOBAL_MINIMA_TARGET | COMMIT_OPTIMIZED_MATRIX_WEIGHT_STEP | 200
STAT-00165 | -0.7395 | -0.0003 | 75.3950 | LOCAL_MINIMA_BOTTLENECK_HAZARD | TRIGGER_DYNAMIC_VELOCITY_BURST_KICK | 422
STAT-00166 | -0.7394 | -0.0006 | 11.0890 | LOCAL_MINIMA_BOTTLENECK_HAZARD | TRIGGER_DYNAMIC_VELOCITY_BURST_KICK | 422
STAT-00167 | -0.7392 | -0.0006 | 59.9090 | LOCAL_MINIMA_BOTTLENECK_HAZARD | TRIGGER_DYNAMIC_VELOCITY_BURST_KICK | 422
STAT-00168 | -0.7390 | -0.0005 | 57.6540 | LOCAL_MINIMA_BOTTLENECK_HAZARD | TRIGGER_DYNAMIC_VELOCITY_BURST_KICK | 422
STAT-00169 | -0.7389 | -0.0001 | 40.9270 | LOCAL_MINIMA_BOTTLENECK_HAZARD | TRIGGER_DYNAMIC_VELOCITY_BURST_KICK | 422
STAT-00170 | -0.7388 | 0.0002 | 4.5430 | CONVERGING_GLOBAL_MINIMA_TARGET | COMMIT_OPTIMIZED_MATRIX_WEIGHT_STEP | 200
STAT-00171 | -0.7387 | 0.0004 | 10.7010 | LOCAL_MINIMA_BOTTLENECK_HAZARD | TRIGGER_DYNAMIC_VELOCITY_BURST_KICK | 422
STAT-00172 | -0.7388 | 0.0005 | 39.7680 | LOCAL_MINIMA_BOTTLENECK_HAZARD | TRIGGER_DYNAMIC_VELOCITY_BURST_KICK | 422
STAT-00173 | -0.7388 | 0.0003 | 35.6890 | LOCAL_MINIMA_BOTTLENECK_HAZARD | TRIGGER_DYNAMIC_VELOCITY_BURST_KICK | 422
STAT-00174 | -0.7390 | 0.0001 | 44.0970 | LOCAL_MINIMA_BOTTLENECK_HAZARD | TRIGGER_DYNAMIC_VELOCITY_BURST_KICK | 422
STAT-00175 | -0.7391 | -0.0002 | 57.1990 | LOCAL_MINIMA_BOTTLENECK_HAZARD | TRIGGER_DYNAMIC_VELOCITY_BURST_KICK | 422
STAT-00176 | -0.7392 | -0.0003 | 40.2440 | LOCAL_MINIMA_BOTTLENECK_HAZARD | TRIGGER_DYNAMIC_VELOCITY_BURST_KICK | 422
STAT-00177 | -0.7393 | -0.0004 | 12.5360 | LOCAL_MINIMA_BOTTLENECK_HAZARD | TRIGGER_DYNAMIC_VELOCITY_BURST_KICK | 422
STAT-00178 | -0.7393 | -0.0003 | 46.7920 | LOCAL_MINIMA_BOTTLENECK_HAZARD | TRIGGER_DYNAMIC_VELOCITY_BURST_KICK | 422
STAT-00179 | -0.7393 | -0.0001 | 51.1000 | LOCAL_MINIMA_BOTTLENECK_HAZARD | TRIGGER_DYNAMIC_VELOCITY_BURST_KICK | 422
STAT-00180 | -0.7393 | 0.0001 | 24.6280 | LOCAL_MINIMA_BOTTLENECK_HAZARD | TRIGGER_DYNAMIC_VELOCITY_BURST_KICK | 422
STAT-00181 | -0.7392 | 0.0003 | 50.7270 | LOCAL_MINIMA_BOTTLENECK_HAZARD | TRIGGER_DYNAMIC_VELOCITY_BURST_KICK | 422
STAT-00182 | -0.7391 | 0.0003 | 28.4750 | LOCAL_MINIMA_BOTTLENECK_HAZARD | TRIGGER_DYNAMIC_VELOCITY_BURST_KICK | 422
STAT-00183 | -0.7391 | 0.0002 | 29.6350 | LOCAL_MINIMA_BOTTLENECK_HAZARD | TRIGGER_DYNAMIC_VELOCITY_BURST_KICK | 422
STAT-00184 | -0.7390 | 0.0001 | 34.8480 | LOCAL_MINIMA_BOTTLENECK_HAZARD | TRIGGER_DYNAMIC_VELOCITY_BURST_KICK | 422
STAT-00185 | -0.7389 | -0.0001 | 5.9540 | LOCAL_MINIMA_BOTTLENECK_HAZARD | TRIGGER_DYNAMIC_VELOCITY_BURST_KICK | 422
STAT-00186 | -0.7389 | -0.0002 | 5.4260 | LOCAL_MINIMA_BOTTLENECK_HAZARD | TRIGGER_DYNAMIC_VELOCITY_BURST_KICK | 422
STAT-00187 | -0.7389 | -0.0002 | 17.6760 | LOCAL_MINIMA_BOTTLENECK_HAZARD | TRIGGER_DYNAMIC_VELOCITY_BURST_KICK | 422
STAT-00188 | -0.7390 | -0.0002 | 8.2790 | LOCAL_MINIMA_BOTTLENECK_HAZARD | TRIGGER_DYNAMIC_VELOCITY_BURST_KICK | 422
STAT-00189 | -0.7390 | -0.0000 | 33.5270 | LOCAL_MINIMA_BOTTLENECK_HAZARD | TRIGGER_DYNAMIC_VELOCITY_BURST_KICK | 422
STAT-00190 | -0.7391 | 0.0001 | 33.7550 | LOCAL_MINIMA_BOTTLENECK_HAZARD | TRIGGER_DYNAMIC_VELOCITY_BURST_KICK | 422
STAT-00191 | -0.7391 | 0.0002 | 28.1830 | LOCAL_MINIMA_BOTTLENECK_HAZARD | TRIGGER_DYNAMIC_VELOCITY_BURST_KICK | 422
STAT-00192 | -0.7392 | 0.0002 | 69.4550 | LOCAL_MINIMA_BOTTLENECK_HAZARD | TRIGGER_DYNAMIC_VELOCITY_BURST_KICK | 422
STAT-00193 | -0.7392 | 0.0001 | 78.8490 | LOCAL_MINIMA_BOTTLENECK_HAZARD | TRIGGER_DYNAMIC_VELOCITY_BURST_KICK | 422
STAT-00194 | -0.7392 | 0.0000 | 11.0140 | LOCAL_MINIMA_BOTTLENECK_HAZARD | TRIGGER_DYNAMIC_VELOCITY_BURST_KICK | 422
STAT-00195 | -0.7392 | -0.0001 | 9.2960 | LOCAL_MINIMA_BOTTLENECK_HAZARD | TRIGGER_DYNAMIC_VELOCITY_BURST_KICK | 422
STAT-00196 | -0.7391 | -0.0001 | 1.2110 | CONVERGING_GLOBAL_MINIMA_TARGET | COMMIT_OPTIMIZED_MATRIX_WEIGHT_STEP | 200
STAT-00197 | -0.7391 | -0.0001 | 63.1800 | LOCAL_MINIMA_BOTTLENECK_HAZARD | TRIGGER_DYNAMIC_VELOCITY_BURST_KICK | 422
STAT-00198 | -0.7391 | -0.0001 | 60.1830 | LOCAL_MINIMA_BOTTLENECK_HAZARD | TRIGGER_DYNAMIC_VELOCITY_BURST_KICK | 422
STAT-00199 | -0.7390 | -0.0000 | 64.6150 | LOCAL_MINIMA_BOTTLENECK_HAZARD | TRIGGER_DYNAMIC_VELOCITY_BURST_KICK | 422
STAT-00200 | -0.7390 | 0.0000 | 11.3120 | LOCAL_MINIMA_BOTTLENECK_HAZARD | TRIGGER_DYNAMIC_VELOCITY_BURST_KICK | 422
STAT-00201 | -0.7390 | 0.0001 | 6.1420 | LOCAL_MINIMA_BOTTLENECK_HAZARD | TRIGGER_DYNAMIC_VELOCITY_BURST_KICK | 422
STAT-00202 | -0.7390 | 0.0001 | 20.3590 | LOCAL_MINIMA_BOTTLENECK_HAZARD | TRIGGER_DYNAMIC_VELOCITY_BURST_KICK | 422
STAT-00203 | -0.7390 | 0.0001 | 39.6590 | LOCAL_MINIMA_BOTTLENECK_HAZARD | TRIGGER_DYNAMIC_VELOCITY_BURST_KICK | 422
STAT-00204 | -0.7391 | 0.0000 | 56.9300 | LOCAL_MINIMA_BOTTLENECK_HAZARD | TRIGGER_DYNAMIC_VELOCITY_BURST_KICK | 422
STAT-00205 | -0.7391 | -0.0000 | 10.9830 | LOCAL_MINIMA_BOTTLENECK_HAZARD | TRIGGER_DYNAMIC_VELOCITY_BURST_KICK | 422
STAT-00206 | -0.7391 | -0.0001 | 57.8530 | LOCAL_MINIMA_BOTTLENECK_HAZARD | TRIGGER_DYNAMIC_VELOCITY_BURST_KICK | 422
STAT-00207 | -0.7391 | -0.0001 | 54.4400 | LOCAL_MINIMA_BOTTLENECK_HAZARD | TRIGGER_DYNAMIC_VELOCITY_BURST_KICK | 422
STAT-00208 | -0.7391 | -0.0001 | 19.6990 | LOCAL_MINIMA_BOTTLENECK_HAZARD | TRIGGER_DYNAMIC_VELOCITY_BURST_KICK | 422
STAT-00209 | -0.7391 | -0.0000 | 28.2950 | LOCAL_MINIMA_BOTTLENECK_HAZARD | TRIGGER_DYNAMIC_VELOCITY_BURST_KICK | 422
STAT-00210 | -0.7391 | 0.0000 | 16.0920 | LOCAL_MINIMA_BOTTLENECK_HAZARD | TRIGGER_DYNAMIC_VELOCITY_BURST_KICK | 422
STAT-00211 | -0.7391 | 0.0001 | 34.7790 | LOCAL_MINIMA_BOTTLENECK_HAZARD | TRIGGER_DYNAMIC_VELOCITY_BURST_KICK | 422
STAT-00212 | -0.7391 | 0.0001 | 12.8550 | LOCAL_MINIMA_BOTTLENECK_HAZARD | TRIGGER_DYNAMIC_VELOCITY_BURST_KICK | 422
STAT-00213 | -0.7391 | 0.0000 | 32.8550 | LOCAL_MINIMA_BOTTLENECK_HAZARD | TRIGGER_DYNAMIC_VELOCITY_BURST_KICK | 422
STAT-00214 | -0.7391 | 0.0000 | 20.4790 | LOCAL_MINIMA_BOTTLENECK_HAZARD | TRIGGER_DYNAMIC_VELOCITY_BURST_KICK | 422
STAT-00215 | -0.7391 | -0.0000 | 25.3250 | LOCAL_MINIMA_BOTTLENECK_HAZARD | TRIGGER_DYNAMIC_VELOCITY_BURST_KICK | 422
STAT-00216 | -0.7391 | -0.0000 | 51.6810 | LOCAL_MINIMA_BOTTLENECK_HAZARD | TRIGGER_DYNAMIC_VELOCITY_BURST_KICK | 422
STAT-00217 | -0.7391 | -0.0000 | 39.1950 | LOCAL_MINIMA_BOTTLENECK_HAZARD | TRIGGER_DYNAMIC_VELOCITY_BURST_KICK | 422
STAT-00218 | -0.7391 | -0.0000 | 81.8290 | LOCAL_MINIMA_BOTTLENECK_HAZARD | TRIGGER_DYNAMIC_VELOCITY_BURST_KICK | 422
STAT-00219 | -0.7391 | -0.0000 | 16.3610 | LOCAL_MINIMA_BOTTLENECK_HAZARD | TRIGGER_DYNAMIC_VELOCITY_BURST_KICK | 422
STAT-00220 | -0.7391 | 0.0000 | 30.2960 | LOCAL_MINIMA_BOTTLENECK_HAZARD | TRIGGER_DYNAMIC_VELOCITY_BURST_KICK | 422
STAT-00221 | -0.7391 | 0.0000 | 5.7250 | LOCAL_MINIMA_BOTTLENECK_HAZARD | TRIGGER_DYNAMIC_VELOCITY_BURST_KICK | 422
STAT-00222 | -0.7391 | 0.0000 | 34.9300 | LOCAL_MINIMA_BOTTLENECK_HAZARD | TRIGGER_DYNAMIC_VELOCITY_BURST_KICK | 422
STAT-00223 | -0.7391 | 0.0000 | 68.6730 | LOCAL_MINIMA_BOTTLENECK_HAZARD | TRIGGER_DYNAMIC_VELOCITY_BURST_KICK | 422
STAT-00224 | -0.7391 | 0.0000 | 71.0410 | LOCAL_MINIMA_BOTTLENECK_HAZARD | TRIGGER_DYNAMIC_VELOCITY_BURST_KICK | 422
STAT-00225 | -0.7391 | -0.0000 | 41.1310 | LOCAL_MINIMA_BOTTLENECK_HAZARD | TRIGGER_DYNAMIC_VELOCITY_BURST_KICK | 422
STAT-00226 | -0.7391 | -0.0000 | 54.5070 | LOCAL_MINIMA_BOTTLENECK_HAZARD | TRIGGER_DYNAMIC_VELOCITY_BURST_KICK | 422
STAT-00227 | -0.7391 | -0.0000 | 44.8880 | LOCAL_MINIMA_BOTTLENECK_HAZARD | TRIGGER_DYNAMIC_VELOCITY_BURST_KICK | 422
STAT-00228 | -0.7391 | -0.0000 | 8.3680 | LOCAL_MINIMA_BOTTLENECK_HAZARD | TRIGGER_DYNAMIC_VELOCITY_BURST_KICK | 422
STAT-00229 | -0.7391 | -0.0000 | 63.7110 | LOCAL_MINIMA_BOTTLENECK_HAZARD | TRIGGER_DYNAMIC_VELOCITY_BURST_KICK | 422
STAT-00230 | -0.7391 | 0.0000 | 23.3250 | LOCAL_MINIMA_BOTTLENECK_HAZARD | TRIGGER_DYNAMIC_VELOCITY_BURST_KICK | 422
STAT-00231 | -0.7391 | 0.0000 | 9.9190 | LOCAL_MINIMA_BOTTLENECK_HAZARD | TRIGGER_DYNAMIC_VELOCITY_BURST_KICK | 422
STAT-00232 | -0.7391 | 0.0000 | 4.4640 | CONVERGING_GLOBAL_MINIMA_TARGET | COMMIT_OPTIMIZED_MATRIX_WEIGHT_STEP | 200
STAT-00233 | -0.7391 | 0.0000 | 19.3660 | LOCAL_MINIMA_BOTTLENECK_HAZARD | TRIGGER_DYNAMIC_VELOCITY_BURST_KICK | 422
STAT-00234 | -0.7391 | 0.0000 | 59.4120 | LOCAL_MINIMA_BOTTLENECK_HAZARD | TRIGGER_DYNAMIC_VELOCITY_BURST_KICK | 422
STAT-00235 | -0.7391 | -0.0000 | 13.0940 | LOCAL_MINIMA_BOTTLENECK_HAZARD | TRIGGER_DYNAMIC_VELOCITY_BURST_KICK | 422
STAT-00236 | -0.7391 | -0.0000 | 26.0980 | LOCAL_MINIMA_BOTTLENECK_HAZARD | TRIGGER_DYNAMIC_VELOCITY_BURST_KICK | 422
STAT-00237 | -0.7391 | -0.0000 | 30.5890 | LOCAL_MINIMA_BOTTLENECK_HAZARD | TRIGGER_DYNAMIC_VELOCITY_BURST_KICK | 422
STAT-00238 | -0.7391 | -0.0000 | 87.3700 | LOCAL_MINIMA_BOTTLENECK_HAZARD | TRIGGER_DYNAMIC_VELOCITY_BURST_KICK | 422
STAT-00239 | -0.7391 | -0.0000 | 8.5270 | LOCAL_MINIMA_BOTTLENECK_HAZARD | TRIGGER_DYNAMIC_VELOCITY_BURST_KICK | 422
STAT-00240 | -0.7391 | 0.0000 | 12.3040 | LOCAL_MINIMA_BOTTLENECK_HAZARD | TRIGGER_DYNAMIC_VELOCITY_BURST_KICK | 422
STAT-00241 | -0.7391 | 0.0000 | 20.5560 | LOCAL_MINIMA_BOTTLENECK_HAZARD | TRIGGER_DYNAMIC_VELOCITY_BURST_KICK | 422
STAT-00242 | -0.7391 | 0.0000 | 20.3840 | LOCAL_MINIMA_BOTTLENECK_HAZARD | TRIGGER_DYNAMIC_VELOCITY_BURST_KICK | 422
STAT-00243 | -0.7391 | 0.0000 | 16.2270 | LOCAL_MINIMA_BOTTLENECK_HAZARD | TRIGGER_DYNAMIC_VELOCITY_BURST_KICK | 422
STAT-00244 | -0.7391 | 0.0000 | 14.1140 | LOCAL_MINIMA_BOTTLENECK_HAZARD | TRIGGER_DYNAMIC_VELOCITY_BURST_KICK | 422
STAT-00245 | -0.7391 | -0.0000 | 36.3640 | LOCAL_MINIMA_BOTTLENECK_HAZARD | TRIGGER_DYNAMIC_VELOCITY_BURST_KICK | 422
STAT-00246 | -0.7391 | -0.0000 | 53.3400 | LOCAL_MINIMA_BOTTLENECK_HAZARD | TRIGGER_DYNAMIC_VELOCITY_BURST_KICK | 422
STAT-00247 | -0.7391 | -0.0000 | 0.1960 | CONVERGING_GLOBAL_MINIMA_TARGET | COMMIT_OPTIMIZED_MATRIX_WEIGHT_STEP | 200
STAT-00248 | -0.7391 | -0.0000 | 22.5210 | LOCAL_MINIMA_BOTTLENECK_HAZARD | TRIGGER_DYNAMIC_VELOCITY_BURST_KICK | 422
STAT-00249 | -0.7391 | -0.0000 | 64.5690 | LOCAL_MINIMA_BOTTLENECK_HAZARD | TRIGGER_DYNAMIC_VELOCITY_BURST_KICK | 422
STAT-00250 | -0.7391 | 0.0000 | 18.6950 | LOCAL_MINIMA_BOTTLENECK_HAZARD | TRIGGER_DYNAMIC_VELOCITY_BURST_KICK | 422
STAT-00251 | -0.7391 | 0.0000 | 3.8100 | CONVERGING_GLOBAL_MINIMA_TARGET | COMMIT_OPTIMIZED_MATRIX_WEIGHT_STEP | 200
STAT-00252 | -0.7391 | 0.0000 | 47.8140 | LOCAL_MINIMA_BOTTLENECK_HAZARD | TRIGGER_DYNAMIC_VELOCITY_BURST_KICK | 422
STAT-00253 | -0.7391 | 0.0000 | 16.4050 | LOCAL_MINIMA_BOTTLENECK_HAZARD | TRIGGER_DYNAMIC_VELOCITY_BURST_KICK | 422
STAT-00254 | -0.7391 | 0.0000 | 50.4260 | LOCAL_MINIMA_BOTTLENECK_HAZARD | TRIGGER_DYNAMIC_VELOCITY_BURST_KICK | 422
STAT-00255 | -0.7391 | -0.0000 | 19.5460 | LOCAL_MINIMA_BOTTLENECK_HAZARD | TRIGGER_DYNAMIC_VELOCITY_BURST_KICK | 422
STAT-00256 | -0.7391 | -0.0000 | 38.4490 | LOCAL_MINIMA_BOTTLENECK_HAZARD | TRIGGER_DYNAMIC_VELOCITY_BURST_KICK | 422
STAT-00257 | -0.7391 | -0.0000 | 31.6320 | LOCAL_MINIMA_BOTTLENECK_HAZARD | TRIGGER_DYNAMIC_VELOCITY_BURST_KICK | 422
STAT-00258 | -0.7391 | -0.0000 | 29.9140 | LOCAL_MINIMA_BOTTLENECK_HAZARD | TRIGGER_DYNAMIC_VELOCITY_BURST_KICK | 422
STAT-00259 | -0.7391 | -0.0000 | 4.3570 | CONVERGING_GLOBAL_MINIMA_TARGET | COMMIT_OPTIMIZED_MATRIX_WEIGHT_STEP | 200
STAT-00260 | -0.7391 | 0.0000 | 63.2740 | LOCAL_MINIMA_BOTTLENECK_HAZARD | TRIGGER_DYNAMIC_VELOCITY_BURST_KICK | 422
STAT-00261 | -0.7391 | 0.0000 | 26.5000 | LOCAL_MINIMA_BOTTLENECK_HAZARD | TRIGGER_DYNAMIC_VELOCITY_BURST_KICK | 422
STAT-00262 | -0.7391 | 0.0000 | 23.1590 | LOCAL_MINIMA_BOTTLENECK_HAZARD | TRIGGER_DYNAMIC_VELOCITY_BURST_KICK | 422
STAT-00263 | -0.7391 | 0.0000 | 15.9920 | LOCAL_MINIMA_BOTTLENECK_HAZARD | TRIGGER_DYNAMIC_VELOCITY_BURST_KICK | 422
STAT-00264 | -0.7391 | 0.0000 | 70.5100 | LOCAL_MINIMA_BOTTLENECK_HAZARD | TRIGGER_DYNAMIC_VELOCITY_BURST_KICK | 422
STAT-00265 | -0.7391 | -0.0000 | 42.2650 | LOCAL_MINIMA_BOTTLENECK_HAZARD | TRIGGER_DYNAMIC_VELOCITY_BURST_KICK | 422
STAT-00266 | -0.7391 | -0.0000 | 63.3460 | LOCAL_MINIMA_BOTTLENECK_HAZARD | TRIGGER_DYNAMIC_VELOCITY_BURST_KICK | 422
STAT-00267 | -0.7391 | -0.0000 | 7.0670 | LOCAL_MINIMA_BOTTLENECK_HAZARD | TRIGGER_DYNAMIC_VELOCITY_BURST_KICK | 422
STAT-00268 | -0.7391 | -0.0000 | 7.0580 | LOCAL_MINIMA_BOTTLENECK_HAZARD | TRIGGER_DYNAMIC_VELOCITY_BURST_KICK | 422
STAT-00269 | -0.7391 | -0.0000 | 6.9540 | LOCAL_MINIMA_BOTTLENECK_HAZARD | TRIGGER_DYNAMIC_VELOCITY_BURST_KICK | 422
STAT-00270 | -0.7391 | 0.0000 | 16.0560 | LOCAL_MINIMA_BOTTLENECK_HAZARD | TRIGGER_DYNAMIC_VELOCITY_BURST_KICK | 422
STAT-00271 | -0.7391 | 0.0000 | 27.6610 | LOCAL_MINIMA_BOTTLENECK_HAZARD | TRIGGER_DYNAMIC_VELOCITY_BURST_KICK | 422
STAT-00272 | -0.7391 | 0.0000 | 82.3040 | LOCAL_MINIMA_BOTTLENECK_HAZARD | TRIGGER_DYNAMIC_VELOCITY_BURST_KICK | 422
STAT-00273 | -0.7391 | 0.0000 | 30.2420 | LOCAL_MINIMA_BOTTLENECK_HAZARD | TRIGGER_DYNAMIC_VELOCITY_BURST_KICK | 422
STAT-00274 | -0.7391 | 0.0000 | 16.0540 | LOCAL_MINIMA_BOTTLENECK_HAZARD | TRIGGER_DYNAMIC_VELOCITY_BURST_KICK | 422
STAT-00275 | -0.7391 | -0.0000 | 35.0100 | LOCAL_MINIMA_BOTTLENECK_HAZARD | TRIGGER_DYNAMIC_VELOCITY_BURST_KICK | 422
STAT-00276 | -0.7391 | -0.0000 | 32.0020 | LOCAL_MINIMA_BOTTLENECK_HAZARD | TRIGGER_DYNAMIC_VELOCITY_BURST_KICK | 422
STAT-00277 | -0.7391 | -0.0000 | 44.3910 | LOCAL_MINIMA_BOTTLENECK_HAZARD | TRIGGER_DYNAMIC_VELOCITY_BURST_KICK | 422
STAT-00278 | -0.7391 | -0.0000 | 5.0190 | LOCAL_MINIMA_BOTTLENECK_HAZARD | TRIGGER_DYNAMIC_VELOCITY_BURST_KICK | 422
STAT-00279 | -0.7391 | -0.0000 | 13.8160 | LOCAL_MINIMA_BOTTLENECK_HAZARD | TRIGGER_DYNAMIC_VELOCITY_BURST_KICK | 422
STAT-00280 | -0.7391 | 0.0000 | 35.0630 | LOCAL_MINIMA_BOTTLENECK_HAZARD | TRIGGER_DYNAMIC_VELOCITY_BURST_KICK | 422
STAT-00281 | -0.7391 | 0.0000 | 15.5120 | LOCAL_MINIMA_BOTTLENECK_HAZARD | TRIGGER_DYNAMIC_VELOCITY_BURST_KICK | 422
STAT-00282 | -0.7391 | 0.0000 | 35.3660 | LOCAL_MINIMA_BOTTLENECK_HAZARD | TRIGGER_DYNAMIC_VELOCITY_BURST_KICK | 422
STAT-00283 | -0.7391 | 0.0000 | 41.9280 | LOCAL_MINIMA_BOTTLENECK_HAZARD | TRIGGER_DYNAMIC_VELOCITY_BURST_KICK | 422
STAT-00284 | -0.7391 | -0.0000 | 59.7040 | LOCAL_MINIMA_BOTTLENECK_HAZARD | TRIGGER_DYNAMIC_VELOCITY_BURST_KICK | 422
STAT-00285 | -0.7391 | -0.0000 | 2.0330 | CONVERGING_GLOBAL_MINIMA_TARGET | COMMIT_OPTIMIZED_MATRIX_WEIGHT_STEP | 200
STAT-00286 | -0.7391 | -0.0000 | 76.4640 | LOCAL_MINIMA_BOTTLENECK_HAZARD | TRIGGER_DYNAMIC_VELOCITY_BURST_KICK | 422
STAT-00287 | -0.7391 | -0.0000 | 4.4790 | CONVERGING_GLOBAL_MINIMA_TARGET | COMMIT_OPTIMIZED_MATRIX_WEIGHT_STEP | 200
STAT-00288 | -0.7391 | -0.0000 | 28.0000 | LOCAL_MINIMA_BOTTLENECK_HAZARD | TRIGGER_DYNAMIC_VELOCITY_BURST_KICK | 422
STAT-00289 | -0.7391 | 0.0000 | 54.8370 | LOCAL_MINIMA_BOTTLENECK_HAZARD | TRIGGER_DYNAMIC_VELOCITY_BURST_KICK | 422
STAT-00290 | -0.7391 | 0.0000 | 26.0850 | LOCAL_MINIMA_BOTTLENECK_HAZARD | TRIGGER_DYNAMIC_VELOCITY_BURST_KICK | 422
STAT-00291 | -0.7391 | 0.0000 | 78.2590 | LOCAL_MINIMA_BOTTLENECK_HAZARD | TRIGGER_DYNAMIC_VELOCITY_BURST_KICK | 422
STAT-00292 | -0.7391 | 0.0000 | 62.5160 | LOCAL_MINIMA_BOTTLENECK_HAZARD | TRIGGER_DYNAMIC_VELOCITY_BURST_KICK | 422
STAT-00293 | -0.7391 | 0.0000 | 15.9400 | LOCAL_MINIMA_BOTTLENECK_HAZARD | TRIGGER_DYNAMIC_VELOCITY_BURST_KICK | 422
STAT-00294 | -0.7391 | -0.0000 | 0.8610 | CONVERGING_GLOBAL_MINIMA_TARGET | COMMIT_OPTIMIZED_MATRIX_WEIGHT_STEP | 200
STAT-00295 | -0.7391 | -0.0000 | 79.8840 | LOCAL_MINIMA_BOTTLENECK_HAZARD | TRIGGER_DYNAMIC_VELOCITY_BURST_KICK | 422
STAT-00296 | -0.7391 | -0.0000 | 56.8270 | LOCAL_MINIMA_BOTTLENECK_HAZARD | TRIGGER_DYNAMIC_VELOCITY_BURST_KICK | 422
STAT-00297 | -0.7391 | -0.0000 | 15.4090 | LOCAL_MINIMA_BOTTLENECK_HAZARD | TRIGGER_DYNAMIC_VELOCITY_BURST_KICK | 422
STAT-00298 | -0.7391 | -0.0000 | 63.5590 | LOCAL_MINIMA_BOTTLENECK_HAZARD | TRIGGER_DYNAMIC_VELOCITY_BURST_KICK | 422
STAT-00299 | -0.7391 | 0.0000 | 6.9480 | LOCAL_MINIMA_BOTTLENECK_HAZARD | TRIGGER_DYNAMIC_VELOCITY_BURST_KICK | 422
STAT-00300 | -0.7391 | 0.0000 | 44.6340 | LOCAL_MINIMA_BOTTLENECK_HAZARD | TRIGGER_DYNAMIC_VELOCITY_BURST_KICK | 422
STAT-00301 | -0.7391 | 0.0000 | 24.1260 | LOCAL_MINIMA_BOTTLENECK_HAZARD | TRIGGER_DYNAMIC_VELOCITY_BURST_KICK | 422
STAT-00302 | -0.7391 | 0.0000 | 75.4840 | LOCAL_MINIMA_BOTTLENECK_HAZARD | TRIGGER_DYNAMIC_VELOCITY_BURST_KICK | 422
STAT-00303 | -0.7391 | 0.0000 | 3.0270 | CONVERGING_GLOBAL_MINIMA_TARGET | COMMIT_OPTIMIZED_MATRIX_WEIGHT_STEP | 200
STAT-00304 | -0.7391 | -0.0000 | 13.0580 | LOCAL_MINIMA_BOTTLENECK_HAZARD | TRIGGER_DYNAMIC_VELOCITY_BURST_KICK | 422
STAT-00305 | -0.7391 | -0.0000 | 29.0540 | LOCAL_MINIMA_BOTTLENECK_HAZARD | TRIGGER_DYNAMIC_VELOCITY_BURST_KICK | 422
STAT-00306 | -0.7391 | -0.0000 | 29.6530 | LOCAL_MINIMA_BOTTLENECK_HAZARD | TRIGGER_DYNAMIC_VELOCITY_BURST_KICK | 422
STAT-00307 | -0.7391 | -0.0000 | 6.6090 | LOCAL_MINIMA_BOTTLENECK_HAZARD | TRIGGER_DYNAMIC_VELOCITY_BURST_KICK | 422
STAT-00308 | -0.7391 | -0.0000 | 60.6920 | LOCAL_MINIMA_BOTTLENECK_HAZARD | TRIGGER_DYNAMIC_VELOCITY_BURST_KICK | 422
STAT-00309 | -0.7391 | 0.0000 | 14.9670 | LOCAL_MINIMA_BOTTLENECK_HAZARD | TRIGGER_DYNAMIC_VELOCITY_BURST_KICK | 422
STAT-00310 | -0.7391 | 0.0000 | 4.1830 | CONVERGING_GLOBAL_MINIMA_TARGET | COMMIT_OPTIMIZED_MATRIX_WEIGHT_STEP | 200
STAT-00311 | -0.7391 | 0.0000 | 16.6720 | LOCAL_MINIMA_BOTTLENECK_HAZARD | TRIGGER_DYNAMIC_VELOCITY_BURST_KICK | 422
STAT-00312 | -0.7391 | 0.0000 | 25.5400 | LOCAL_MINIMA_BOTTLENECK_HAZARD | TRIGGER_DYNAMIC_VELOCITY_BURST_KICK | 422
STAT-00313 | -0.7391 | 0.0000 | 35.8310 | LOCAL_MINIMA_BOTTLENECK_HAZARD | TRIGGER_DYNAMIC_VELOCITY_BURST_KICK | 422
STAT-00314 | -0.7391 | -0.0000 | 94.8490 | LOCAL_MINIMA_BOTTLENECK_HAZARD | TRIGGER_DYNAMIC_VELOCITY_BURST_KICK | 422
STAT-00315 | -0.7391 | -0.0000 | 35.3770 | LOCAL_MINIMA_BOTTLENECK_HAZARD | TRIGGER_DYNAMIC_VELOCITY_BURST_KICK | 422
STAT-00316 | -0.7391 | -0.0000 | 12.3880 | LOCAL_MINIMA_BOTTLENECK_HAZARD | TRIGGER_DYNAMIC_VELOCITY_BURST_KICK | 422
STAT-00317 | -0.7391 | -0.0000 | 0.7080 | CONVERGING_GLOBAL_MINIMA_TARGET | COMMIT_OPTIMIZED_MATRIX_WEIGHT_STEP | 200
STAT-00318 | -0.7391 | -0.0000 | 84.8540 | LOCAL_MINIMA_BOTTLENECK_HAZARD | TRIGGER_DYNAMIC_VELOCITY_BURST_KICK | 422
STAT-00319 | -0.7391 | 0.0000 | 40.2070 | LOCAL_MINIMA_BOTTLENECK_HAZARD | TRIGGER_DYNAMIC_VELOCITY_BURST_KICK | 422
STAT-00320 | -0.7391 | 0.0000 | 30.6420 | LOCAL_MINIMA_BOTTLENECK_HAZARD | TRIGGER_DYNAMIC_VELOCITY_BURST_KICK | 422
STAT-00321 | -0.7391 | 0.0000 | 2.7540 | CONVERGING_GLOBAL_MINIMA_TARGET | COMMIT_OPTIMIZED_MATRIX_WEIGHT_STEP | 200
STAT-00322 | -0.7391 | 0.0000 | 61.0390 | LOCAL_MINIMA_BOTTLENECK_HAZARD | TRIGGER_DYNAMIC_VELOCITY_BURST_KICK | 422
STAT-00323 | -0.7391 | 0.0000 | 22.2920 | LOCAL_MINIMA_BOTTLENECK_HAZARD | TRIGGER_DYNAMIC_VELOCITY_BURST_KICK | 422
STAT-00324 | -0.7391 | -0.0000 | 6.1030 | LOCAL_MINIMA_BOTTLENECK_HAZARD | TRIGGER_DYNAMIC_VELOCITY_BURST_KICK | 422
STAT-00325 | -0.7391 | -0.0000 | 47.5680 | LOCAL_MINIMA_BOTTLENECK_HAZARD | TRIGGER_DYNAMIC_VELOCITY_BURST_KICK | 422
STAT-00326 | -0.7391 | -0.0000 | 24.3620 | LOCAL_MINIMA_BOTTLENECK_HAZARD | TRIGGER_DYNAMIC_VELOCITY_BURST_KICK | 422
STAT-00327 | -0.7391 | -0.0000 | 27.5420 | LOCAL_MINIMA_BOTTLENECK_HAZARD | TRIGGER_DYNAMIC_VELOCITY_BURST_KICK | 422
STAT-00328 | -0.7391 | -0.0000 | 3.7030 | CONVERGING_GLOBAL_MINIMA_TARGET | COMMIT_OPTIMIZED_MATRIX_WEIGHT_STEP | 200
STAT-00329 | -0.7391 | 0.0000 | 41.3980 | LOCAL_MINIMA_BOTTLENECK_HAZARD | TRIGGER_DYNAMIC_VELOCITY_BURST_KICK | 422
STAT-00330 | -0.7391 | 0.0000 | 16.6400 | LOCAL_MINIMA_BOTTLENECK_HAZARD | TRIGGER_DYNAMIC_VELOCITY_BURST_KICK | 422
STAT-00331 | -0.7391 | 0.0000 | 6.3520 | LOCAL_MINIMA_BOTTLENECK_HAZARD | TRIGGER_DYNAMIC_VELOCITY_BURST_KICK | 422
STAT-00332 | -0.7391 | 0.0000 | 23.5820 | LOCAL_MINIMA_BOTTLENECK_HAZARD | TRIGGER_DYNAMIC_VELOCITY_BURST_KICK | 422
STAT-00333 | -0.7391 | 0.0000 | 55.4940 | LOCAL_MINIMA_BOTTLENECK_HAZARD | TRIGGER_DYNAMIC_VELOCITY_BURST_KICK | 422
STAT-00334 | -0.7391 | -0.0000 | 42.0710 | LOCAL_MINIMA_BOTTLENECK_HAZARD | TRIGGER_DYNAMIC_VELOCITY_BURST_KICK | 422
STAT-00335 | -0.7391 | -0.0000 | 65.7290 | LOCAL_MINIMA_BOTTLENECK_HAZARD | TRIGGER_DYNAMIC_VELOCITY_BURST_KICK | 422
STAT-00336 | -0.7391 | -0.0000 | 39.8540 | LOCAL_MINIMA_BOTTLENECK_HAZARD | TRIGGER_DYNAMIC_VELOCITY_BURST_KICK | 422
STAT-00337 | -0.7391 | -0.0000 | 63.8940 | LOCAL_MINIMA_BOTTLENECK_HAZARD | TRIGGER_DYNAMIC_VELOCITY_BURST_KICK | 422
STAT-00338 | -0.7391 | -0.0000 | 23.6540 | LOCAL_MINIMA_BOTTLENECK_HAZARD | TRIGGER_DYNAMIC_VELOCITY_BURST_KICK | 422
STAT-00339 | -0.7391 | 0.0000 | 2.8220 | CONVERGING_GLOBAL_MINIMA_TARGET | COMMIT_OPTIMIZED_MATRIX_WEIGHT_STEP | 200
STAT-00340 | -0.7391 | 0.0000 | 24.0370 | LOCAL_MINIMA_BOTTLENECK_HAZARD | TRIGGER_DYNAMIC_VELOCITY_BURST_KICK | 422
STAT-00341 | -0.7391 | 0.0000 | 46.6620 | LOCAL_MINIMA_BOTTLENECK_HAZARD | TRIGGER_DYNAMIC_VELOCITY_BURST_KICK | 422
STAT-00342 | -0.7391 | 0.0000 | 1.5870 | CONVERGING_GLOBAL_MINIMA_TARGET | COMMIT_OPTIMIZED_MATRIX_WEIGHT_STEP | 200
STAT-00343 | -0.7391 | 0.0000 | 16.9010 | LOCAL_MINIMA_BOTTLENECK_HAZARD | TRIGGER_DYNAMIC_VELOCITY_BURST_KICK | 422
STAT-00344 | -0.7391 | -0.0000 | 37.8670 | LOCAL_MINIMA_BOTTLENECK_HAZARD | TRIGGER_DYNAMIC_VELOCITY_BURST_KICK | 422
STAT-00345 | -0.7391 | -0.0000 | 0.4140 | CONVERGING_GLOBAL_MINIMA_TARGET | COMMIT_OPTIMIZED_MATRIX_WEIGHT_STEP | 200
STAT-00346 | -0.7391 | -0.0000 | 15.6860 | LOCAL_MINIMA_BOTTLENECK_HAZARD | TRIGGER_DYNAMIC_VELOCITY_BURST_KICK | 422
STAT-00347 | -0.7391 | -0.0000 | 17.2470 | LOCAL_MINIMA_BOTTLENECK_HAZARD | TRIGGER_DYNAMIC_VELOCITY_BURST_KICK | 422
STAT-00348 | -0.7391 | -0.0000 | 46.8640 | LOCAL_MINIMA_BOTTLENECK_HAZARD | TRIGGER_DYNAMIC_VELOCITY_BURST_KICK | 422
STAT-00349 | -0.7391 | 0.0000 | 12.8200 | LOCAL_MINIMA_BOTTLENECK_HAZARD | TRIGGER_DYNAMIC_VELOCITY_BURST_KICK | 422
STAT-00350 | -0.7391 | 0.0000 | 20.8840 | LOCAL_MINIMA_BOTTLENECK_HAZARD | TRIGGER_DYNAMIC_VELOCITY_BURST_KICK | 422
STAT-00351 | -0.7391 | 0.0000 | 25.1670 | LOCAL_MINIMA_BOTTLENECK_HAZARD | TRIGGER_DYNAMIC_VELOCITY_BURST_KICK | 422
STAT-00352 | -0.7391 | 0.0000 | 14.0690 | LOCAL_MINIMA_BOTTLENECK_HAZARD | TRIGGER_DYNAMIC_VELOCITY_BURST_KICK | 422
STAT-00353 | -0.7391 | 0.0000 | 52.5130 | LOCAL_MINIMA_BOTTLENECK_HAZARD | TRIGGER_DYNAMIC_VELOCITY_BURST_KICK | 422
STAT-00354 | -0.7391 | -0.0000 | 13.7930 | LOCAL_MINIMA_BOTTLENECK_HAZARD | TRIGGER_DYNAMIC_VELOCITY_BURST_KICK | 422
STAT-00355 | -0.7391 | -0.0000 | 46.6240 | LOCAL_MINIMA_BOTTLENECK_HAZARD | TRIGGER_DYNAMIC_VELOCITY_BURST_KICK | 422
STAT-00356 | -0.7391 | -0.0000 | 55.8500 | LOCAL_MINIMA_BOTTLENECK_HAZARD | TRIGGER_DYNAMIC_VELOCITY_BURST_KICK | 422
STAT-00357 | -0.7391 | -0.0000 | 34.0440 | LOCAL_MINIMA_BOTTLENECK_HAZARD | TRIGGER_DYNAMIC_VELOCITY_BURST_KICK | 422
STAT-00358 | -0.7391 | -0.0000 | 5.8880 | LOCAL_MINIMA_BOTTLENECK_HAZARD | TRIGGER_DYNAMIC_VELOCITY_BURST_KICK | 422
STAT-00359 | -0.7391 | 0.0000 | 52.2420 | LOCAL_MINIMA_BOTTLENECK_HAZARD | TRIGGER_DYNAMIC_VELOCITY_BURST_KICK | 422
STAT-00360 | -0.7391 | 0.0000 | 8.6180 | LOCAL_MINIMA_BOTTLENECK_HAZARD | TRIGGER_DYNAMIC_VELOCITY_BURST_KICK | 422
STAT-00361 | -0.7391 | 0.0000 | 29.4530 | LOCAL_MINIMA_BOTTLENECK_HAZARD | TRIGGER_DYNAMIC_VELOCITY_BURST_KICK | 422
STAT-00362 | -0.7391 | 0.0000 | 18.0180 | LOCAL_MINIMA_BOTTLENECK_HAZARD | TRIGGER_DYNAMIC_VELOCITY_BURST_KICK | 422
STAT-00363 | -0.7391 | 0.0000 | 12.2980 | LOCAL_MINIMA_BOTTLENECK_HAZARD | TRIGGER_DYNAMIC_VELOCITY_BURST_KICK | 422
STAT-00364 | -0.7391 | -0.0000 | 16.9110 | LOCAL_MINIMA_BOTTLENECK_HAZARD | TRIGGER_DYNAMIC_VELOCITY_BURST_KICK | 422
STAT-00365 | -0.7391 | -0.0000 | 79.1740 | LOCAL_MINIMA_BOTTLENECK_HAZARD | TRIGGER_DYNAMIC_VELOCITY_BURST_KICK | 422
STAT-00366 | -0.7391 | -0.0000 | 6.7430 | LOCAL_MINIMA_BOTTLENECK_HAZARD | TRIGGER_DYNAMIC_VELOCITY_BURST_KICK | 422
STAT-00367 | -0.7391 | -0.0000 | 31.2900 | LOCAL_MINIMA_BOTTLENECK_HAZARD | TRIGGER_DYNAMIC_VELOCITY_BURST_KICK | 422
STAT-00368 | -0.7391 | -0.0000 | 34.2630 | LOCAL_MINIMA_BOTTLENECK_HAZARD | TRIGGER_DYNAMIC_VELOCITY_BURST_KICK | 422
STAT-00369 | -0.7391 | 0.0000 | 39.4260 | LOCAL_MINIMA_BOTTLENECK_HAZARD | TRIGGER_DYNAMIC_VELOCITY_BURST_KICK | 422
STAT-00370 | -0.7391 | 0.0000 | 30.2880 | LOCAL_MINIMA_BOTTLENECK_HAZARD | TRIGGER_DYNAMIC_VELOCITY_BURST_KICK | 422
STAT-00371 | -0.7391 | 0.0000 | 39.1760 | LOCAL_MINIMA_BOTTLENECK_HAZARD | TRIGGER_DYNAMIC_VELOCITY_BURST_KICK | 422
STAT-00372 | -0.7391 | 0.0000 | 27.9280 | LOCAL_MINIMA_BOTTLENECK_HAZARD | TRIGGER_DYNAMIC_VELOCITY_BURST_KICK | 422
STAT-00373 | -0.7391 | 0.0000 | 32.9510 | LOCAL_MINIMA_BOTTLENECK_HAZARD | TRIGGER_DYNAMIC_VELOCITY_BURST_KICK | 422
STAT-00374 | -0.7391 | -0.0000 | 12.0270 | LOCAL_MINIMA_BOTTLENECK_HAZARD | TRIGGER_DYNAMIC_VELOCITY_BURST_KICK | 422
STAT-00375 | -0.7391 | -0.0000 | 46.6070 | LOCAL_MINIMA_BOTTLENECK_HAZARD | TRIGGER_DYNAMIC_VELOCITY_BURST_KICK | 422
STAT-00376 | -0.7391 | -0.0000 | 29.1080 | LOCAL_MINIMA_BOTTLENECK_HAZARD | TRIGGER_DYNAMIC_VELOCITY_BURST_KICK | 422
STAT-00377 | -0.7391 | -0.0000 | 33.0920 | LOCAL_MINIMA_BOTTLENECK_HAZARD | TRIGGER_DYNAMIC_VELOCITY_BURST_KICK | 422
STAT-00378 | -0.7391 | -0.0000 | 50.8270 | LOCAL_MINIMA_BOTTLENECK_HAZARD | TRIGGER_DYNAMIC_VELOCITY_BURST_KICK | 422
STAT-00379 | -0.7391 | 0.0000 | 61.2810 | LOCAL_MINIMA_BOTTLENECK_HAZARD | TRIGGER_DYNAMIC_VELOCITY_BURST_KICK | 422
STAT-00380 | -0.7391 | 0.0000 | 19.3700 | LOCAL_MINIMA_BOTTLENECK_HAZARD | TRIGGER_DYNAMIC_VELOCITY_BURST_KICK | 422
STAT-00381 | -0.7391 | 0.0000 | 20.8760 | LOCAL_MINIMA_BOTTLENECK_HAZARD | TRIGGER_DYNAMIC_VELOCITY_BURST_KICK | 422
STAT-00382 | -0.7391 | 0.0000 | 6.7810 | LOCAL_MINIMA_BOTTLENECK_HAZARD | TRIGGER_DYNAMIC_VELOCITY_BURST_KICK | 422
STAT-00383 | -0.7391 | 0.0000 | 68.2970 | LOCAL_MINIMA_BOTTLENECK_HAZARD | TRIGGER_DYNAMIC_VELOCITY_BURST_KICK | 422
STAT-00384 | -0.7391 | -0.0000 | 33.5260 | LOCAL_MINIMA_BOTTLENECK_HAZARD | TRIGGER_DYNAMIC_VELOCITY_BURST_KICK | 422
STAT-00385 | -0.7391 | -0.0000 | 72.3310 | LOCAL_MINIMA_BOTTLENECK_HAZARD | TRIGGER_DYNAMIC_VELOCITY_BURST_KICK | 422
STAT-00386 | -0.7391 | -0.0000 | 52.6810 | LOCAL_MINIMA_BOTTLENECK_HAZARD | TRIGGER_DYNAMIC_VELOCITY_BURST_KICK | 422
STAT-00387 | -0.7391 | -0.0000 | 25.8910 | LOCAL_MINIMA_BOTTLENECK_HAZARD | TRIGGER_DYNAMIC_VELOCITY_BURST_KICK | 422
STAT-00388 | -0.7391 | -0.0000 | 12.7410 | LOCAL_MINIMA_BOTTLENECK_HAZARD | TRIGGER_DYNAMIC_VELOCITY_BURST_KICK | 422
STAT-00389 | -0.7391 | 0.0000 | 70.0320 | LOCAL_MINIMA_BOTTLENECK_HAZARD | TRIGGER_DYNAMIC_VELOCITY_BURST_KICK | 422
STAT-00390 | -0.7391 | 0.0000 | 18.3350 | LOCAL_MINIMA_BOTTLENECK_HAZARD | TRIGGER_DYNAMIC_VELOCITY_BURST_KICK | 422
STAT-00391 | -0.7391 | 0.0000 | 34.5150 | LOCAL_MINIMA_BOTTLENECK_HAZARD | TRIGGER_DYNAMIC_VELOCITY_BURST_KICK | 422
STAT-00392 | -0.7391 | 0.0000 | 50.0580 | LOCAL_MINIMA_BOTTLENECK_HAZARD | TRIGGER_DYNAMIC_VELOCITY_BURST_KICK | 422
STAT-00393 | -0.7391 | 0.0000 | 49.3900 | LOCAL_MINIMA_BOTTLENECK_HAZARD | TRIGGER_DYNAMIC_VELOCITY_BURST_KICK | 422
STAT-00394 | -0.7391 | -0.0000 | 17.1270 | LOCAL_MINIMA_BOTTLENECK_HAZARD | TRIGGER_DYNAMIC_VELOCITY_BURST_KICK | 422
STAT-00395 | -0.7391 | -0.0000 | 52.7220 | LOCAL_MINIMA_BOTTLENECK_HAZARD | TRIGGER_DYNAMIC_VELOCITY_BURST_KICK | 422
STAT-00396 | -0.7391 | -0.0000 | 92.7470 | LOCAL_MINIMA_BOTTLENECK_HAZARD | TRIGGER_DYNAMIC_VELOCITY_BURST_KICK | 422
STAT-00397 | -0.7391 | -0.0000 | 46.3410 | LOCAL_MINIMA_BOTTLENECK_HAZARD | TRIGGER_DYNAMIC_VELOCITY_BURST_KICK | 422
STAT-00398 | -0.7391 | -0.0000 | 38.2780 | LOCAL_MINIMA_BOTTLENECK_HAZARD | TRIGGER_DYNAMIC_VELOCITY_BURST_KICK | 422
STAT-00399 | -0.7391 | 0.0000 | 25.2570 | LOCAL_MINIMA_BOTTLENECK_HAZARD | TRIGGER_DYNAMIC_VELOCITY_BURST_KICK | 422
STAT-00400 | -0.7391 | 0.0000 | 10.2760 | LOCAL_MINIMA_BOTTLENECK_HAZARD | TRIGGER_DYNAMIC_VELOCITY_BURST_KICK | 422
STAT-00401 | -0.7391 | 0.0000 | 72.3760 | LOCAL_MINIMA_BOTTLENECK_HAZARD | TRIGGER_DYNAMIC_VELOCITY_BURST_KICK | 422
STAT-00402 | -0.7391 | 0.0000 | 67.4100 | LOCAL_MINIMA_BOTTLENECK_HAZARD | TRIGGER_DYNAMIC_VELOCITY_BURST_KICK | 422
STAT-00403 | -0.7391 | 0.0000 | 74.7090 | LOCAL_MINIMA_BOTTLENECK_HAZARD | TRIGGER_DYNAMIC_VELOCITY_BURST_KICK | 422
STAT-00404 | -0.7391 | -0.0000 | 20.5400 | LOCAL_MINIMA_BOTTLENECK_HAZARD | TRIGGER_DYNAMIC_VELOCITY_BURST_KICK | 422
STAT-00405 | -0.7391 | -0.0000 | 24.2970 | LOCAL_MINIMA_BOTTLENECK_HAZARD | TRIGGER_DYNAMIC_VELOCITY_BURST_KICK | 422
STAT-00406 | -0.7391 | -0.0000 | 46.4720 | LOCAL_MINIMA_BOTTLENECK_HAZARD | TRIGGER_DYNAMIC_VELOCITY_BURST_KICK | 422
STAT-00407 | -0.7391 | -0.0000 | 41.7570 | LOCAL_MINIMA_BOTTLENECK_HAZARD | TRIGGER_DYNAMIC_VELOCITY_BURST_KICK | 422
STAT-00408 | -0.7391 | -0.0000 | 99.2030 | LOCAL_MINIMA_BOTTLENECK_HAZARD | TRIGGER_DYNAMIC_VELOCITY_BURST_KICK | 422
STAT-00409 | -0.7391 | 0.0000 | 38.3380 | LOCAL_MINIMA_BOTTLENECK_HAZARD | TRIGGER_DYNAMIC_VELOCITY_BURST_KICK | 422
STAT-00410 | -0.7391 | 0.0000 | 80.9700 | LOCAL_MINIMA_BOTTLENECK_HAZARD | TRIGGER_DYNAMIC_VELOCITY_BURST_KICK | 422
STAT-00411 | -0.7391 | 0.0000 | 5.7220 | LOCAL_MINIMA_BOTTLENECK_HAZARD | TRIGGER_DYNAMIC_VELOCITY_BURST_KICK | 422
STAT-00412 | -0.7391 | 0.0000 | 63.5640 | LOCAL_MINIMA_BOTTLENECK_HAZARD | TRIGGER_DYNAMIC_VELOCITY_BURST_KICK | 422
STAT-00413 | -0.7391 | 0.0000 | 89.8590 | LOCAL_MINIMA_BOTTLENECK_HAZARD | TRIGGER_DYNAMIC_VELOCITY_BURST_KICK | 422
STAT-00414 | -0.7391 | -0.0000 | 7.4800 | LOCAL_MINIMA_BOTTLENECK_HAZARD | TRIGGER_DYNAMIC_VELOCITY_BURST_KICK | 422
STAT-00415 | -0.7391 | -0.0000 | 24.7810 | LOCAL_MINIMA_BOTTLENECK_HAZARD | TRIGGER_DYNAMIC_VELOCITY_BURST_KICK | 422
STAT-00416 | -0.7391 | -0.0000 | 1.4970 | CONVERGING_GLOBAL_MINIMA_TARGET | COMMIT_OPTIMIZED_MATRIX_WEIGHT_STEP | 200
STAT-00417 | -0.7391 | -0.0000 | 16.4880 | LOCAL_MINIMA_BOTTLENECK_HAZARD | TRIGGER_DYNAMIC_VELOCITY_BURST_KICK | 422
STAT-00418 | -0.7391 | -0.0000 | 10.9920 | LOCAL_MINIMA_BOTTLENECK_HAZARD | TRIGGER_DYNAMIC_VELOCITY_BURST_KICK | 422
STAT-00419 | -0.7391 | 0.0000 | 24.6900 | LOCAL_MINIMA_BOTTLENECK_HAZARD | TRIGGER_DYNAMIC_VELOCITY_BURST_KICK | 422
STAT-00420 | -0.7391 | 0.0000 | 77.6580 | LOCAL_MINIMA_BOTTLENECK_HAZARD | TRIGGER_DYNAMIC_VELOCITY_BURST_KICK | 422
STAT-00421 | -0.7391 | 0.0000 | 30.1330 | LOCAL_MINIMA_BOTTLENECK_HAZARD | TRIGGER_DYNAMIC_VELOCITY_BURST_KICK | 422
STAT-00422 | -0.7391 | 0.0000 | 13.6770 | LOCAL_MINIMA_BOTTLENECK_HAZARD | TRIGGER_DYNAMIC_VELOCITY_BURST_KICK | 422
STAT-00423 | -0.7391 | 0.0000 | 36.3090 | LOCAL_MINIMA_BOTTLENECK_HAZARD | TRIGGER_DYNAMIC_VELOCITY_BURST_KICK | 422
STAT-00424 | -0.7391 | -0.0000 | 64.5830 | LOCAL_MINIMA_BOTTLENECK_HAZARD | TRIGGER_DYNAMIC_VELOCITY_BURST_KICK | 422
STAT-00425 | -0.7391 | -0.0000 | 52.6730 | LOCAL_MINIMA_BOTTLENECK_HAZARD | TRIGGER_DYNAMIC_VELOCITY_BURST_KICK | 422
STAT-00426 | -0.7391 | -0.0000 | 7.1400 | LOCAL_MINIMA_BOTTLENECK_HAZARD | TRIGGER_DYNAMIC_VELOCITY_BURST_KICK | 422
STAT-00427 | -0.7391 | -0.0000 | 1.3670 | CONVERGING_GLOBAL_MINIMA_TARGET | COMMIT_OPTIMIZED_MATRIX_WEIGHT_STEP | 200
STAT-00428 | -0.7391 | -0.0000 | 19.4980 | LOCAL_MINIMA_BOTTLENECK_HAZARD | TRIGGER_DYNAMIC_VELOCITY_BURST_KICK | 422
STAT-00429 | -0.7391 | 0.0000 | 44.7510 | LOCAL_MINIMA_BOTTLENECK_HAZARD | TRIGGER_DYNAMIC_VELOCITY_BURST_KICK | 422
STAT-00430 | -0.7391 | 0.0000 | 17.5140 | LOCAL_MINIMA_BOTTLENECK_HAZARD | TRIGGER_DYNAMIC_VELOCITY_BURST_KICK | 422
STAT-00431 | -0.7391 | 0.0000 | 16.0400 | LOCAL_MINIMA_BOTTLENECK_HAZARD | TRIGGER_DYNAMIC_VELOCITY_BURST_KICK | 422
STAT-00432 | -0.7391 | 0.0000 | 80.0720 | LOCAL_MINIMA_BOTTLENECK_HAZARD | TRIGGER_DYNAMIC_VELOCITY_BURST_KICK | 422
STAT-00433 | -0.7391 | 0.0000 | 20.8150 | LOCAL_MINIMA_BOTTLENECK_HAZARD | TRIGGER_DYNAMIC_VELOCITY_BURST_KICK | 422
STAT-00434 | -0.7391 | -0.0000 | 19.4530 | LOCAL_MINIMA_BOTTLENECK_HAZARD | TRIGGER_DYNAMIC_VELOCITY_BURST_KICK | 422
STAT-00435 | -0.7391 | -0.0000 | 29.9300 | LOCAL_MINIMA_BOTTLENECK_HAZARD | TRIGGER_DYNAMIC_VELOCITY_BURST_KICK | 422
STAT-00436 | -0.7391 | -0.0000 | 9.2540 | LOCAL_MINIMA_BOTTLENECK_HAZARD | TRIGGER_DYNAMIC_VELOCITY_BURST_KICK | 422
STAT-00437 | -0.7391 | -0.0000 | 39.0790 | LOCAL_MINIMA_BOTTLENECK_HAZARD | TRIGGER_DYNAMIC_VELOCITY_BURST_KICK | 422
STAT-00438 | -0.7391 | -0.0000 | 13.3230 | LOCAL_MINIMA_BOTTLENECK_HAZARD | TRIGGER_DYNAMIC_VELOCITY_BURST_KICK | 422
STAT-00439 | -0.7391 | 0.0000 | 59.4760 | LOCAL_MINIMA_BOTTLENECK_HAZARD | TRIGGER_DYNAMIC_VELOCITY_BURST_KICK | 422
STAT-00440 | -0.7391 | 0.0000 | 72.2320 | LOCAL_MINIMA_BOTTLENECK_HAZARD | TRIGGER_DYNAMIC_VELOCITY_BURST_KICK | 422
STAT-00441 | -0.7391 | 0.0000 | 25.3110 | LOCAL_MINIMA_BOTTLENECK_HAZARD | TRIGGER_DYNAMIC_VELOCITY_BURST_KICK | 422
STAT-00442 | -0.7391 | 0.0000 | 22.3140 | LOCAL_MINIMA_BOTTLENECK_HAZARD | TRIGGER_DYNAMIC_VELOCITY_BURST_KICK | 422
STAT-00443 | -0.7391 | 0.0000 | 29.4420 | LOCAL_MINIMA_BOTTLENECK_HAZARD | TRIGGER_DYNAMIC_VELOCITY_BURST_KICK | 422
STAT-00444 | -0.7391 | -0.0000 | 76.6060 | LOCAL_MINIMA_BOTTLENECK_HAZARD | TRIGGER_DYNAMIC_VELOCITY_BURST_KICK | 422
STAT-00445 | -0.7391 | -0.0000 | 79.3800 | LOCAL_MINIMA_BOTTLENECK_HAZARD | TRIGGER_DYNAMIC_VELOCITY_BURST_KICK | 422
STAT-00446 | -0.7391 | -0.0000 | 26.4370 | LOCAL_MINIMA_BOTTLENECK_HAZARD | TRIGGER_DYNAMIC_VELOCITY_BURST_KICK | 422
STAT-00447 | -0.7391 | -0.0000 | 54.1270 | LOCAL_MINIMA_BOTTLENECK_HAZARD | TRIGGER_DYNAMIC_VELOCITY_BURST_KICK | 422
STAT-00448 | -0.7391 | -0.0000 | 20.4830 | LOCAL_MINIMA_BOTTLENECK_HAZARD | TRIGGER_DYNAMIC_VELOCITY_BURST_KICK | 422
STAT-00449 | -0.7391 | 0.0000 | 3.9180 | CONVERGING_GLOBAL_MINIMA_TARGET | COMMIT_OPTIMIZED_MATRIX_WEIGHT_STEP | 200
STAT-00450 | -0.7391 | 0.0000 | 77.3590 | LOCAL_MINIMA_BOTTLENECK_HAZARD | TRIGGER_DYNAMIC_VELOCITY_BURST_KICK | 422
STAT-00451 | -0.7391 | 0.0000 | 9.6460 | LOCAL_MINIMA_BOTTLENECK_HAZARD | TRIGGER_DYNAMIC_VELOCITY_BURST_KICK | 422
STAT-00452 | -0.7391 | 0.0000 | 10.2970 | LOCAL_MINIMA_BOTTLENECK_HAZARD | TRIGGER_DYNAMIC_VELOCITY_BURST_KICK | 422
STAT-00453 | -0.7391 | 0.0000 | 11.6300 | LOCAL_MINIMA_BOTTLENECK_HAZARD | TRIGGER_DYNAMIC_VELOCITY_BURST_KICK | 422
STAT-00454 | -0.7391 | -0.0000 | 20.6910 | LOCAL_MINIMA_BOTTLENECK_HAZARD | TRIGGER_DYNAMIC_VELOCITY_BURST_KICK | 422
STAT-00455 | -0.7391 | -0.0000 | 73.8650 | LOCAL_MINIMA_BOTTLENECK_HAZARD | TRIGGER_DYNAMIC_VELOCITY_BURST_KICK | 422
STAT-00456 | -0.7391 | -0.0000 | 34.2540 | LOCAL_MINIMA_BOTTLENECK_HAZARD | TRIGGER_DYNAMIC_VELOCITY_BURST_KICK | 422
STAT-00457 | -0.7391 | -0.0000 | 26.1890 | LOCAL_MINIMA_BOTTLENECK_HAZARD | TRIGGER_DYNAMIC_VELOCITY_BURST_KICK | 422
STAT-00458 | -0.7391 | -0.0000 | 12.9000 | LOCAL_MINIMA_BOTTLENECK_HAZARD | TRIGGER_DYNAMIC_VELOCITY_BURST_KICK | 422
STAT-00459 | -0.7391 | 0.0000 | 31.0780 | LOCAL_MINIMA_BOTTLENECK_HAZARD | TRIGGER_DYNAMIC_VELOCITY_BURST_KICK | 422
STAT-00460 | -0.7391 | 0.0000 | 22.0430 | LOCAL_MINIMA_BOTTLENECK_HAZARD | TRIGGER_DYNAMIC_VELOCITY_BURST_KICK | 422
STAT-00461 | -0.7391 | 0.0000 | 30.0660 | LOCAL_MINIMA_BOTTLENECK_HAZARD | TRIGGER_DYNAMIC_VELOCITY_BURST_KICK | 422
STAT-00462 | -0.7391 | 0.0000 | 36.2830 | LOCAL_MINIMA_BOTTLENECK_HAZARD | TRIGGER_DYNAMIC_VELOCITY_BURST_KICK | 422
STAT-00463 | -0.7391 | 0.0000 | 11.7400 | LOCAL_MINIMA_BOTTLENECK_HAZARD | TRIGGER_DYNAMIC_VELOCITY_BURST_KICK | 422
STAT-00464 | -0.7391 | -0.0000 | 5.0490 | LOCAL_MINIMA_BOTTLENECK_HAZARD | TRIGGER_DYNAMIC_VELOCITY_BURST_KICK | 422
STAT-00465 | -0.7391 | -0.0000 | 55.5070 | LOCAL_MINIMA_BOTTLENECK_HAZARD | TRIGGER_DYNAMIC_VELOCITY_BURST_KICK | 422
STAT-00466 | -0.7391 | -0.0000 | 15.7010 | LOCAL_MINIMA_BOTTLENECK_HAZARD | TRIGGER_DYNAMIC_VELOCITY_BURST_KICK | 422
STAT-00467 | -0.7391 | -0.0000 | 4.0570 | CONVERGING_GLOBAL_MINIMA_TARGET | COMMIT_OPTIMIZED_MATRIX_WEIGHT_STEP | 200
STAT-00468 | -0.7391 | -0.0000 | 23.4040 | LOCAL_MINIMA_BOTTLENECK_HAZARD | TRIGGER_DYNAMIC_VELOCITY_BURST_KICK | 422
STAT-00469 | -0.7391 | 0.0000 | 43.1380 | LOCAL_MINIMA_BOTTLENECK_HAZARD | TRIGGER_DYNAMIC_VELOCITY_BURST_KICK | 422
STAT-00470 | -0.7391 | 0.0000 | 56.6950 | LOCAL_MINIMA_BOTTLENECK_HAZARD | TRIGGER_DYNAMIC_VELOCITY_BURST_KICK | 422
STAT-00471 | -0.7391 | 0.0000 | 94.2310 | LOCAL_MINIMA_BOTTLENECK_HAZARD | TRIGGER_DYNAMIC_VELOCITY_BURST_KICK | 422
STAT-00472 | -0.7391 | 0.0000 | 48.5130 | LOCAL_MINIMA_BOTTLENECK_HAZARD | TRIGGER_DYNAMIC_VELOCITY_BURST_KICK | 422
STAT-00473 | -0.7391 | 0.0000 | 27.3750 | LOCAL_MINIMA_BOTTLENECK_HAZARD | TRIGGER_DYNAMIC_VELOCITY_BURST_KICK | 422
STAT-00474 | -0.7391 | -0.0000 | 29.0450 | LOCAL_MINIMA_BOTTLENECK_HAZARD | TRIGGER_DYNAMIC_VELOCITY_BURST_KICK | 422
STAT-00475 | -0.7391 | -0.0000 | 35.2310 | LOCAL_MINIMA_BOTTLENECK_HAZARD | TRIGGER_DYNAMIC_VELOCITY_BURST_KICK | 422
STAT-00476 | -0.7391 | -0.0000 | 54.2980 | LOCAL_MINIMA_BOTTLENECK_HAZARD | TRIGGER_DYNAMIC_VELOCITY_BURST_KICK | 422
STAT-00477 | -0.7391 | -0.0000 | 82.0020 | LOCAL_MINIMA_BOTTLENECK_HAZARD | TRIGGER_DYNAMIC_VELOCITY_BURST_KICK | 422
STAT-00478 | -0.7391 | -0.0000 | 2.4700 | CONVERGING_GLOBAL_MINIMA_TARGET | COMMIT_OPTIMIZED_MATRIX_WEIGHT_STEP | 200
STAT-00479 | -0.7391 | 0.0000 | 20.9320 | LOCAL_MINIMA_BOTTLENECK_HAZARD | TRIGGER_DYNAMIC_VELOCITY_BURST_KICK | 422
STAT-00480 | -0.7391 | 0.0000 | 3.4580 | CONVERGING_GLOBAL_MINIMA_TARGET | COMMIT_OPTIMIZED_MATRIX_WEIGHT_STEP | 200
STAT-00481 | -0.7391 | 0.0000 | 36.5410 | LOCAL_MINIMA_BOTTLENECK_HAZARD | TRIGGER_DYNAMIC_VELOCITY_BURST_KICK | 422
STAT-00482 | -0.7391 | 0.0000 | 7.7990 | LOCAL_MINIMA_BOTTLENECK_HAZARD | TRIGGER_DYNAMIC_VELOCITY_BURST_KICK | 422
STAT-00483 | -0.7391 | 0.0000 | 16.6430 | LOCAL_MINIMA_BOTTLENECK_HAZARD | TRIGGER_DYNAMIC_VELOCITY_BURST_KICK | 422
STAT-00484 | -0.7391 | -0.0000 | 55.0140 | LOCAL_MINIMA_BOTTLENECK_HAZARD | TRIGGER_DYNAMIC_VELOCITY_BURST_KICK | 422
STAT-00485 | -0.7391 | -0.0000 | 4.7390 | CONVERGING_GLOBAL_MINIMA_TARGET | COMMIT_OPTIMIZED_MATRIX_WEIGHT_STEP | 200
STAT-00486 | -0.7391 | -0.0000 | 18.3100 | LOCAL_MINIMA_BOTTLENECK_HAZARD | TRIGGER_DYNAMIC_VELOCITY_BURST_KICK | 422
STAT-00487 | -0.7391 | -0.0000 | 27.7560 | LOCAL_MINIMA_BOTTLENECK_HAZARD | TRIGGER_DYNAMIC_VELOCITY_BURST_KICK | 422
STAT-00488 | -0.7391 | -0.0000 | 65.5880 | LOCAL_MINIMA_BOTTLENECK_HAZARD | TRIGGER_DYNAMIC_VELOCITY_BURST_KICK | 422
STAT-00489 | -0.7391 | 0.0000 | 87.8180 | LOCAL_MINIMA_BOTTLENECK_HAZARD | TRIGGER_DYNAMIC_VELOCITY_BURST_KICK | 422
STAT-00490 | -0.7391 | 0.0000 | 16.8080 | LOCAL_MINIMA_BOTTLENECK_HAZARD | TRIGGER_DYNAMIC_VELOCITY_BURST_KICK | 422
STAT-00491 | -0.7391 | 0.0000 | 53.1150 | LOCAL_MINIMA_BOTTLENECK_HAZARD | TRIGGER_DYNAMIC_VELOCITY_BURST_KICK | 422
STAT-00492 | -0.7391 | 0.0000 | 6.1030 | LOCAL_MINIMA_BOTTLENECK_HAZARD | TRIGGER_DYNAMIC_VELOCITY_BURST_KICK | 422
STAT-00493 | -0.7391 | 0.0000 | 52.0120 | LOCAL_MINIMA_BOTTLENECK_HAZARD | TRIGGER_DYNAMIC_VELOCITY_BURST_KICK | 422
STAT-00494 | -0.7391 | -0.0000 | 54.0140 | LOCAL_MINIMA_BOTTLENECK_HAZARD | TRIGGER_DYNAMIC_VELOCITY_BURST_KICK | 422
STAT-00495 | -0.7391 | -0.0000 | 8.3210 | LOCAL_MINIMA_BOTTLENECK_HAZARD | TRIGGER_DYNAMIC_VELOCITY_BURST_KICK | 422
STAT-00496 | -0.7391 | -0.0000 | 30.1010 | LOCAL_MINIMA_BOTTLENECK_HAZARD | TRIGGER_DYNAMIC_VELOCITY_BURST_KICK | 422
STAT-00497 | -0.7391 | -0.0000 | 40.0200 | LOCAL_MINIMA_BOTTLENECK_HAZARD | TRIGGER_DYNAMIC_VELOCITY_BURST_KICK | 422
STAT-00498 | -0.7391 | -0.0000 | 62.5040 | LOCAL_MINIMA_BOTTLENECK_HAZARD | TRIGGER_DYNAMIC_VELOCITY_BURST_KICK | 422
STAT-00499 | -0.7391 | 0.0000 | 53.8030 | LOCAL_MINIMA_BOTTLENECK_HAZARD | TRIGGER_DYNAMIC_VELOCITY_BURST_KICK | 422
STAT-00500 | -0.7391 | 0.0000 | 43.0290 | LOCAL_MINIMA_BOTTLENECK_HAZARD | TRIGGER_DYNAMIC_VELOCITY_BURST_KICK | 422
STAT-00501 | -0.7391 | 0.0000 | 16.8920 | LOCAL_MINIMA_BOTTLENECK_HAZARD | TRIGGER_DYNAMIC_VELOCITY_BURST_KICK | 422
STAT-00502 | -0.7391 | 0.0000 | 27.5780 | LOCAL_MINIMA_BOTTLENECK_HAZARD | TRIGGER_DYNAMIC_VELOCITY_BURST_KICK | 422
STAT-00503 | -0.7391 | 0.0000 | 78.2710 | LOCAL_MINIMA_BOTTLENECK_HAZARD | TRIGGER_DYNAMIC_VELOCITY_BURST_KICK | 422
STAT-00504 | -0.7391 | -0.0000 | 77.9440 | LOCAL_MINIMA_BOTTLENECK_HAZARD | TRIGGER_DYNAMIC_VELOCITY_BURST_KICK | 422
STAT-00505 | -0.7391 | -0.0000 | 49.5890 | LOCAL_MINIMA_BOTTLENECK_HAZARD | TRIGGER_DYNAMIC_VELOCITY_BURST_KICK | 422
STAT-00506 | -0.7391 | -0.0000 | 17.4520 | LOCAL_MINIMA_BOTTLENECK_HAZARD | TRIGGER_DYNAMIC_VELOCITY_BURST_KICK | 422
STAT-00507 | -0.7391 | -0.0000 | 84.9690 | LOCAL_MINIMA_BOTTLENECK_HAZARD | TRIGGER_DYNAMIC_VELOCITY_BURST_KICK | 422
STAT-00508 | -0.7391 | -0.0000 | 11.8330 | LOCAL_MINIMA_BOTTLENECK_HAZARD | TRIGGER_DYNAMIC_VELOCITY_BURST_KICK | 422
STAT-00509 | -0.7391 | 0.0000 | 59.0330 | LOCAL_MINIMA_BOTTLENECK_HAZARD | TRIGGER_DYNAMIC_VELOCITY_BURST_KICK | 422
STAT-00510 | -0.7391 | 0.0000 | 62.4140 | LOCAL_MINIMA_BOTTLENECK_HAZARD | TRIGGER_DYNAMIC_VELOCITY_BURST_KICK | 422
STAT-00511 | -0.7391 | 0.0000 | 10.4640 | LOCAL_MINIMA_BOTTLENECK_HAZARD | TRIGGER_DYNAMIC_VELOCITY_BURST_KICK | 422
STAT-00512 | -0.7391 | 0.0000 | 58.5840 | LOCAL_MINIMA_BOTTLENECK_HAZARD | TRIGGER_DYNAMIC_VELOCITY_BURST_KICK | 422
STAT-00513 | -0.7391 | 0.0000 | 87.7220 | LOCAL_MINIMA_BOTTLENECK_HAZARD | TRIGGER_DYNAMIC_VELOCITY_BURST_KICK | 422
STAT-00514 | -0.7391 | -0.0000 | 45.3280 | LOCAL_MINIMA_BOTTLENECK_HAZARD | TRIGGER_DYNAMIC_VELOCITY_BURST_KICK | 422
STAT-00515 | -0.7391 | -0.0000 | 56.6410 | LOCAL_MINIMA_BOTTLENECK_HAZARD | TRIGGER_DYNAMIC_VELOCITY_BURST_KICK | 422
STAT-00516 | -0.7391 | -0.0000 | 79.3450 | LOCAL_MINIMA_BOTTLENECK_HAZARD | TRIGGER_DYNAMIC_VELOCITY_BURST_KICK | 422
STAT-00517 | -0.7391 | -0.0000 | 55.3870 | LOCAL_MINIMA_BOTTLENECK_HAZARD | TRIGGER_DYNAMIC_VELOCITY_BURST_KICK | 422
STAT-00518 | -0.7391 | -0.0000 | 14.6140 | LOCAL_MINIMA_BOTTLENECK_HAZARD | TRIGGER_DYNAMIC_VELOCITY_BURST_KICK | 422
STAT-00519 | -0.7391 | 0.0000 | 80.0750 | LOCAL_MINIMA_BOTTLENECK_HAZARD | TRIGGER_DYNAMIC_VELOCITY_BURST_KICK | 422
STAT-00520 | -0.7391 | 0.0000 | 37.1720 | LOCAL_MINIMA_BOTTLENECK_HAZARD | TRIGGER_DYNAMIC_VELOCITY_BURST_KICK | 422
STAT-00521 | -0.7391 | 0.0000 | 21.9610 | LOCAL_MINIMA_BOTTLENECK_HAZARD | TRIGGER_DYNAMIC_VELOCITY_BURST_KICK | 422
STAT-00522 | -0.7391 | 0.0000 | 0.0050 | CONVERGING_GLOBAL_MINIMA_TARGET | COMMIT_OPTIMIZED_MATRIX_WEIGHT_STEP | 200
STAT-00523 | -0.7391 | 0.0000 | 39.8970 | LOCAL_MINIMA_BOTTLENECK_HAZARD | TRIGGER_DYNAMIC_VELOCITY_BURST_KICK | 422
STAT-00524 | -0.7391 | -0.0000 | 60.0690 | LOCAL_MINIMA_BOTTLENECK_HAZARD | TRIGGER_DYNAMIC_VELOCITY_BURST_KICK | 422
STAT-00525 | -0.7391 | -0.0000 | 45.6810 | LOCAL_MINIMA_BOTTLENECK_HAZARD | TRIGGER_DYNAMIC_VELOCITY_BURST_KICK | 422
STAT-00526 | -0.7391 | -0.0000 | 38.4250 | LOCAL_MINIMA_BOTTLENECK_HAZARD | TRIGGER_DYNAMIC_VELOCITY_BURST_KICK | 422
STAT-00527 | -0.7391 | -0.0000 | 67.8260 | LOCAL_MINIMA_BOTTLENECK_HAZARD | TRIGGER_DYNAMIC_VELOCITY_BURST_KICK | 422
STAT-00528 | -0.7391 | -0.0000 | 28.4270 | LOCAL_MINIMA_BOTTLENECK_HAZARD | TRIGGER_DYNAMIC_VELOCITY_BURST_KICK | 422
STAT-00529 | -0.7391 | 0.0000 | 86.6810 | LOCAL_MINIMA_BOTTLENECK_HAZARD | TRIGGER_DYNAMIC_VELOCITY_BURST_KICK | 422
STAT-00530 | -0.7391 | 0.0000 | 14.0050 | LOCAL_MINIMA_BOTTLENECK_HAZARD | TRIGGER_DYNAMIC_VELOCITY_BURST_KICK | 422
STAT-00531 | -0.7391 | 0.0000 | 25.4490 | LOCAL_MINIMA_BOTTLENECK_HAZARD | TRIGGER_DYNAMIC_VELOCITY_BURST_KICK | 422
STAT-00532 | -0.7391 | 0.0000 | 54.5700 | LOCAL_MINIMA_BOTTLENECK_HAZARD | TRIGGER_DYNAMIC_VELOCITY_BURST_KICK | 422
STAT-00533 | -0.7391 | 0.0000 | 35.4390 | LOCAL_MINIMA_BOTTLENECK_HAZARD | TRIGGER_DYNAMIC_VELOCITY_BURST_KICK | 422
STAT-00534 | -0.7391 | -0.0000 | 12.3290 | LOCAL_MINIMA_BOTTLENECK_HAZARD | TRIGGER_DYNAMIC_VELOCITY_BURST_KICK | 422
STAT-00535 | -0.7391 | -0.0000 | 29.2690 | LOCAL_MINIMA_BOTTLENECK_HAZARD | TRIGGER_DYNAMIC_VELOCITY_BURST_KICK | 422
STAT-00536 | -0.7391 | -0.0000 | 63.0840 | LOCAL_MINIMA_BOTTLENECK_HAZARD | TRIGGER_DYNAMIC_VELOCITY_BURST_KICK | 422
STAT-00537 | -0.7391 | -0.0000 | 30.6800 | LOCAL_MINIMA_BOTTLENECK_HAZARD | TRIGGER_DYNAMIC_VELOCITY_BURST_KICK | 422
STAT-00538 | -0.7391 | -0.0000 | 13.6830 | LOCAL_MINIMA_BOTTLENECK_HAZARD | TRIGGER_DYNAMIC_VELOCITY_BURST_KICK | 422
STAT-00539 | -0.7391 | 0.0000 | 10.9330 | LOCAL_MINIMA_BOTTLENECK_HAZARD | TRIGGER_DYNAMIC_VELOCITY_BURST_KICK | 422
STAT-00540 | -0.7391 | 0.0000 | 72.8960 | LOCAL_MINIMA_BOTTLENECK_HAZARD | TRIGGER_DYNAMIC_VELOCITY_BURST_KICK | 422
STAT-00541 | -0.7391 | 0.0000 | 47.8700 | LOCAL_MINIMA_BOTTLENECK_HAZARD | TRIGGER_DYNAMIC_VELOCITY_BURST_KICK | 422
STAT-00542 | -0.7391 | 0.0000 | 29.1820 | LOCAL_MINIMA_BOTTLENECK_HAZARD | TRIGGER_DYNAMIC_VELOCITY_BURST_KICK | 422
STAT-00543 | -0.7391 | 0.0000 | 46.1270 | LOCAL_MINIMA_BOTTLENECK_HAZARD | TRIGGER_DYNAMIC_VELOCITY_BURST_KICK | 422
STAT-00544 | -0.7391 | -0.0000 | 11.5640 | LOCAL_MINIMA_BOTTLENECK_HAZARD | TRIGGER_DYNAMIC_VELOCITY_BURST_KICK | 422
STAT-00545 | -0.7391 | -0.0000 | 39.7350 | LOCAL_MINIMA_BOTTLENECK_HAZARD | TRIGGER_DYNAMIC_VELOCITY_BURST_KICK | 422
STAT-00546 | -0.7391 | -0.0000 | 39.7870 | LOCAL_MINIMA_BOTTLENECK_HAZARD | TRIGGER_DYNAMIC_VELOCITY_BURST_KICK | 422
STAT-00547 | -0.7391 | -0.0000 | 66.8990 | LOCAL_MINIMA_BOTTLENECK_HAZARD | TRIGGER_DYNAMIC_VELOCITY_BURST_KICK | 422
STAT-00548 | -0.7391 | -0.0000 | 5.8110 | LOCAL_MINIMA_BOTTLENECK_HAZARD | TRIGGER_DYNAMIC_VELOCITY_BURST_KICK | 422
STAT-00549 | -0.7391 | 0.0000 | 12.0740 | LOCAL_MINIMA_BOTTLENECK_HAZARD | TRIGGER_DYNAMIC_VELOCITY_BURST_KICK | 422
STAT-00550 | -0.7391 | 0.0000 | 10.4070 | LOCAL_MINIMA_BOTTLENECK_HAZARD | TRIGGER_DYNAMIC_VELOCITY_BURST_KICK | 422
STAT-00551 | -0.7391 | 0.0000 | 28.6460 | LOCAL_MINIMA_BOTTLENECK_HAZARD | TRIGGER_DYNAMIC_VELOCITY_BURST_KICK | 422
STAT-00552 | -0.7391 | 0.0000 | 53.6580 | LOCAL_MINIMA_BOTTLENECK_HAZARD | TRIGGER_DYNAMIC_VELOCITY_BURST_KICK | 422
STAT-00553 | -0.7391 | 0.0000 | 4.5200 | CONVERGING_GLOBAL_MINIMA_TARGET | COMMIT_OPTIMIZED_MATRIX_WEIGHT_STEP | 200
STAT-00554 | -0.7391 | -0.0000 | 2.5320 | CONVERGING_GLOBAL_MINIMA_TARGET | COMMIT_OPTIMIZED_MATRIX_WEIGHT_STEP | 200
STAT-00555 | -0.7391 | -0.0000 | 53.4530 | LOCAL_MINIMA_BOTTLENECK_HAZARD | TRIGGER_DYNAMIC_VELOCITY_BURST_KICK | 422
STAT-00556 | -0.7391 | -0.0000 | 6.4930 | LOCAL_MINIMA_BOTTLENECK_HAZARD | TRIGGER_DYNAMIC_VELOCITY_BURST_KICK | 422
STAT-00557 | -0.7391 | -0.0000 | 28.6320 | LOCAL_MINIMA_BOTTLENECK_HAZARD | TRIGGER_DYNAMIC_VELOCITY_BURST_KICK | 422
STAT-00558 | -0.7391 | -0.0000 | 25.4900 | LOCAL_MINIMA_BOTTLENECK_HAZARD | TRIGGER_DYNAMIC_VELOCITY_BURST_KICK | 422
STAT-00559 | -0.7391 | 0.0000 | 59.8790 | LOCAL_MINIMA_BOTTLENECK_HAZARD | TRIGGER_DYNAMIC_VELOCITY_BURST_KICK | 422
STAT-00560 | -0.7391 | 0.0000 | 4.6830 | CONVERGING_GLOBAL_MINIMA_TARGET | COMMIT_OPTIMIZED_MATRIX_WEIGHT_STEP | 200
STAT-00561 | -0.7391 | 0.0000 | 14.8190 | LOCAL_MINIMA_BOTTLENECK_HAZARD | TRIGGER_DYNAMIC_VELOCITY_BURST_KICK | 422
STAT-00562 | -0.7391 | 0.0000 | 40.2940 | LOCAL_MINIMA_BOTTLENECK_HAZARD | TRIGGER_DYNAMIC_VELOCITY_BURST_KICK | 422
STAT-00563 | -0.7391 | 0.0000 | 73.3010 | LOCAL_MINIMA_BOTTLENECK_HAZARD | TRIGGER_DYNAMIC_VELOCITY_BURST_KICK | 422
STAT-00564 | -0.7391 | -0.0000 | 27.6300 | LOCAL_MINIMA_BOTTLENECK_HAZARD | TRIGGER_DYNAMIC_VELOCITY_BURST_KICK | 422
STAT-00565 | -0.7391 | -0.0000 | 1.7670 | CONVERGING_GLOBAL_MINIMA_TARGET | COMMIT_OPTIMIZED_MATRIX_WEIGHT_STEP | 200
STAT-00566 | -0.7391 | -0.0000 | 16.1940 | LOCAL_MINIMA_BOTTLENECK_HAZARD | TRIGGER_DYNAMIC_VELOCITY_BURST_KICK | 422
STAT-00567 | -0.7391 | -0.0000 | 2.6680 | CONVERGING_GLOBAL_MINIMA_TARGET | COMMIT_OPTIMIZED_MATRIX_WEIGHT_STEP | 200
STAT-00568 | -0.7391 | -0.0000 | 9.8380 | LOCAL_MINIMA_BOTTLENECK_HAZARD | TRIGGER_DYNAMIC_VELOCITY_BURST_KICK | 422
STAT-00569 | -0.7391 | 0.0000 | 41.5180 | LOCAL_MINIMA_BOTTLENECK_HAZARD | TRIGGER_DYNAMIC_VELOCITY_BURST_KICK | 422
STAT-00570 | -0.7391 | 0.0000 | 44.0760 | LOCAL_MINIMA_BOTTLENECK_HAZARD | TRIGGER_DYNAMIC_VELOCITY_BURST_KICK | 422
STAT-00571 | -0.7391 | 0.0000 | 11.5620 | LOCAL_MINIMA_BOTTLENECK_HAZARD | TRIGGER_DYNAMIC_VELOCITY_BURST_KICK | 422
STAT-00572 | -0.7391 | 0.0000 | 10.1150 | LOCAL_MINIMA_BOTTLENECK_HAZARD | TRIGGER_DYNAMIC_VELOCITY_BURST_KICK | 422
STAT-00573 | -0.7391 | 0.0000 | 38.1060 | LOCAL_MINIMA_BOTTLENECK_HAZARD | TRIGGER_DYNAMIC_VELOCITY_BURST_KICK | 422
STAT-00574 | -0.7391 | -0.0000 | 75.0420 | LOCAL_MINIMA_BOTTLENECK_HAZARD | TRIGGER_DYNAMIC_VELOCITY_BURST_KICK | 422
STAT-00575 | -0.7391 | -0.0000 | 60.0610 | LOCAL_MINIMA_BOTTLENECK_HAZARD | TRIGGER_DYNAMIC_VELOCITY_BURST_KICK | 422
STAT-00576 | -0.7391 | -0.0000 | 24.9880 | LOCAL_MINIMA_BOTTLENECK_HAZARD | TRIGGER_DYNAMIC_VELOCITY_BURST_KICK | 422
STAT-00577 | -0.7391 | -0.0000 | 40.0010 | LOCAL_MINIMA_BOTTLENECK_HAZARD | TRIGGER_DYNAMIC_VELOCITY_BURST_KICK | 422
STAT-00578 | -0.7391 | -0.0000 | 16.7490 | LOCAL_MINIMA_BOTTLENECK_HAZARD | TRIGGER_DYNAMIC_VELOCITY_BURST_KICK | 422
STAT-00579 | -0.7391 | 0.0000 | 18.3060 | LOCAL_MINIMA_BOTTLENECK_HAZARD | TRIGGER_DYNAMIC_VELOCITY_BURST_KICK | 422
STAT-00580 | -0.7391 | 0.0000 | 5.9580 | LOCAL_MINIMA_BOTTLENECK_HAZARD | TRIGGER_DYNAMIC_VELOCITY_BURST_KICK | 422
STAT-00581 | -0.7391 | 0.0000 | 0.1330 | CONVERGING_GLOBAL_MINIMA_TARGET | COMMIT_OPTIMIZED_MATRIX_WEIGHT_STEP | 200
STAT-00582 | -0.7391 | 0.0000 | 60.1930 | LOCAL_MINIMA_BOTTLENECK_HAZARD | TRIGGER_DYNAMIC_VELOCITY_BURST_KICK | 422
STAT-00583 | -0.7391 | -0.0000 | 6.2140 | LOCAL_MINIMA_BOTTLENECK_HAZARD | TRIGGER_DYNAMIC_VELOCITY_BURST_KICK | 422
STAT-00584 | -0.7391 | -0.0000 | 44.2160 | LOCAL_MINIMA_BOTTLENECK_HAZARD | TRIGGER_DYNAMIC_VELOCITY_BURST_KICK | 422
STAT-00585 | -0.7391 | -0.0000 | 5.5900 | LOCAL_MINIMA_BOTTLENECK_HAZARD | TRIGGER_DYNAMIC_VELOCITY_BURST_KICK | 422
STAT-00586 | -0.7391 | -0.0000 | 16.4460 | LOCAL_MINIMA_BOTTLENECK_HAZARD | TRIGGER_DYNAMIC_VELOCITY_BURST_KICK | 422
STAT-00587 | -0.7391 | -0.0000 | 20.9250 | LOCAL_MINIMA_BOTTLENECK_HAZARD | TRIGGER_DYNAMIC_VELOCITY_BURST_KICK | 422
STAT-00588 | -0.7391 | 0.0000 | 34.5700 | LOCAL_MINIMA_BOTTLENECK_HAZARD | TRIGGER_DYNAMIC_VELOCITY_BURST_KICK | 422
STAT-00589 | -0.7391 | 0.0000 | 55.8070 | LOCAL_MINIMA_BOTTLENECK_HAZARD | TRIGGER_DYNAMIC_VELOCITY_BURST_KICK | 422
STAT-00590 | -0.7391 | 0.0000 | 39.3050 | LOCAL_MINIMA_BOTTLENECK_HAZARD | TRIGGER_DYNAMIC_VELOCITY_BURST_KICK | 422
STAT-00591 | -0.7391 | 0.0000 | 75.3500 | LOCAL_MINIMA_BOTTLENECK_HAZARD | TRIGGER_DYNAMIC_VELOCITY_BURST_KICK | 422
STAT-00592 | -0.7391 | 0.0000 | 32.5190 | LOCAL_MINIMA_BOTTLENECK_HAZARD | TRIGGER_DYNAMIC_VELOCITY_BURST_KICK | 422
STAT-00593 | -0.7391 | -0.0000 | 12.4580 | LOCAL_MINIMA_BOTTLENECK_HAZARD | TRIGGER_DYNAMIC_VELOCITY_BURST_KICK | 422
STAT-00594 | -0.7391 | -0.0000 | 3.6630 | CONVERGING_GLOBAL_MINIMA_TARGET | COMMIT_OPTIMIZED_MATRIX_WEIGHT_STEP | 200
STAT-00595 | -0.7391 | -0.0000 | 14.8560 | LOCAL_MINIMA_BOTTLENECK_HAZARD | TRIGGER_DYNAMIC_VELOCITY_BURST_KICK | 422
STAT-00596 | -0.7391 | -0.0000 | 7.2000 | LOCAL_MINIMA_BOTTLENECK_HAZARD | TRIGGER_DYNAMIC_VELOCITY_BURST_KICK | 422
STAT-00597 | -0.7391 | -0.0000 | 23.9450 | LOCAL_MINIMA_BOTTLENECK_HAZARD | TRIGGER_DYNAMIC_VELOCITY_BURST_KICK | 422
STAT-00598 | -0.7391 | 0.0000 | 11.7300 | LOCAL_MINIMA_BOTTLENECK_HAZARD | TRIGGER_DYNAMIC_VELOCITY_BURST_KICK | 422
STAT-00599 | -0.7391 | 0.0000 | 14.8650 | LOCAL_MINIMA_BOTTLENECK_HAZARD | TRIGGER_DYNAMIC_VELOCITY_BURST_KICK | 422
STAT-00600 | -0.7391 | 0.0000 | 29.5040 | LOCAL_MINIMA_BOTTLENECK_HAZARD | TRIGGER_DYNAMIC_VELOCITY_BURST_KICK | 422
STAT-00601 | -0.7391 | 0.0000 | 50.2020 | LOCAL_MINIMA_BOTTLENECK_HAZARD | TRIGGER_DYNAMIC_VELOCITY_BURST_KICK | 422
STAT-00602 | -0.7391 | 0.0000 | 6.5920 | LOCAL_MINIMA_BOTTLENECK_HAZARD | TRIGGER_DYNAMIC_VELOCITY_BURST_KICK | 422
STAT-00603 | -0.7391 | -0.0000 | 40.3870 | LOCAL_MINIMA_BOTTLENECK_HAZARD | TRIGGER_DYNAMIC_VELOCITY_BURST_KICK | 422
STAT-00604 | -0.7391 | -0.0000 | 31.1780 | LOCAL_MINIMA_BOTTLENECK_HAZARD | TRIGGER_DYNAMIC_VELOCITY_BURST_KICK | 422
STAT-00605 | -0.7391 | -0.0000 | 37.5250 | LOCAL_MINIMA_BOTTLENECK_HAZARD | TRIGGER_DYNAMIC_VELOCITY_BURST_KICK | 422
STAT-00606 | -0.7391 | -0.0000 | 31.4960 | LOCAL_MINIMA_BOTTLENECK_HAZARD | TRIGGER_DYNAMIC_VELOCITY_BURST_KICK | 422
STAT-00607 | -0.7391 | -0.0000 | 41.4820 | LOCAL_MINIMA_BOTTLENECK_HAZARD | TRIGGER_DYNAMIC_VELOCITY_BURST_KICK | 422
STAT-00608 | -0.7391 | 0.0000 | 17.8630 | LOCAL_MINIMA_BOTTLENECK_HAZARD | TRIGGER_DYNAMIC_VELOCITY_BURST_KICK | 422
STAT-00609 | -0.7391 | 0.0000 | 54.9760 | LOCAL_MINIMA_BOTTLENECK_HAZARD | TRIGGER_DYNAMIC_VELOCITY_BURST_KICK | 422
STAT-00610 | -0.7391 | 0.0000 | 70.8640 | LOCAL_MINIMA_BOTTLENECK_HAZARD | TRIGGER_DYNAMIC_VELOCITY_BURST_KICK | 422
STAT-00611 | -0.7391 | 0.0000 | 24.2020 | LOCAL_MINIMA_BOTTLENECK_HAZARD | TRIGGER_DYNAMIC_VELOCITY_BURST_KICK | 422
STAT-00612 | -0.7391 | 0.0000 | 47.4520 | LOCAL_MINIMA_BOTTLENECK_HAZARD | TRIGGER_DYNAMIC_VELOCITY_BURST_KICK | 422
STAT-00613 | -0.7391 | -0.0000 | 7.5890 | LOCAL_MINIMA_BOTTLENECK_HAZARD | TRIGGER_DYNAMIC_VELOCITY_BURST_KICK | 422
STAT-00614 | -0.7391 | -0.0000 | 44.0220 | LOCAL_MINIMA_BOTTLENECK_HAZARD | TRIGGER_DYNAMIC_VELOCITY_BURST_KICK | 422
STAT-00615 | -0.7391 | -0.0000 | 19.6240 | LOCAL_MINIMA_BOTTLENECK_HAZARD | TRIGGER_DYNAMIC_VELOCITY_BURST_KICK | 422
STAT-00616 | -0.7391 | -0.0000 | 69.5440 | LOCAL_MINIMA_BOTTLENECK_HAZARD | TRIGGER_DYNAMIC_VELOCITY_BURST_KICK | 422
STAT-00617 | -0.7391 | -0.0000 | 21.6330 | LOCAL_MINIMA_BOTTLENECK_HAZARD | TRIGGER_DYNAMIC_VELOCITY_BURST_KICK | 422
STAT-00618 | -0.7391 | 0.0000 | 43.0330 | LOCAL_MINIMA_BOTTLENECK_HAZARD | TRIGGER_DYNAMIC_VELOCITY_BURST_KICK | 422
STAT-00619 | -0.7391 | 0.0000 | 36.5990 | LOCAL_MINIMA_BOTTLENECK_HAZARD | TRIGGER_DYNAMIC_VELOCITY_BURST_KICK | 422
STAT-00620 | -0.7391 | 0.0000 | 37.5980 | LOCAL_MINIMA_BOTTLENECK_HAZARD | TRIGGER_DYNAMIC_VELOCITY_BURST_KICK | 422
STAT-00621 | -0.7391 | 0.0000 | 19.7880 | LOCAL_MINIMA_BOTTLENECK_HAZARD | TRIGGER_DYNAMIC_VELOCITY_BURST_KICK | 422
STAT-00622 | -0.7391 | 0.0000 | 33.7030 | LOCAL_MINIMA_BOTTLENECK_HAZARD | TRIGGER_DYNAMIC_VELOCITY_BURST_KICK | 422
STAT-00623 | -0.7391 | -0.0000 | 27.8560 | LOCAL_MINIMA_BOTTLENECK_HAZARD | TRIGGER_DYNAMIC_VELOCITY_BURST_KICK | 422
STAT-00624 | -0.7391 | -0.0000 | 43.5060 | LOCAL_MINIMA_BOTTLENECK_HAZARD | TRIGGER_DYNAMIC_VELOCITY_BURST_KICK | 422
STAT-00625 | -0.7391 | -0.0000 | 18.6960 | LOCAL_MINIMA_BOTTLENECK_HAZARD | TRIGGER_DYNAMIC_VELOCITY_BURST_KICK | 422
STAT-00626 | -0.7391 | -0.0000 | 20.2650 | LOCAL_MINIMA_BOTTLENECK_HAZARD | TRIGGER_DYNAMIC_VELOCITY_BURST_KICK | 422
STAT-00627 | -0.7391 | -0.0000 | 74.6390 | LOCAL_MINIMA_BOTTLENECK_HAZARD | TRIGGER_DYNAMIC_VELOCITY_BURST_KICK | 422
STAT-00628 | -0.7391 | 0.0000 | 46.9620 | LOCAL_MINIMA_BOTTLENECK_HAZARD | TRIGGER_DYNAMIC_VELOCITY_BURST_KICK | 422
STAT-00629 | -0.7391 | 0.0000 | 45.9800 | LOCAL_MINIMA_BOTTLENECK_HAZARD | TRIGGER_DYNAMIC_VELOCITY_BURST_KICK | 422
STAT-00630 | -0.7391 | 0.0000 | 11.4880 | LOCAL_MINIMA_BOTTLENECK_HAZARD | TRIGGER_DYNAMIC_VELOCITY_BURST_KICK | 422
STAT-00631 | -0.7391 | 0.0000 | 22.8160 | LOCAL_MINIMA_BOTTLENECK_HAZARD | TRIGGER_DYNAMIC_VELOCITY_BURST_KICK | 422
STAT-00632 | -0.7391 | 0.0000 | 53.6440 | LOCAL_MINIMA_BOTTLENECK_HAZARD | TRIGGER_DYNAMIC_VELOCITY_BURST_KICK | 422
STAT-00633 | -0.7391 | -0.0000 | 1.4540 | CONVERGING_GLOBAL_MINIMA_TARGET | COMMIT_OPTIMIZED_MATRIX_WEIGHT_STEP | 200
STAT-00634 | -0.7391 | -0.0000 | 6.8480 | LOCAL_MINIMA_BOTTLENECK_HAZARD | TRIGGER_DYNAMIC_VELOCITY_BURST_KICK | 422
STAT-00635 | -0.7391 | -0.0000 | 65.5620 | LOCAL_MINIMA_BOTTLENECK_HAZARD | TRIGGER_DYNAMIC_VELOCITY_BURST_KICK | 422
STAT-00636 | -0.7391 | -0.0000 | 0.0110 | CONVERGING_GLOBAL_MINIMA_TARGET | COMMIT_OPTIMIZED_MATRIX_WEIGHT_STEP | 200
STAT-00637 | -0.7391 | -0.0000 | 53.4590 | LOCAL_MINIMA_BOTTLENECK_HAZARD | TRIGGER_DYNAMIC_VELOCITY_BURST_KICK | 422
STAT-00638 | -0.7391 | 0.0000 | 71.8120 | LOCAL_MINIMA_BOTTLENECK_HAZARD | TRIGGER_DYNAMIC_VELOCITY_BURST_KICK | 422
STAT-00639 | -0.7391 | 0.0000 | 19.2800 | LOCAL_MINIMA_BOTTLENECK_HAZARD | TRIGGER_DYNAMIC_VELOCITY_BURST_KICK | 422
STAT-00640 | -0.7391 | 0.0000 | 29.2430 | LOCAL_MINIMA_BOTTLENECK_HAZARD | TRIGGER_DYNAMIC_VELOCITY_BURST_KICK | 422
STAT-00641 | -0.7391 | 0.0000 | 42.1300 | LOCAL_MINIMA_BOTTLENECK_HAZARD | TRIGGER_DYNAMIC_VELOCITY_BURST_KICK | 422
STAT-00642 | -0.7391 | 0.0000 | 55.1280 | LOCAL_MINIMA_BOTTLENECK_HAZARD | TRIGGER_DYNAMIC_VELOCITY_BURST_KICK | 422
STAT-00643 | -0.7391 | -0.0000 | 9.1680 | LOCAL_MINIMA_BOTTLENECK_HAZARD | TRIGGER_DYNAMIC_VELOCITY_BURST_KICK | 422
STAT-00644 | -0.7391 | -0.0000 | 2.6220 | CONVERGING_GLOBAL_MINIMA_TARGET | COMMIT_OPTIMIZED_MATRIX_WEIGHT_STEP | 200
STAT-00645 | -0.7391 | -0.0000 | 35.8600 | LOCAL_MINIMA_BOTTLENECK_HAZARD | TRIGGER_DYNAMIC_VELOCITY_BURST_KICK | 422
STAT-00646 | -0.7391 | -0.0000 | 52.0560 | LOCAL_MINIMA_BOTTLENECK_HAZARD | TRIGGER_DYNAMIC_VELOCITY_BURST_KICK | 422
STAT-00647 | -0.7391 | -0.0000 | 3.6270 | CONVERGING_GLOBAL_MINIMA_TARGET | COMMIT_OPTIMIZED_MATRIX_WEIGHT_STEP | 200
STAT-00648 | -0.7391 | 0.0000 | 6.6930 | LOCAL_MINIMA_BOTTLENECK_HAZARD | TRIGGER_DYNAMIC_VELOCITY_BURST_KICK | 422
STAT-00649 | -0.7391 | 0.0000 | 11.9670 | LOCAL_MINIMA_BOTTLENECK_HAZARD | TRIGGER_DYNAMIC_VELOCITY_BURST_KICK | 422
STAT-00650 | -0.7391 | 0.0000 | 75.3500 | LOCAL_MINIMA_BOTTLENECK_HAZARD | TRIGGER_DYNAMIC_VELOCITY_BURST_KICK | 422
STAT-00651 | -0.7391 | 0.0000 | 37.6840 | LOCAL_MINIMA_BOTTLENECK_HAZARD | TRIGGER_DYNAMIC_VELOCITY_BURST_KICK | 422
STAT-00652 | -0.7391 | 0.0000 | 5.2890 | LOCAL_MINIMA_BOTTLENECK_HAZARD | TRIGGER_DYNAMIC_VELOCITY_BURST_KICK | 422
STAT-00653 | -0.7391 | -0.0000 | 32.6510 | LOCAL_MINIMA_BOTTLENECK_HAZARD | TRIGGER_DYNAMIC_VELOCITY_BURST_KICK | 422
STAT-00654 | -0.7391 | -0.0000 | 38.1120 | LOCAL_MINIMA_BOTTLENECK_HAZARD | TRIGGER_DYNAMIC_VELOCITY_BURST_KICK | 422
STAT-00655 | -0.7391 | -0.0000 | 68.1040 | LOCAL_MINIMA_BOTTLENECK_HAZARD | TRIGGER_DYNAMIC_VELOCITY_BURST_KICK | 422
STAT-00656 | -0.7391 | -0.0000 | 39.0380 | LOCAL_MINIMA_BOTTLENECK_HAZARD | TRIGGER_DYNAMIC_VELOCITY_BURST_KICK | 422
STAT-00657 | -0.7391 | -0.0000 | 12.4930 | LOCAL_MINIMA_BOTTLENECK_HAZARD | TRIGGER_DYNAMIC_VELOCITY_BURST_KICK | 422
STAT-00658 | -0.7391 | 0.0000 | 0.3280 | CONVERGING_GLOBAL_MINIMA_TARGET | COMMIT_OPTIMIZED_MATRIX_WEIGHT_STEP | 200
STAT-00659 | -0.7391 | 0.0000 | 7.3660 | LOCAL_MINIMA_BOTTLENECK_HAZARD | TRIGGER_DYNAMIC_VELOCITY_BURST_KICK | 422
STAT-00660 | -0.7391 | 0.0000 | 51.2210 | LOCAL_MINIMA_BOTTLENECK_HAZARD | TRIGGER_DYNAMIC_VELOCITY_BURST_KICK | 422
STAT-00661 | -0.7391 | 0.0000 | 0.9790 | CONVERGING_GLOBAL_MINIMA_TARGET | COMMIT_OPTIMIZED_MATRIX_WEIGHT_STEP | 200
STAT-00662 | -0.7391 | 0.0000 | 22.5690 | LOCAL_MINIMA_BOTTLENECK_HAZARD | TRIGGER_DYNAMIC_VELOCITY_BURST_KICK | 422
STAT-00663 | -0.7391 | -0.0000 | 61.5270 | LOCAL_MINIMA_BOTTLENECK_HAZARD | TRIGGER_DYNAMIC_VELOCITY_BURST_KICK | 422
STAT-00664 | -0.7391 | -0.0000 | 73.0600 | LOCAL_MINIMA_BOTTLENECK_HAZARD | TRIGGER_DYNAMIC_VELOCITY_BURST_KICK | 422
STAT-00665 | -0.7391 | -0.0000 | 18.8630 | LOCAL_MINIMA_BOTTLENECK_HAZARD | TRIGGER_DYNAMIC_VELOCITY_BURST_KICK | 422
STAT-00666 | -0.7391 | -0.0000 | 14.8930 | LOCAL_MINIMA_BOTTLENECK_HAZARD | TRIGGER_DYNAMIC_VELOCITY_BURST_KICK | 422
STAT-00667 | -0.7391 | -0.0000 | 41.9170 | LOCAL_MINIMA_BOTTLENECK_HAZARD | TRIGGER_DYNAMIC_VELOCITY_BURST_KICK | 422
STAT-00668 | -0.7391 | 0.0000 | 46.5300 | LOCAL_MINIMA_BOTTLENECK_HAZARD | TRIGGER_DYNAMIC_VELOCITY_BURST_KICK | 422
STAT-00669 | -0.7391 | 0.0000 | 77.7260 | LOCAL_MINIMA_BOTTLENECK_HAZARD | TRIGGER_DYNAMIC_VELOCITY_BURST_KICK | 422
STAT-00670 | -0.7391 | 0.0000 | 4.5380 | CONVERGING_GLOBAL_MINIMA_TARGET | COMMIT_OPTIMIZED_MATRIX_WEIGHT_STEP | 200
STAT-00671 | -0.7391 | 0.0000 | 32.1960 | LOCAL_MINIMA_BOTTLENECK_HAZARD | TRIGGER_DYNAMIC_VELOCITY_BURST_KICK | 422
STAT-00672 | -0.7391 | 0.0000 | 77.7470 | LOCAL_MINIMA_BOTTLENECK_HAZARD | TRIGGER_DYNAMIC_VELOCITY_BURST_KICK | 422
STAT-00673 | -0.7391 | -0.0000 | 32.0410 | LOCAL_MINIMA_BOTTLENECK_HAZARD | TRIGGER_DYNAMIC_VELOCITY_BURST_KICK | 422
STAT-00674 | -0.7391 | -0.0000 | 45.7650 | LOCAL_MINIMA_BOTTLENECK_HAZARD | TRIGGER_DYNAMIC_VELOCITY_BURST_KICK | 422
STAT-00675 | -0.7391 | -0.0000 | 3.6260 | CONVERGING_GLOBAL_MINIMA_TARGET | COMMIT_OPTIMIZED_MATRIX_WEIGHT_STEP | 200
STAT-00676 | -0.7391 | -0.0000 | 40.1800 | LOCAL_MINIMA_BOTTLENECK_HAZARD | TRIGGER_DYNAMIC_VELOCITY_BURST_KICK | 422
STAT-00677 | -0.7391 | -0.0000 | 46.3960 | LOCAL_MINIMA_BOTTLENECK_HAZARD | TRIGGER_DYNAMIC_VELOCITY_BURST_KICK | 422
STAT-00678 | -0.7391 | 0.0000 | 6.1270 | LOCAL_MINIMA_BOTTLENECK_HAZARD | TRIGGER_DYNAMIC_VELOCITY_BURST_KICK | 422
STAT-00679 | -0.7391 | 0.0000 | 51.8220 | LOCAL_MINIMA_BOTTLENECK_HAZARD | TRIGGER_DYNAMIC_VELOCITY_BURST_KICK | 422
STAT-00680 | -0.7391 | 0.0000 | 16.9280 | LOCAL_MINIMA_BOTTLENECK_HAZARD | TRIGGER_DYNAMIC_VELOCITY_BURST_KICK | 422
STAT-00681 | -0.7391 | 0.0000 | 29.3850 | LOCAL_MINIMA_BOTTLENECK_HAZARD | TRIGGER_DYNAMIC_VELOCITY_BURST_KICK | 422
STAT-00682 | -0.7391 | 0.0000 | 50.2650 | LOCAL_MINIMA_BOTTLENECK_HAZARD | TRIGGER_DYNAMIC_VELOCITY_BURST_KICK | 422
STAT-00683 | -0.7391 | -0.0000 | 33.3260 | LOCAL_MINIMA_BOTTLENECK_HAZARD | TRIGGER_DYNAMIC_VELOCITY_BURST_KICK | 422
STAT-00684 | -0.7391 | -0.0000 | 22.9960 | LOCAL_MINIMA_BOTTLENECK_HAZARD | TRIGGER_DYNAMIC_VELOCITY_BURST_KICK | 422
STAT-00685 | -0.7391 | -0.0000 | 28.8550 | LOCAL_MINIMA_BOTTLENECK_HAZARD | TRIGGER_DYNAMIC_VELOCITY_BURST_KICK | 422
STAT-00686 | -0.7391 | -0.0000 | 2.2840 | CONVERGING_GLOBAL_MINIMA_TARGET | COMMIT_OPTIMIZED_MATRIX_WEIGHT_STEP | 200
STAT-00687 | -0.7391 | -0.0000 | 55.7420 | LOCAL_MINIMA_BOTTLENECK_HAZARD | TRIGGER_DYNAMIC_VELOCITY_BURST_KICK | 422
STAT-00688 | -0.7391 | 0.0000 | 8.1670 | LOCAL_MINIMA_BOTTLENECK_HAZARD | TRIGGER_DYNAMIC_VELOCITY_BURST_KICK | 422
STAT-00689 | -0.7391 | 0.0000 | 64.2290 | LOCAL_MINIMA_BOTTLENECK_HAZARD | TRIGGER_DYNAMIC_VELOCITY_BURST_KICK | 422
STAT-00690 | -0.7391 | 0.0000 | 79.3610 | LOCAL_MINIMA_BOTTLENECK_HAZARD | TRIGGER_DYNAMIC_VELOCITY_BURST_KICK | 422
STAT-00691 | -0.7391 | 0.0000 | 38.3710 | LOCAL_MINIMA_BOTTLENECK_HAZARD | TRIGGER_DYNAMIC_VELOCITY_BURST_KICK | 422
STAT-00692 | -0.7391 | 0.0000 | 0.1790 | CONVERGING_GLOBAL_MINIMA_TARGET | COMMIT_OPTIMIZED_MATRIX_WEIGHT_STEP | 200
STAT-00693 | -0.7391 | -0.0000 | 23.3050 | LOCAL_MINIMA_BOTTLENECK_HAZARD | TRIGGER_DYNAMIC_VELOCITY_BURST_KICK | 422
STAT-00694 | -0.7391 | -0.0000 | 29.8710 | LOCAL_MINIMA_BOTTLENECK_HAZARD | TRIGGER_DYNAMIC_VELOCITY_BURST_KICK | 422
STAT-00695 | -0.7391 | -0.0000 | 23.3460 | LOCAL_MINIMA_BOTTLENECK_HAZARD | TRIGGER_DYNAMIC_VELOCITY_BURST_KICK | 422
STAT-00696 | -0.7391 | -0.0000 | 68.2310 | LOCAL_MINIMA_BOTTLENECK_HAZARD | TRIGGER_DYNAMIC_VELOCITY_BURST_KICK | 422
STAT-00697 | -0.7391 | -0.0000 | 68.9420 | LOCAL_MINIMA_BOTTLENECK_HAZARD | TRIGGER_DYNAMIC_VELOCITY_BURST_KICK | 422
STAT-00698 | -0.7391 | 0.0000 | 8.8720 | LOCAL_MINIMA_BOTTLENECK_HAZARD | TRIGGER_DYNAMIC_VELOCITY_BURST_KICK | 422
STAT-00699 | -0.7391 | 0.0000 | 68.4750 | LOCAL_MINIMA_BOTTLENECK_HAZARD | TRIGGER_DYNAMIC_VELOCITY_BURST_KICK | 422
STAT-00700 | -0.7391 | 0.0000 | 17.2880 | LOCAL_MINIMA_BOTTLENECK_HAZARD | TRIGGER_DYNAMIC_VELOCITY_BURST_KICK | 422
STAT-00701 | -0.7391 | 0.0000 | 4.9700 | CONVERGING_GLOBAL_MINIMA_TARGET | COMMIT_OPTIMIZED_MATRIX_WEIGHT_STEP | 200
STAT-00702 | -0.7391 | 0.0000 | 29.8590 | LOCAL_MINIMA_BOTTLENECK_HAZARD | TRIGGER_DYNAMIC_VELOCITY_BURST_KICK | 422
STAT-00703 | -0.7391 | -0.0000 | 14.3020 | LOCAL_MINIMA_BOTTLENECK_HAZARD | TRIGGER_DYNAMIC_VELOCITY_BURST_KICK | 422
STAT-00704 | -0.7391 | -0.0000 | 49.2860 | LOCAL_MINIMA_BOTTLENECK_HAZARD | TRIGGER_DYNAMIC_VELOCITY_BURST_KICK | 422
STAT-00705 | -0.7391 | -0.0000 | 79.3740 | LOCAL_MINIMA_BOTTLENECK_HAZARD | TRIGGER_DYNAMIC_VELOCITY_BURST_KICK | 422
STAT-00706 | -0.7391 | -0.0000 | 71.3270 | LOCAL_MINIMA_BOTTLENECK_HAZARD | TRIGGER_DYNAMIC_VELOCITY_BURST_KICK | 422
STAT-00707 | -0.7391 | -0.0000 | 22.7050 | LOCAL_MINIMA_BOTTLENECK_HAZARD | TRIGGER_DYNAMIC_VELOCITY_BURST_KICK | 422
STAT-00708 | -0.7391 | 0.0000 | 25.1780 | LOCAL_MINIMA_BOTTLENECK_HAZARD | TRIGGER_DYNAMIC_VELOCITY_BURST_KICK | 422
STAT-00709 | -0.7391 | 0.0000 | 21.5580 | LOCAL_MINIMA_BOTTLENECK_HAZARD | TRIGGER_DYNAMIC_VELOCITY_BURST_KICK | 422
STAT-00710 | -0.7391 | 0.0000 | 68.0370 | LOCAL_MINIMA_BOTTLENECK_HAZARD | TRIGGER_DYNAMIC_VELOCITY_BURST_KICK | 422
STAT-00711 | -0.7391 | 0.0000 | 79.2830 | LOCAL_MINIMA_BOTTLENECK_HAZARD | TRIGGER_DYNAMIC_VELOCITY_BURST_KICK | 422
STAT-00712 | -0.7391 | 0.0000 | 14.5400 | LOCAL_MINIMA_BOTTLENECK_HAZARD | TRIGGER_DYNAMIC_VELOCITY_BURST_KICK | 422
STAT-00713 | -0.7391 | -0.0000 | 14.2860 | LOCAL_MINIMA_BOTTLENECK_HAZARD | TRIGGER_DYNAMIC_VELOCITY_BURST_KICK | 422
STAT-00714 | -0.7391 | -0.0000 | 5.4630 | LOCAL_MINIMA_BOTTLENECK_HAZARD | TRIGGER_DYNAMIC_VELOCITY_BURST_KICK | 422
STAT-00715 | -0.7391 | -0.0000 | 74.0980 | LOCAL_MINIMA_BOTTLENECK_HAZARD | TRIGGER_DYNAMIC_VELOCITY_BURST_KICK | 422
STAT-00716 | -0.7391 | -0.0000 | 31.3100 | LOCAL_MINIMA_BOTTLENECK_HAZARD | TRIGGER_DYNAMIC_VELOCITY_BURST_KICK | 422
STAT-00717 | -0.7391 | -0.0000 | 19.5840 | LOCAL_MINIMA_BOTTLENECK_HAZARD | TRIGGER_DYNAMIC_VELOCITY_BURST_KICK | 422
STAT-00718 | -0.7391 | 0.0000 | 75.8700 | LOCAL_MINIMA_BOTTLENECK_HAZARD | TRIGGER_DYNAMIC_VELOCITY_BURST_KICK | 422
STAT-00719 | -0.7391 | 0.0000 | 16.6480 | LOCAL_MINIMA_BOTTLENECK_HAZARD | TRIGGER_DYNAMIC_VELOCITY_BURST_KICK | 422
STAT-00720 | -0.7391 | 0.0000 | 22.2350 | LOCAL_MINIMA_BOTTLENECK_HAZARD | TRIGGER_DYNAMIC_VELOCITY_BURST_KICK | 422
STAT-00721 | -0.7391 | 0.0000 | 28.2170 | LOCAL_MINIMA_BOTTLENECK_HAZARD | TRIGGER_DYNAMIC_VELOCITY_BURST_KICK | 422
STAT-00722 | -0.7391 | 0.0000 | 43.8990 | LOCAL_MINIMA_BOTTLENECK_HAZARD | TRIGGER_DYNAMIC_VELOCITY_BURST_KICK | 422
STAT-00723 | -0.7391 | -0.0000 | 76.3250 | LOCAL_MINIMA_BOTTLENECK_HAZARD | TRIGGER_DYNAMIC_VELOCITY_BURST_KICK | 422
STAT-00724 | -0.7391 | -0.0000 | 35.6090 | LOCAL_MINIMA_BOTTLENECK_HAZARD | TRIGGER_DYNAMIC_VELOCITY_BURST_KICK | 422
STAT-00725 | -0.7391 | -0.0000 | 6.3130 | LOCAL_MINIMA_BOTTLENECK_HAZARD | TRIGGER_DYNAMIC_VELOCITY_BURST_KICK | 422
STAT-00726 | -0.7391 | -0.0000 | 67.6900 | LOCAL_MINIMA_BOTTLENECK_HAZARD | TRIGGER_DYNAMIC_VELOCITY_BURST_KICK | 422
STAT-00727 | -0.7391 | -0.0000 | 70.5740 | LOCAL_MINIMA_BOTTLENECK_HAZARD | TRIGGER_DYNAMIC_VELOCITY_BURST_KICK | 422
STAT-00728 | -0.7391 | 0.0000 | 59.0450 | LOCAL_MINIMA_BOTTLENECK_HAZARD | TRIGGER_DYNAMIC_VELOCITY_BURST_KICK | 422
STAT-00729 | -0.7391 | 0.0000 | 44.1040 | LOCAL_MINIMA_BOTTLENECK_HAZARD | TRIGGER_DYNAMIC_VELOCITY_BURST_KICK | 422
STAT-00730 | -0.7391 | 0.0000 | 15.4180 | LOCAL_MINIMA_BOTTLENECK_HAZARD | TRIGGER_DYNAMIC_VELOCITY_BURST_KICK | 422
STAT-00731 | -0.7391 | 0.0000 | 48.8670 | LOCAL_MINIMA_BOTTLENECK_HAZARD | TRIGGER_DYNAMIC_VELOCITY_BURST_KICK | 422
STAT-00732 | -0.7391 | 0.0000 | 76.0520 | LOCAL_MINIMA_BOTTLENECK_HAZARD | TRIGGER_DYNAMIC_VELOCITY_BURST_KICK | 422
STAT-00733 | -0.7391 | -0.0000 | 5.1150 | LOCAL_MINIMA_BOTTLENECK_HAZARD | TRIGGER_DYNAMIC_VELOCITY_BURST_KICK | 422
STAT-00734 | -0.7391 | -0.0000 | 1.3010 | CONVERGING_GLOBAL_MINIMA_TARGET | COMMIT_OPTIMIZED_MATRIX_WEIGHT_STEP | 200
STAT-00735 | -0.7391 | -0.0000 | 23.8160 | LOCAL_MINIMA_BOTTLENECK_HAZARD | TRIGGER_DYNAMIC_VELOCITY_BURST_KICK | 422
STAT-00736 | -0.7391 | -0.0000 | 14.2770 | LOCAL_MINIMA_BOTTLENECK_HAZARD | TRIGGER_DYNAMIC_VELOCITY_BURST_KICK | 422
STAT-00737 | -0.7391 | -0.0000 | 9.7440 | LOCAL_MINIMA_BOTTLENECK_HAZARD | TRIGGER_DYNAMIC_VELOCITY_BURST_KICK | 422
STAT-00738 | -0.7391 | 0.0000 | 29.8530 | LOCAL_MINIMA_BOTTLENECK_HAZARD | TRIGGER_DYNAMIC_VELOCITY_BURST_KICK | 422
STAT-00739 | -0.7391 | 0.0000 | 22.2060 | LOCAL_MINIMA_BOTTLENECK_HAZARD | TRIGGER_DYNAMIC_VELOCITY_BURST_KICK | 422
STAT-00740 | -0.7391 | 0.0000 | 2.9840 | CONVERGING_GLOBAL_MINIMA_TARGET | COMMIT_OPTIMIZED_MATRIX_WEIGHT_STEP | 200
STAT-00741 | -0.7391 | 0.0000 | 50.2580 | LOCAL_MINIMA_BOTTLENECK_HAZARD | TRIGGER_DYNAMIC_VELOCITY_BURST_KICK | 422
STAT-00742 | -0.7391 | 0.0000 | 36.5490 | LOCAL_MINIMA_BOTTLENECK_HAZARD | TRIGGER_DYNAMIC_VELOCITY_BURST_KICK | 422
STAT-00743 | -0.7391 | -0.0000 | 25.6300 | LOCAL_MINIMA_BOTTLENECK_HAZARD | TRIGGER_DYNAMIC_VELOCITY_BURST_KICK | 422
STAT-00744 | -0.7391 | -0.0000 | 60.8520 | LOCAL_MINIMA_BOTTLENECK_HAZARD | TRIGGER_DYNAMIC_VELOCITY_BURST_KICK | 422
STAT-00745 | -0.7391 | -0.0000 | 80.6370 | LOCAL_MINIMA_BOTTLENECK_HAZARD | TRIGGER_DYNAMIC_VELOCITY_BURST_KICK | 422
STAT-00746 | -0.7391 | -0.0000 | 43.0180 | LOCAL_MINIMA_BOTTLENECK_HAZARD | TRIGGER_DYNAMIC_VELOCITY_BURST_KICK | 422
STAT-00747 | -0.7391 | -0.0000 | 10.0480 | LOCAL_MINIMA_BOTTLENECK_HAZARD | TRIGGER_DYNAMIC_VELOCITY_BURST_KICK | 422
STAT-00748 | -0.7391 | 0.0000 | 4.4380 | CONVERGING_GLOBAL_MINIMA_TARGET | COMMIT_OPTIMIZED_MATRIX_WEIGHT_STEP | 200
STAT-00749 | -0.7391 | 0.0000 | 20.2660 | LOCAL_MINIMA_BOTTLENECK_HAZARD | TRIGGER_DYNAMIC_VELOCITY_BURST_KICK | 422
STAT-00750 | -0.7391 | 0.0000 | 45.4990 | LOCAL_MINIMA_BOTTLENECK_HAZARD | TRIGGER_DYNAMIC_VELOCITY_BURST_KICK | 422
STAT-00751 | -0.7391 | 0.0000 | 61.5870 | LOCAL_MINIMA_BOTTLENECK_HAZARD | TRIGGER_DYNAMIC_VELOCITY_BURST_KICK | 422
STAT-00752 | -0.7391 | 0.0000 | 71.4980 | LOCAL_MINIMA_BOTTLENECK_HAZARD | TRIGGER_DYNAMIC_VELOCITY_BURST_KICK | 422
STAT-00753 | -0.7391 | -0.0000 | 11.0840 | LOCAL_MINIMA_BOTTLENECK_HAZARD | TRIGGER_DYNAMIC_VELOCITY_BURST_KICK | 422
STAT-00754 | -0.7391 | -0.0000 | 15.5140 | LOCAL_MINIMA_BOTTLENECK_HAZARD | TRIGGER_DYNAMIC_VELOCITY_BURST_KICK | 422
STAT-00755 | -0.7391 | -0.0000 | 28.9390 | LOCAL_MINIMA_BOTTLENECK_HAZARD | TRIGGER_DYNAMIC_VELOCITY_BURST_KICK | 422
STAT-00756 | -0.7391 | -0.0000 | 37.9770 | LOCAL_MINIMA_BOTTLENECK_HAZARD | TRIGGER_DYNAMIC_VELOCITY_BURST_KICK | 422
STAT-00757 | -0.7391 | -0.0000 | 29.8600 | LOCAL_MINIMA_BOTTLENECK_HAZARD | TRIGGER_DYNAMIC_VELOCITY_BURST_KICK | 422
STAT-00758 | -0.7391 | 0.0000 | 8.1940 | LOCAL_MINIMA_BOTTLENECK_HAZARD | TRIGGER_DYNAMIC_VELOCITY_BURST_KICK | 422
STAT-00759 | -0.7391 | 0.0000 | 16.4880 | LOCAL_MINIMA_BOTTLENECK_HAZARD | TRIGGER_DYNAMIC_VELOCITY_BURST_KICK | 422
STAT-00760 | -0.7391 | 0.0000 | 42.0000 | LOCAL_MINIMA_BOTTLENECK_HAZARD | TRIGGER_DYNAMIC_VELOCITY_BURST_KICK | 422
STAT-00761 | -0.7391 | 0.0000 | 55.5600 | LOCAL_MINIMA_BOTTLENECK_HAZARD | TRIGGER_DYNAMIC_VELOCITY_BURST_KICK | 422
STAT-00762 | -0.7391 | 0.0000 | 23.2810 | LOCAL_MINIMA_BOTTLENECK_HAZARD | TRIGGER_DYNAMIC_VELOCITY_BURST_KICK | 422
STAT-00763 | -0.7391 | -0.0000 | 6.5240 | LOCAL_MINIMA_BOTTLENECK_HAZARD | TRIGGER_DYNAMIC_VELOCITY_BURST_KICK | 422
STAT-00764 | -0.7391 | -0.0000 | 18.9290 | LOCAL_MINIMA_BOTTLENECK_HAZARD | TRIGGER_DYNAMIC_VELOCITY_BURST_KICK | 422
STAT-00765 | -0.7391 | -0.0000 | 24.5040 | LOCAL_MINIMA_BOTTLENECK_HAZARD | TRIGGER_DYNAMIC_VELOCITY_BURST_KICK | 422
STAT-00766 | -0.7391 | -0.0000 | 12.4340 | LOCAL_MINIMA_BOTTLENECK_HAZARD | TRIGGER_DYNAMIC_VELOCITY_BURST_KICK | 422
STAT-00767 | -0.7391 | -0.0000 | 9.9280 | LOCAL_MINIMA_BOTTLENECK_HAZARD | TRIGGER_DYNAMIC_VELOCITY_BURST_KICK | 422
STAT-00768 | -0.7391 | 0.0000 | 16.1840 | LOCAL_MINIMA_BOTTLENECK_HAZARD | TRIGGER_DYNAMIC_VELOCITY_BURST_KICK | 422
STAT-00769 | -0.7391 | 0.0000 | 39.3880 | LOCAL_MINIMA_BOTTLENECK_HAZARD | TRIGGER_DYNAMIC_VELOCITY_BURST_KICK | 422
STAT-00770 | -0.7391 | 0.0000 | 55.6000 | LOCAL_MINIMA_BOTTLENECK_HAZARD | TRIGGER_DYNAMIC_VELOCITY_BURST_KICK | 422
STAT-00771 | -0.7391 | 0.0000 | 17.9190 | LOCAL_MINIMA_BOTTLENECK_HAZARD | TRIGGER_DYNAMIC_VELOCITY_BURST_KICK | 422
STAT-00772 | -0.7391 | 0.0000 | 61.0970 | LOCAL_MINIMA_BOTTLENECK_HAZARD | TRIGGER_DYNAMIC_VELOCITY_BURST_KICK | 422
STAT-00773 | -0.7391 | -0.0000 | 21.7520 | LOCAL_MINIMA_BOTTLENECK_HAZARD | TRIGGER_DYNAMIC_VELOCITY_BURST_KICK | 422
STAT-00774 | -0.7391 | -0.0000 | 19.7420 | LOCAL_MINIMA_BOTTLENECK_HAZARD | TRIGGER_DYNAMIC_VELOCITY_BURST_KICK | 422
STAT-00775 | -0.7391 | -0.0000 | 16.6610 | LOCAL_MINIMA_BOTTLENECK_HAZARD | TRIGGER_DYNAMIC_VELOCITY_BURST_KICK | 422
STAT-00776 | -0.7391 | -0.0000 | 67.3910 | LOCAL_MINIMA_BOTTLENECK_HAZARD | TRIGGER_DYNAMIC_VELOCITY_BURST_KICK | 422
STAT-00777 | -0.7391 | -0.0000 | 39.7660 | LOCAL_MINIMA_BOTTLENECK_HAZARD | TRIGGER_DYNAMIC_VELOCITY_BURST_KICK | 422
STAT-00778 | -0.7391 | 0.0000 | 8.2510 | LOCAL_MINIMA_BOTTLENECK_HAZARD | TRIGGER_DYNAMIC_VELOCITY_BURST_KICK | 422
STAT-00779 | -0.7391 | 0.0000 | 13.1090 | LOCAL_MINIMA_BOTTLENECK_HAZARD | TRIGGER_DYNAMIC_VELOCITY_BURST_KICK | 422
STAT-00780 | -0.7391 | 0.0000 | 49.4560 | LOCAL_MINIMA_BOTTLENECK_HAZARD | TRIGGER_DYNAMIC_VELOCITY_BURST_KICK | 422
STAT-00781 | -0.7391 | 0.0000 | 8.9110 | LOCAL_MINIMA_BOTTLENECK_HAZARD | TRIGGER_DYNAMIC_VELOCITY_BURST_KICK | 422
STAT-00782 | -0.7391 | 0.0000 | 9.9800 | LOCAL_MINIMA_BOTTLENECK_HAZARD | TRIGGER_DYNAMIC_VELOCITY_BURST_KICK | 422
STAT-00783 | -0.7391 | -0.0000 | 79.1320 | LOCAL_MINIMA_BOTTLENECK_HAZARD | TRIGGER_DYNAMIC_VELOCITY_BURST_KICK | 422
STAT-00784 | -0.7391 | -0.0000 | 36.3970 | LOCAL_MINIMA_BOTTLENECK_HAZARD | TRIGGER_DYNAMIC_VELOCITY_BURST_KICK | 422
STAT-00785 | -0.7391 | -0.0000 | 38.2840 | LOCAL_MINIMA_BOTTLENECK_HAZARD | TRIGGER_DYNAMIC_VELOCITY_BURST_KICK | 422
STAT-00786 | -0.7391 | -0.0000 | 65.8460 | LOCAL_MINIMA_BOTTLENECK_HAZARD | TRIGGER_DYNAMIC_VELOCITY_BURST_KICK | 422
STAT-00787 | -0.7391 | -0.0000 | 3.7140 | CONVERGING_GLOBAL_MINIMA_TARGET | COMMIT_OPTIMIZED_MATRIX_WEIGHT_STEP | 200
STAT-00788 | -0.7391 | 0.0000 | 0.1440 | CONVERGING_GLOBAL_MINIMA_TARGET | COMMIT_OPTIMIZED_MATRIX_WEIGHT_STEP | 200
STAT-00789 | -0.7391 | 0.0000 | 44.7680 | LOCAL_MINIMA_BOTTLENECK_HAZARD | TRIGGER_DYNAMIC_VELOCITY_BURST_KICK | 422
STAT-00790 | -0.7391 | 0.0000 | 89.5790 | LOCAL_MINIMA_BOTTLENECK_HAZARD | TRIGGER_DYNAMIC_VELOCITY_BURST_KICK | 422
STAT-00791 | -0.7391 | 0.0000 | 37.0020 | LOCAL_MINIMA_BOTTLENECK_HAZARD | TRIGGER_DYNAMIC_VELOCITY_BURST_KICK | 422
STAT-00792 | -0.7391 | 0.0000 | 56.8530 | LOCAL_MINIMA_BOTTLENECK_HAZARD | TRIGGER_DYNAMIC_VELOCITY_BURST_KICK | 422
STAT-00793 | -0.7391 | -0.0000 | 3.1440 | CONVERGING_GLOBAL_MINIMA_TARGET | COMMIT_OPTIMIZED_MATRIX_WEIGHT_STEP | 200
STAT-00794 | -0.7391 | -0.0000 | 17.5440 | LOCAL_MINIMA_BOTTLENECK_HAZARD | TRIGGER_DYNAMIC_VELOCITY_BURST_KICK | 422
STAT-00795 | -0.7391 | -0.0000 | 90.0920 | LOCAL_MINIMA_BOTTLENECK_HAZARD | TRIGGER_DYNAMIC_VELOCITY_BURST_KICK | 422
STAT-00796 | -0.7391 | -0.0000 | 22.2300 | LOCAL_MINIMA_BOTTLENECK_HAZARD | TRIGGER_DYNAMIC_VELOCITY_BURST_KICK | 422
STAT-00797 | -0.7391 | -0.0000 | 17.9430 | LOCAL_MINIMA_BOTTLENECK_HAZARD | TRIGGER_DYNAMIC_VELOCITY_BURST_KICK | 422
STAT-00798 | -0.7391 | 0.0000 | 47.5680 | LOCAL_MINIMA_BOTTLENECK_HAZARD | TRIGGER_DYNAMIC_VELOCITY_BURST_KICK | 422
STAT-00799 | -0.7391 | 0.0000 | 35.6570 | LOCAL_MINIMA_BOTTLENECK_HAZARD | TRIGGER_DYNAMIC_VELOCITY_BURST_KICK | 422
STAT-00800 | -0.7391 | 0.0000 | 18.2890 | LOCAL_MINIMA_BOTTLENECK_HAZARD | TRIGGER_DYNAMIC_VELOCITY_BURST_KICK | 422
STAT-00801 | -0.7391 | 0.0000 | 17.4070 | LOCAL_MINIMA_BOTTLENECK_HAZARD | TRIGGER_DYNAMIC_VELOCITY_BURST_KICK | 422
STAT-00802 | -0.7391 | 0.0000 | 70.4040 | LOCAL_MINIMA_BOTTLENECK_HAZARD | TRIGGER_DYNAMIC_VELOCITY_BURST_KICK | 422
STAT-00803 | -0.7391 | -0.0000 | 30.4010 | LOCAL_MINIMA_BOTTLENECK_HAZARD | TRIGGER_DYNAMIC_VELOCITY_BURST_KICK | 422
STAT-00804 | -0.7391 | -0.0000 | 73.5570 | LOCAL_MINIMA_BOTTLENECK_HAZARD | TRIGGER_DYNAMIC_VELOCITY_BURST_KICK | 422
STAT-00805 | -0.7391 | -0.0000 | 19.1940 | LOCAL_MINIMA_BOTTLENECK_HAZARD | TRIGGER_DYNAMIC_VELOCITY_BURST_KICK | 422
STAT-00806 | -0.7391 | -0.0000 | 72.3860 | LOCAL_MINIMA_BOTTLENECK_HAZARD | TRIGGER_DYNAMIC_VELOCITY_BURST_KICK | 422
STAT-00807 | -0.7391 | -0.0000 | 19.0290 | LOCAL_MINIMA_BOTTLENECK_HAZARD | TRIGGER_DYNAMIC_VELOCITY_BURST_KICK | 422
STAT-00808 | -0.7391 | 0.0000 | 26.2810 | LOCAL_MINIMA_BOTTLENECK_HAZARD | TRIGGER_DYNAMIC_VELOCITY_BURST_KICK | 422
STAT-00809 | -0.7391 | 0.0000 | 62.7450 | LOCAL_MINIMA_BOTTLENECK_HAZARD | TRIGGER_DYNAMIC_VELOCITY_BURST_KICK | 422
STAT-00810 | -0.7391 | 0.0000 | 76.2840 | LOCAL_MINIMA_BOTTLENECK_HAZARD | TRIGGER_DYNAMIC_VELOCITY_BURST_KICK | 422
STAT-00811 | -0.7391 | 0.0000 | 36.6590 | LOCAL_MINIMA_BOTTLENECK_HAZARD | TRIGGER_DYNAMIC_VELOCITY_BURST_KICK | 422
STAT-00812 | -0.7391 | 0.0000 | 12.2710 | LOCAL_MINIMA_BOTTLENECK_HAZARD | TRIGGER_DYNAMIC_VELOCITY_BURST_KICK | 422
STAT-00813 | -0.7391 | -0.0000 | 36.0880 | LOCAL_MINIMA_BOTTLENECK_HAZARD | TRIGGER_DYNAMIC_VELOCITY_BURST_KICK | 422
STAT-00814 | -0.7391 | -0.0000 | 20.8410 | LOCAL_MINIMA_BOTTLENECK_HAZARD | TRIGGER_DYNAMIC_VELOCITY_BURST_KICK | 422
STAT-00815 | -0.7391 | -0.0000 | 34.6540 | LOCAL_MINIMA_BOTTLENECK_HAZARD | TRIGGER_DYNAMIC_VELOCITY_BURST_KICK | 422
STAT-00816 | -0.7391 | -0.0000 | 3.1460 | CONVERGING_GLOBAL_MINIMA_TARGET | COMMIT_OPTIMIZED_MATRIX_WEIGHT_STEP | 200
STAT-00817 | -0.7391 | -0.0000 | 7.5910 | LOCAL_MINIMA_BOTTLENECK_HAZARD | TRIGGER_DYNAMIC_VELOCITY_BURST_KICK | 422
STAT-00818 | -0.7391 | 0.0000 | 35.5770 | LOCAL_MINIMA_BOTTLENECK_HAZARD | TRIGGER_DYNAMIC_VELOCITY_BURST_KICK | 422
STAT-00819 | -0.7391 | 0.0000 | 49.0630 | LOCAL_MINIMA_BOTTLENECK_HAZARD | TRIGGER_DYNAMIC_VELOCITY_BURST_KICK | 422
STAT-00820 | -0.7391 | 0.0000 | 1.9310 | CONVERGING_GLOBAL_MINIMA_TARGET | COMMIT_OPTIMIZED_MATRIX_WEIGHT_STEP | 200
STAT-00821 | -0.7391 | 0.0000 | 16.5810 | LOCAL_MINIMA_BOTTLENECK_HAZARD | TRIGGER_DYNAMIC_VELOCITY_BURST_KICK | 422
STAT-00822 | -0.7391 | 0.0000 | 31.7050 | LOCAL_MINIMA_BOTTLENECK_HAZARD | TRIGGER_DYNAMIC_VELOCITY_BURST_KICK | 422
STAT-00823 | -0.7391 | -0.0000 | 33.5640 | LOCAL_MINIMA_BOTTLENECK_HAZARD | TRIGGER_DYNAMIC_VELOCITY_BURST_KICK | 422
STAT-00824 | -0.7391 | -0.0000 | 10.2190 | LOCAL_MINIMA_BOTTLENECK_HAZARD | TRIGGER_DYNAMIC_VELOCITY_BURST_KICK | 422
STAT-00825 | -0.7391 | -0.0000 | 25.6620 | LOCAL_MINIMA_BOTTLENECK_HAZARD | TRIGGER_DYNAMIC_VELOCITY_BURST_KICK | 422
STAT-00826 | -0.7391 | -0.0000 | 71.6230 | LOCAL_MINIMA_BOTTLENECK_HAZARD | TRIGGER_DYNAMIC_VELOCITY_BURST_KICK | 422
STAT-00827 | -0.7391 | -0.0000 | 1.5910 | CONVERGING_GLOBAL_MINIMA_TARGET | COMMIT_OPTIMIZED_MATRIX_WEIGHT_STEP | 200
STAT-00828 | -0.7391 | 0.0000 | 1.6600 | CONVERGING_GLOBAL_MINIMA_TARGET | COMMIT_OPTIMIZED_MATRIX_WEIGHT_STEP | 200
STAT-00829 | -0.7391 | 0.0000 | 39.4470 | LOCAL_MINIMA_BOTTLENECK_HAZARD | TRIGGER_DYNAMIC_VELOCITY_BURST_KICK | 422
STAT-00830 | -0.7391 | 0.0000 | 25.1910 | LOCAL_MINIMA_BOTTLENECK_HAZARD | TRIGGER_DYNAMIC_VELOCITY_BURST_KICK | 422
STAT-00831 | -0.7391 | 0.0000 | 12.0410 | LOCAL_MINIMA_BOTTLENECK_HAZARD | TRIGGER_DYNAMIC_VELOCITY_BURST_KICK | 422
STAT-00832 | -0.7391 | 0.0000 | 30.8490 | LOCAL_MINIMA_BOTTLENECK_HAZARD | TRIGGER_DYNAMIC_VELOCITY_BURST_KICK | 422
STAT-00833 | -0.7391 | -0.0000 | 44.2690 | LOCAL_MINIMA_BOTTLENECK_HAZARD | TRIGGER_DYNAMIC_VELOCITY_BURST_KICK | 422
STAT-00834 | -0.7391 | -0.0000 | 15.6890 | LOCAL_MINIMA_BOTTLENECK_HAZARD | TRIGGER_DYNAMIC_VELOCITY_BURST_KICK | 422
STAT-00835 | -0.7391 | -0.0000 | 1.8160 | CONVERGING_GLOBAL_MINIMA_TARGET | COMMIT_OPTIMIZED_MATRIX_WEIGHT_STEP | 200
STAT-00836 | -0.7391 | -0.0000 | 13.9730 | LOCAL_MINIMA_BOTTLENECK_HAZARD | TRIGGER_DYNAMIC_VELOCITY_BURST_KICK | 422
STAT-00837 | -0.7391 | -0.0000 | 74.9160 | LOCAL_MINIMA_BOTTLENECK_HAZARD | TRIGGER_DYNAMIC_VELOCITY_BURST_KICK | 422
STAT-00838 | -0.7391 | 0.0000 | 47.3610 | LOCAL_MINIMA_BOTTLENECK_HAZARD | TRIGGER_DYNAMIC_VELOCITY_BURST_KICK | 422
STAT-00839 | -0.7391 | 0.0000 | 57.3620 | LOCAL_MINIMA_BOTTLENECK_HAZARD | TRIGGER_DYNAMIC_VELOCITY_BURST_KICK | 422
STAT-00840 | -0.7391 | 0.0000 | 11.9130 | LOCAL_MINIMA_BOTTLENECK_HAZARD | TRIGGER_DYNAMIC_VELOCITY_BURST_KICK | 422
STAT-00841 | -0.7391 | 0.0000 | 26.5140 | LOCAL_MINIMA_BOTTLENECK_HAZARD | TRIGGER_DYNAMIC_VELOCITY_BURST_KICK | 422
STAT-00842 | -0.7391 | 0.0000 | 68.7330 | LOCAL_MINIMA_BOTTLENECK_HAZARD | TRIGGER_DYNAMIC_VELOCITY_BURST_KICK | 422
STAT-00843 | -0.7391 | -0.0000 | 11.0070 | LOCAL_MINIMA_BOTTLENECK_HAZARD | TRIGGER_DYNAMIC_VELOCITY_BURST_KICK | 422
STAT-00844 | -0.7391 | -0.0000 | 22.4330 | LOCAL_MINIMA_BOTTLENECK_HAZARD | TRIGGER_DYNAMIC_VELOCITY_BURST_KICK | 422
STAT-00845 | -0.7391 | -0.0000 | 46.5380 | LOCAL_MINIMA_BOTTLENECK_HAZARD | TRIGGER_DYNAMIC_VELOCITY_BURST_KICK | 422
STAT-00846 | -0.7391 | -0.0000 | 8.9560 | LOCAL_MINIMA_BOTTLENECK_HAZARD | TRIGGER_DYNAMIC_VELOCITY_BURST_KICK | 422
STAT-00847 | -0.7391 | -0.0000 | 83.9140 | LOCAL_MINIMA_BOTTLENECK_HAZARD | TRIGGER_DYNAMIC_VELOCITY_BURST_KICK | 422
STAT-00848 | -0.7391 | 0.0000 | 25.0850 | LOCAL_MINIMA_BOTTLENECK_HAZARD | TRIGGER_DYNAMIC_VELOCITY_BURST_KICK | 422
STAT-00849 | -0.7391 | 0.0000 | 15.5630 | LOCAL_MINIMA_BOTTLENECK_HAZARD | TRIGGER_DYNAMIC_VELOCITY_BURST_KICK | 422
STAT-00850 | -0.7391 | 0.0000 | 57.4620 | LOCAL_MINIMA_BOTTLENECK_HAZARD | TRIGGER_DYNAMIC_VELOCITY_BURST_KICK | 422
STAT-00851 | -0.7391 | 0.0000 | 23.6600 | LOCAL_MINIMA_BOTTLENECK_HAZARD | TRIGGER_DYNAMIC_VELOCITY_BURST_KICK | 422
STAT-00852 | -0.7391 | 0.0000 | 50.4790 | LOCAL_MINIMA_BOTTLENECK_HAZARD | TRIGGER_DYNAMIC_VELOCITY_BURST_KICK | 422
STAT-00853 | -0.7391 | -0.0000 | 13.4130 | LOCAL_MINIMA_BOTTLENECK_HAZARD | TRIGGER_DYNAMIC_VELOCITY_BURST_KICK | 422
STAT-00854 | -0.7391 | -0.0000 | 74.4420 | LOCAL_MINIMA_BOTTLENECK_HAZARD | TRIGGER_DYNAMIC_VELOCITY_BURST_KICK | 422
STAT-00855 | -0.7391 | -0.0000 | 17.0430 | LOCAL_MINIMA_BOTTLENECK_HAZARD | TRIGGER_DYNAMIC_VELOCITY_BURST_KICK | 422
STAT-00856 | -0.7391 | -0.0000 | 62.7720 | LOCAL_MINIMA_BOTTLENECK_HAZARD | TRIGGER_DYNAMIC_VELOCITY_BURST_KICK | 422
STAT-00857 | -0.7391 | -0.0000 | 29.4430 | LOCAL_MINIMA_BOTTLENECK_HAZARD | TRIGGER_DYNAMIC_VELOCITY_BURST_KICK | 422
STAT-00858 | -0.7391 | 0.0000 | 1.9370 | CONVERGING_GLOBAL_MINIMA_TARGET | COMMIT_OPTIMIZED_MATRIX_WEIGHT_STEP | 200
STAT-00859 | -0.7391 | 0.0000 | 4.4400 | CONVERGING_GLOBAL_MINIMA_TARGET | COMMIT_OPTIMIZED_MATRIX_WEIGHT_STEP | 200
STAT-00860 | -0.7391 | 0.0000 | 51.1010 | LOCAL_MINIMA_BOTTLENECK_HAZARD | TRIGGER_DYNAMIC_VELOCITY_BURST_KICK | 422
STAT-00861 | -0.7391 | 0.0000 | 36.9670 | LOCAL_MINIMA_BOTTLENECK_HAZARD | TRIGGER_DYNAMIC_VELOCITY_BURST_KICK | 422
STAT-00862 | -0.7391 | 0.0000 | 4.5690 | CONVERGING_GLOBAL_MINIMA_TARGET | COMMIT_OPTIMIZED_MATRIX_WEIGHT_STEP | 200
STAT-00863 | -0.7391 | -0.0000 | 6.3720 | LOCAL_MINIMA_BOTTLENECK_HAZARD | TRIGGER_DYNAMIC_VELOCITY_BURST_KICK | 422
STAT-00864 | -0.7391 | -0.0000 | 19.0960 | LOCAL_MINIMA_BOTTLENECK_HAZARD | TRIGGER_DYNAMIC_VELOCITY_BURST_KICK | 422
STAT-00865 | -0.7391 | -0.0000 | 49.7580 | LOCAL_MINIMA_BOTTLENECK_HAZARD | TRIGGER_DYNAMIC_VELOCITY_BURST_KICK | 422
STAT-00866 | -0.7391 | -0.0000 | 7.4690 | LOCAL_MINIMA_BOTTLENECK_HAZARD | TRIGGER_DYNAMIC_VELOCITY_BURST_KICK | 422
STAT-00867 | -0.7391 | -0.0000 | 15.3950 | LOCAL_MINIMA_BOTTLENECK_HAZARD | TRIGGER_DYNAMIC_VELOCITY_BURST_KICK | 422
STAT-00868 | -0.7391 | 0.0000 | 20.4070 | LOCAL_MINIMA_BOTTLENECK_HAZARD | TRIGGER_DYNAMIC_VELOCITY_BURST_KICK | 422
STAT-00869 | -0.7391 | 0.0000 | 21.3100 | LOCAL_MINIMA_BOTTLENECK_HAZARD | TRIGGER_DYNAMIC_VELOCITY_BURST_KICK | 422
STAT-00870 | -0.7391 | 0.0000 | 76.8720 | LOCAL_MINIMA_BOTTLENECK_HAZARD | TRIGGER_DYNAMIC_VELOCITY_BURST_KICK | 422
STAT-00871 | -0.7391 | 0.0000 | 4.6360 | CONVERGING_GLOBAL_MINIMA_TARGET | COMMIT_OPTIMIZED_MATRIX_WEIGHT_STEP | 200
STAT-00872 | -0.7391 | 0.0000 | 38.4210 | LOCAL_MINIMA_BOTTLENECK_HAZARD | TRIGGER_DYNAMIC_VELOCITY_BURST_KICK | 422
STAT-00873 | -0.7391 | -0.0000 | 36.5170 | LOCAL_MINIMA_BOTTLENECK_HAZARD | TRIGGER_DYNAMIC_VELOCITY_BURST_KICK | 422
STAT-00874 | -0.7391 | -0.0000 | 35.4510 | LOCAL_MINIMA_BOTTLENECK_HAZARD | TRIGGER_DYNAMIC_VELOCITY_BURST_KICK | 422
STAT-00875 | -0.7391 | -0.0000 | 85.3820 | LOCAL_MINIMA_BOTTLENECK_HAZARD | TRIGGER_DYNAMIC_VELOCITY_BURST_KICK | 422
STAT-00876 | -0.7391 | -0.0000 | 14.7980 | LOCAL_MINIMA_BOTTLENECK_HAZARD | TRIGGER_DYNAMIC_VELOCITY_BURST_KICK | 422
STAT-00877 | -0.7391 | -0.0000 | 37.3040 | LOCAL_MINIMA_BOTTLENECK_HAZARD | TRIGGER_DYNAMIC_VELOCITY_BURST_KICK | 422
STAT-00878 | -0.7391 | 0.0000 | 44.9230 | LOCAL_MINIMA_BOTTLENECK_HAZARD | TRIGGER_DYNAMIC_VELOCITY_BURST_KICK | 422
STAT-00879 | -0.7391 | 0.0000 | 26.1540 | LOCAL_MINIMA_BOTTLENECK_HAZARD | TRIGGER_DYNAMIC_VELOCITY_BURST_KICK | 422
STAT-00880 | -0.7391 | 0.0000 | 31.6960 | LOCAL_MINIMA_BOTTLENECK_HAZARD | TRIGGER_DYNAMIC_VELOCITY_BURST_KICK | 422
STAT-00881 | -0.7391 | 0.0000 | 7.6800 | LOCAL_MINIMA_BOTTLENECK_HAZARD | TRIGGER_DYNAMIC_VELOCITY_BURST_KICK | 422
STAT-00882 | -0.7391 | -0.0000 | 18.5380 | LOCAL_MINIMA_BOTTLENECK_HAZARD | TRIGGER_DYNAMIC_VELOCITY_BURST_KICK | 422
STAT-00883 | -0.7391 | -0.0000 | 86.3140 | LOCAL_MINIMA_BOTTLENECK_HAZARD | TRIGGER_DYNAMIC_VELOCITY_BURST_KICK | 422
STAT-00884 | -0.7391 | -0.0000 | 37.2700 | LOCAL_MINIMA_BOTTLENECK_HAZARD | TRIGGER_DYNAMIC_VELOCITY_BURST_KICK | 422
STAT-00885 | -0.7391 | -0.0000 | 54.2390 | LOCAL_MINIMA_BOTTLENECK_HAZARD | TRIGGER_DYNAMIC_VELOCITY_BURST_KICK | 422
STAT-00886 | -0.7391 | -0.0000 | 67.5050 | LOCAL_MINIMA_BOTTLENECK_HAZARD | TRIGGER_DYNAMIC_VELOCITY_BURST_KICK | 422
STAT-00887 | -0.7391 | 0.0000 | 54.3100 | LOCAL_MINIMA_BOTTLENECK_HAZARD | TRIGGER_DYNAMIC_VELOCITY_BURST_KICK | 422
STAT-00888 | -0.7391 | 0.0000 | 12.8650 | LOCAL_MINIMA_BOTTLENECK_HAZARD | TRIGGER_DYNAMIC_VELOCITY_BURST_KICK | 422
STAT-00889 | -0.7391 | 0.0000 | 22.1510 | LOCAL_MINIMA_BOTTLENECK_HAZARD | TRIGGER_DYNAMIC_VELOCITY_BURST_KICK | 422
STAT-00890 | -0.7391 | 0.0000 | 8.7030 | LOCAL_MINIMA_BOTTLENECK_HAZARD | TRIGGER_DYNAMIC_VELOCITY_BURST_KICK | 422
STAT-00891 | -0.7391 | 0.0000 | 23.0860 | LOCAL_MINIMA_BOTTLENECK_HAZARD | TRIGGER_DYNAMIC_VELOCITY_BURST_KICK | 422
STAT-00892 | -0.7391 | -0.0000 | 13.2170 | LOCAL_MINIMA_BOTTLENECK_HAZARD | TRIGGER_DYNAMIC_VELOCITY_BURST_KICK | 422
STAT-00893 | -0.7391 | -0.0000 | 22.0730 | LOCAL_MINIMA_BOTTLENECK_HAZARD | TRIGGER_DYNAMIC_VELOCITY_BURST_KICK | 422
STAT-00894 | -0.7391 | -0.0000 | 2.0520 | CONVERGING_GLOBAL_MINIMA_TARGET | COMMIT_OPTIMIZED_MATRIX_WEIGHT_STEP | 200
STAT-00895 | -0.7391 | -0.0000 | 18.5210 | LOCAL_MINIMA_BOTTLENECK_HAZARD | TRIGGER_DYNAMIC_VELOCITY_BURST_KICK | 422
STAT-00896 | -0.7391 | -0.0000 | 41.9440 | LOCAL_MINIMA_BOTTLENECK_HAZARD | TRIGGER_DYNAMIC_VELOCITY_BURST_KICK | 422
STAT-00897 | -0.7391 | 0.0000 | 43.7990 | LOCAL_MINIMA_BOTTLENECK_HAZARD | TRIGGER_DYNAMIC_VELOCITY_BURST_KICK | 422
STAT-00898 | -0.7391 | 0.0000 | 51.3840 | LOCAL_MINIMA_BOTTLENECK_HAZARD | TRIGGER_DYNAMIC_VELOCITY_BURST_KICK | 422
STAT-00899 | -0.7391 | 0.0000 | 26.4520 | LOCAL_MINIMA_BOTTLENECK_HAZARD | TRIGGER_DYNAMIC_VELOCITY_BURST_KICK | 422
STAT-00900 | -0.7391 | 0.0000 | 52.4430 | LOCAL_MINIMA_BOTTLENECK_HAZARD | TRIGGER_DYNAMIC_VELOCITY_BURST_KICK | 422
STAT-00901 | -0.7391 | 0.0000 | 10.4870 | LOCAL_MINIMA_BOTTLENECK_HAZARD | TRIGGER_DYNAMIC_VELOCITY_BURST_KICK | 422
STAT-00902 | -0.7391 | -0.0000 | 28.4630 | LOCAL_MINIMA_BOTTLENECK_HAZARD | TRIGGER_DYNAMIC_VELOCITY_BURST_KICK | 422
STAT-00903 | -0.7391 | -0.0000 | 62.1940 | LOCAL_MINIMA_BOTTLENECK_HAZARD | TRIGGER_DYNAMIC_VELOCITY_BURST_KICK | 422
STAT-00904 | -0.7391 | -0.0000 | 19.2470 | LOCAL_MINIMA_BOTTLENECK_HAZARD | TRIGGER_DYNAMIC_VELOCITY_BURST_KICK | 422
STAT-00905 | -0.7391 | -0.0000 | 39.3570 | LOCAL_MINIMA_BOTTLENECK_HAZARD | TRIGGER_DYNAMIC_VELOCITY_BURST_KICK | 422
STAT-00906 | -0.7391 | -0.0000 | 14.3970 | LOCAL_MINIMA_BOTTLENECK_HAZARD | TRIGGER_DYNAMIC_VELOCITY_BURST_KICK | 422
STAT-00907 | -0.7391 | 0.0000 | 10.7030 | LOCAL_MINIMA_BOTTLENECK_HAZARD | TRIGGER_DYNAMIC_VELOCITY_BURST_KICK | 422
STAT-00908 | -0.7391 | 0.0000 | 15.1000 | LOCAL_MINIMA_BOTTLENECK_HAZARD | TRIGGER_DYNAMIC_VELOCITY_BURST_KICK | 422
STAT-00909 | -0.7391 | 0.0000 | 7.5830 | LOCAL_MINIMA_BOTTLENECK_HAZARD | TRIGGER_DYNAMIC_VELOCITY_BURST_KICK | 422
STAT-00910 | -0.7391 | 0.0000 | 11.4630 | LOCAL_MINIMA_BOTTLENECK_HAZARD | TRIGGER_DYNAMIC_VELOCITY_BURST_KICK | 422
STAT-00911 | -0.7391 | 0.0000 | 63.7170 | LOCAL_MINIMA_BOTTLENECK_HAZARD | TRIGGER_DYNAMIC_VELOCITY_BURST_KICK | 422
STAT-00912 | -0.7391 | -0.0000 | 23.4100 | LOCAL_MINIMA_BOTTLENECK_HAZARD | TRIGGER_DYNAMIC_VELOCITY_BURST_KICK | 422
STAT-00913 | -0.7391 | -0.0000 | 76.2410 | LOCAL_MINIMA_BOTTLENECK_HAZARD | TRIGGER_DYNAMIC_VELOCITY_BURST_KICK | 422
STAT-00914 | -0.7391 | -0.0000 | 69.2850 | LOCAL_MINIMA_BOTTLENECK_HAZARD | TRIGGER_DYNAMIC_VELOCITY_BURST_KICK | 422
STAT-00915 | -0.7391 | -0.0000 | 65.7900 | LOCAL_MINIMA_BOTTLENECK_HAZARD | TRIGGER_DYNAMIC_VELOCITY_BURST_KICK | 422
STAT-00916 | -0.7391 | -0.0000 | 4.6960 | CONVERGING_GLOBAL_MINIMA_TARGET | COMMIT_OPTIMIZED_MATRIX_WEIGHT_STEP | 200
STAT-00917 | -0.7391 | 0.0000 | 22.5530 | LOCAL_MINIMA_BOTTLENECK_HAZARD | TRIGGER_DYNAMIC_VELOCITY_BURST_KICK | 422
STAT-00918 | -0.7391 | 0.0000 | 28.4580 | LOCAL_MINIMA_BOTTLENECK_HAZARD | TRIGGER_DYNAMIC_VELOCITY_BURST_KICK | 422
STAT-00919 | -0.7391 | 0.0000 | 16.3080 | LOCAL_MINIMA_BOTTLENECK_HAZARD | TRIGGER_DYNAMIC_VELOCITY_BURST_KICK | 422
STAT-00920 | -0.7391 | 0.0000 | 40.9010 | LOCAL_MINIMA_BOTTLENECK_HAZARD | TRIGGER_DYNAMIC_VELOCITY_BURST_KICK | 422
STAT-00921 | -0.7391 | 0.0000 | 74.4400 | LOCAL_MINIMA_BOTTLENECK_HAZARD | TRIGGER_DYNAMIC_VELOCITY_BURST_KICK | 422
STAT-00922 | -0.7391 | -0.0000 | 4.2320 | CONVERGING_GLOBAL_MINIMA_TARGET | COMMIT_OPTIMIZED_MATRIX_WEIGHT_STEP | 200
STAT-00923 | -0.7391 | -0.0000 | 41.3800 | LOCAL_MINIMA_BOTTLENECK_HAZARD | TRIGGER_DYNAMIC_VELOCITY_BURST_KICK | 422
STAT-00924 | -0.7391 | -0.0000 | 25.6280 | LOCAL_MINIMA_BOTTLENECK_HAZARD | TRIGGER_DYNAMIC_VELOCITY_BURST_KICK | 422
STAT-00925 | -0.7391 | -0.0000 | 73.7350 | LOCAL_MINIMA_BOTTLENECK_HAZARD | TRIGGER_DYNAMIC_VELOCITY_BURST_KICK | 422
STAT-00926 | -0.7391 | -0.0000 | 91.1100 | LOCAL_MINIMA_BOTTLENECK_HAZARD | TRIGGER_DYNAMIC_VELOCITY_BURST_KICK | 422
STAT-00927 | -0.7391 | 0.0000 | 9.3050 | LOCAL_MINIMA_BOTTLENECK_HAZARD | TRIGGER_DYNAMIC_VELOCITY_BURST_KICK | 422
STAT-00928 | -0.7391 | 0.0000 | 8.2520 | LOCAL_MINIMA_BOTTLENECK_HAZARD | TRIGGER_DYNAMIC_VELOCITY_BURST_KICK | 422
STAT-00929 | -0.7391 | 0.0000 | 12.5710 | LOCAL_MINIMA_BOTTLENECK_HAZARD | TRIGGER_DYNAMIC_VELOCITY_BURST_KICK | 422
STAT-00930 | -0.7391 | 0.0000 | 50.4800 | LOCAL_MINIMA_BOTTLENECK_HAZARD | TRIGGER_DYNAMIC_VELOCITY_BURST_KICK | 422
STAT-00931 | -0.7391 | 0.0000 | 71.2160 | LOCAL_MINIMA_BOTTLENECK_HAZARD | TRIGGER_DYNAMIC_VELOCITY_BURST_KICK | 422
STAT-00932 | -0.7391 | -0.0000 | 42.1850 | LOCAL_MINIMA_BOTTLENECK_HAZARD | TRIGGER_DYNAMIC_VELOCITY_BURST_KICK | 422
STAT-00933 | -0.7391 | -0.0000 | 27.8750 | LOCAL_MINIMA_BOTTLENECK_HAZARD | TRIGGER_DYNAMIC_VELOCITY_BURST_KICK | 422
STAT-00934 | -0.7391 | -0.0000 | 22.7470 | LOCAL_MINIMA_BOTTLENECK_HAZARD | TRIGGER_DYNAMIC_VELOCITY_BURST_KICK | 422
STAT-00935 | -0.7391 | -0.0000 | 22.9780 | LOCAL_MINIMA_BOTTLENECK_HAZARD | TRIGGER_DYNAMIC_VELOCITY_BURST_KICK | 422
STAT-00936 | -0.7391 | -0.0000 | 5.6310 | LOCAL_MINIMA_BOTTLENECK_HAZARD | TRIGGER_DYNAMIC_VELOCITY_BURST_KICK | 422
STAT-00937 | -0.7391 | 0.0000 | 26.5330 | LOCAL_MINIMA_BOTTLENECK_HAZARD | TRIGGER_DYNAMIC_VELOCITY_BURST_KICK | 422
STAT-00938 | -0.7391 | 0.0000 | 54.8960 | LOCAL_MINIMA_BOTTLENECK_HAZARD | TRIGGER_DYNAMIC_VELOCITY_BURST_KICK | 422
STAT-00939 | -0.7391 | 0.0000 | 47.9010 | LOCAL_MINIMA_BOTTLENECK_HAZARD | TRIGGER_DYNAMIC_VELOCITY_BURST_KICK | 422
STAT-00940 | -0.7391 | 0.0000 | 4.3660 | CONVERGING_GLOBAL_MINIMA_TARGET | COMMIT_OPTIMIZED_MATRIX_WEIGHT_STEP | 200
STAT-00941 | -0.7391 | 0.0000 | 26.7450 | LOCAL_MINIMA_BOTTLENECK_HAZARD | TRIGGER_DYNAMIC_VELOCITY_BURST_KICK | 422
STAT-00942 | -0.7391 | -0.0000 | 49.3300 | LOCAL_MINIMA_BOTTLENECK_HAZARD | TRIGGER_DYNAMIC_VELOCITY_BURST_KICK | 422
STAT-00943 | -0.7391 | -0.0000 | 53.2690 | LOCAL_MINIMA_BOTTLENECK_HAZARD | TRIGGER_DYNAMIC_VELOCITY_BURST_KICK | 422
STAT-00944 | -0.7391 | -0.0000 | 14.9630 | LOCAL_MINIMA_BOTTLENECK_HAZARD | TRIGGER_DYNAMIC_VELOCITY_BURST_KICK | 422
STAT-00945 | -0.7391 | -0.0000 | 57.7190 | LOCAL_MINIMA_BOTTLENECK_HAZARD | TRIGGER_DYNAMIC_VELOCITY_BURST_KICK | 422
STAT-00946 | -0.7391 | -0.0000 | 95.7300 | LOCAL_MINIMA_BOTTLENECK_HAZARD | TRIGGER_DYNAMIC_VELOCITY_BURST_KICK | 422
STAT-00947 | -0.7391 | 0.0000 | 21.9680 | LOCAL_MINIMA_BOTTLENECK_HAZARD | TRIGGER_DYNAMIC_VELOCITY_BURST_KICK | 422
STAT-00948 | -0.7391 | 0.0000 | 18.9150 | LOCAL_MINIMA_BOTTLENECK_HAZARD | TRIGGER_DYNAMIC_VELOCITY_BURST_KICK | 422
STAT-00949 | -0.7391 | 0.0000 | 49.4670 | LOCAL_MINIMA_BOTTLENECK_HAZARD | TRIGGER_DYNAMIC_VELOCITY_BURST_KICK | 422
STAT-00950 | -0.7391 | 0.0000 | 21.3680 | LOCAL_MINIMA_BOTTLENECK_HAZARD | TRIGGER_DYNAMIC_VELOCITY_BURST_KICK | 422
STAT-00951 | -0.7391 | 0.0000 | 69.4490 | LOCAL_MINIMA_BOTTLENECK_HAZARD | TRIGGER_DYNAMIC_VELOCITY_BURST_KICK | 422
STAT-00952 | -0.7391 | -0.0000 | 35.2550 | LOCAL_MINIMA_BOTTLENECK_HAZARD | TRIGGER_DYNAMIC_VELOCITY_BURST_KICK | 422
STAT-00953 | -0.7391 | -0.0000 | 78.6640 | LOCAL_MINIMA_BOTTLENECK_HAZARD | TRIGGER_DYNAMIC_VELOCITY_BURST_KICK | 422
STAT-00954 | -0.7391 | -0.0000 | 58.5710 | LOCAL_MINIMA_BOTTLENECK_HAZARD | TRIGGER_DYNAMIC_VELOCITY_BURST_KICK | 422
STAT-00955 | -0.7391 | -0.0000 | 25.0230 | LOCAL_MINIMA_BOTTLENECK_HAZARD | TRIGGER_DYNAMIC_VELOCITY_BURST_KICK | 422
STAT-00956 | -0.7391 | -0.0000 | 44.2120 | LOCAL_MINIMA_BOTTLENECK_HAZARD | TRIGGER_DYNAMIC_VELOCITY_BURST_KICK | 422
STAT-00957 | -0.7391 | 0.0000 | 54.6010 | LOCAL_MINIMA_BOTTLENECK_HAZARD | TRIGGER_DYNAMIC_VELOCITY_BURST_KICK | 422
STAT-00958 | -0.7391 | 0.0000 | 24.5440 | LOCAL_MINIMA_BOTTLENECK_HAZARD | TRIGGER_DYNAMIC_VELOCITY_BURST_KICK | 422
STAT-00959 | -0.7391 | 0.0000 | 72.4700 | LOCAL_MINIMA_BOTTLENECK_HAZARD | TRIGGER_DYNAMIC_VELOCITY_BURST_KICK | 422
STAT-00960 | -0.7391 | 0.0000 | 69.0950 | LOCAL_MINIMA_BOTTLENECK_HAZARD | TRIGGER_DYNAMIC_VELOCITY_BURST_KICK | 422
STAT-00961 | -0.7391 | 0.0000 | 21.2800 | LOCAL_MINIMA_BOTTLENECK_HAZARD | TRIGGER_DYNAMIC_VELOCITY_BURST_KICK | 422
STAT-00962 | -0.7391 | -0.0000 | 5.6050 | LOCAL_MINIMA_BOTTLENECK_HAZARD | TRIGGER_DYNAMIC_VELOCITY_BURST_KICK | 422
STAT-00963 | -0.7391 | -0.0000 | 74.7910 | LOCAL_MINIMA_BOTTLENECK_HAZARD | TRIGGER_DYNAMIC_VELOCITY_BURST_KICK | 422
STAT-00964 | -0.7391 | -0.0000 | 3.1640 | CONVERGING_GLOBAL_MINIMA_TARGET | COMMIT_OPTIMIZED_MATRIX_WEIGHT_STEP | 200
STAT-00965 | -0.7391 | -0.0000 | 76.4160 | LOCAL_MINIMA_BOTTLENECK_HAZARD | TRIGGER_DYNAMIC_VELOCITY_BURST_KICK | 422
STAT-00966 | -0.7391 | -0.0000 | 29.1990 | LOCAL_MINIMA_BOTTLENECK_HAZARD | TRIGGER_DYNAMIC_VELOCITY_BURST_KICK | 422
STAT-00967 | -0.7391 | 0.0000 | 16.2060 | LOCAL_MINIMA_BOTTLENECK_HAZARD | TRIGGER_DYNAMIC_VELOCITY_BURST_KICK | 422
STAT-00968 | -0.7391 | 0.0000 | 68.8380 | LOCAL_MINIMA_BOTTLENECK_HAZARD | TRIGGER_DYNAMIC_VELOCITY_BURST_KICK | 422
STAT-00969 | -0.7391 | 0.0000 | 4.3530 | CONVERGING_GLOBAL_MINIMA_TARGET | COMMIT_OPTIMIZED_MATRIX_WEIGHT_STEP | 200
STAT-00970 | -0.7391 | 0.0000 | 3.6430 | CONVERGING_GLOBAL_MINIMA_TARGET | COMMIT_OPTIMIZED_MATRIX_WEIGHT_STEP | 200
STAT-00971 | -0.7391 | 0.0000 | 70.9060 | LOCAL_MINIMA_BOTTLENECK_HAZARD | TRIGGER_DYNAMIC_VELOCITY_BURST_KICK | 422
STAT-00972 | -0.7391 | -0.0000 | 18.4650 | LOCAL_MINIMA_BOTTLENECK_HAZARD | TRIGGER_DYNAMIC_VELOCITY_BURST_KICK | 422
STAT-00973 | -0.7391 | -0.0000 | 20.2810 | LOCAL_MINIMA_BOTTLENECK_HAZARD | TRIGGER_DYNAMIC_VELOCITY_BURST_KICK | 422
STAT-00974 | -0.7391 | -0.0000 | 21.3300 | LOCAL_MINIMA_BOTTLENECK_HAZARD | TRIGGER_DYNAMIC_VELOCITY_BURST_KICK | 422
STAT-00975 | -0.7391 | -0.0000 | 37.6220 | LOCAL_MINIMA_BOTTLENECK_HAZARD | TRIGGER_DYNAMIC_VELOCITY_BURST_KICK | 422
STAT-00976 | -0.7391 | -0.0000 | 56.4850 | LOCAL_MINIMA_BOTTLENECK_HAZARD | TRIGGER_DYNAMIC_VELOCITY_BURST_KICK | 422
STAT-00977 | -0.7391 | 0.0000 | 6.5360 | LOCAL_MINIMA_BOTTLENECK_HAZARD | TRIGGER_DYNAMIC_VELOCITY_BURST_KICK | 422
STAT-00978 | -0.7391 | 0.0000 | 24.3300 | LOCAL_MINIMA_BOTTLENECK_HAZARD | TRIGGER_DYNAMIC_VELOCITY_BURST_KICK | 422
STAT-00979 | -0.7391 | 0.0000 | 61.4570 | LOCAL_MINIMA_BOTTLENECK_HAZARD | TRIGGER_DYNAMIC_VELOCITY_BURST_KICK | 422
STAT-00980 | -0.7391 | 0.0000 | 4.0770 | CONVERGING_GLOBAL_MINIMA_TARGET | COMMIT_OPTIMIZED_MATRIX_WEIGHT_STEP | 200
STAT-00981 | -0.7391 | 0.0000 | 39.0760 | LOCAL_MINIMA_BOTTLENECK_HAZARD | TRIGGER_DYNAMIC_VELOCITY_BURST_KICK | 422
STAT-00982 | -0.7391 | -0.0000 | 35.5310 | LOCAL_MINIMA_BOTTLENECK_HAZARD | TRIGGER_DYNAMIC_VELOCITY_BURST_KICK | 422
STAT-00983 | -0.7391 | -0.0000 | 37.9550 | LOCAL_MINIMA_BOTTLENECK_HAZARD | TRIGGER_DYNAMIC_VELOCITY_BURST_KICK | 422
STAT-00984 | -0.7391 | -0.0000 | 39.5030 | LOCAL_MINIMA_BOTTLENECK_HAZARD | TRIGGER_DYNAMIC_VELOCITY_BURST_KICK | 422
STAT-00985 | -0.7391 | -0.0000 | 34.9240 | LOCAL_MINIMA_BOTTLENECK_HAZARD | TRIGGER_DYNAMIC_VELOCITY_BURST_KICK | 422
STAT-00986 | -0.7391 | -0.0000 | 56.2810 | LOCAL_MINIMA_BOTTLENECK_HAZARD | TRIGGER_DYNAMIC_VELOCITY_BURST_KICK | 422
STAT-00987 | -0.7391 | 0.0000 | 52.5730 | LOCAL_MINIMA_BOTTLENECK_HAZARD | TRIGGER_DYNAMIC_VELOCITY_BURST_KICK | 422
STAT-00988 | -0.7391 | 0.0000 | 0.0430 | CONVERGING_GLOBAL_MINIMA_TARGET | COMMIT_OPTIMIZED_MATRIX_WEIGHT_STEP | 200
STAT-00989 | -0.7391 | 0.0000 | 15.0040 | LOCAL_MINIMA_BOTTLENECK_HAZARD | TRIGGER_DYNAMIC_VELOCITY_BURST_KICK | 422
STAT-00990 | -0.7391 | 0.0000 | 53.1510 | LOCAL_MINIMA_BOTTLENECK_HAZARD | TRIGGER_DYNAMIC_VELOCITY_BURST_KICK | 422
STAT-00991 | -0.7391 | 0.0000 | 61.2650 | LOCAL_MINIMA_BOTTLENECK_HAZARD | TRIGGER_DYNAMIC_VELOCITY_BURST_KICK | 422
STAT-00992 | -0.7391 | -0.0000 | 27.5230 | LOCAL_MINIMA_BOTTLENECK_HAZARD | TRIGGER_DYNAMIC_VELOCITY_BURST_KICK | 422
STAT-00993 | -0.7391 | -0.0000 | 26.1300 | LOCAL_MINIMA_BOTTLENECK_HAZARD | TRIGGER_DYNAMIC_VELOCITY_BURST_KICK | 422
STAT-00994 | -0.7391 | -0.0000 | 61.0580 | LOCAL_MINIMA_BOTTLENECK_HAZARD | TRIGGER_DYNAMIC_VELOCITY_BURST_KICK | 422
STAT-00995 | -0.7391 | -0.0000 | 0.3160 | CONVERGING_GLOBAL_MINIMA_TARGET | COMMIT_OPTIMIZED_MATRIX_WEIGHT_STEP | 200
STAT-00996 | -0.7391 | -0.0000 | 19.7260 | LOCAL_MINIMA_BOTTLENECK_HAZARD | TRIGGER_DYNAMIC_VELOCITY_BURST_KICK | 422
STAT-00997 | -0.7391 | 0.0000 | 26.6570 | LOCAL_MINIMA_BOTTLENECK_HAZARD | TRIGGER_DYNAMIC_VELOCITY_BURST_KICK | 422
STAT-00998 | -0.7391 | 0.0000 | 17.7640 | LOCAL_MINIMA_BOTTLENECK_HAZARD | TRIGGER_DYNAMIC_VELOCITY_BURST_KICK | 422
STAT-00999 | -0.7391 | 0.0000 | 19.4000 | LOCAL_MINIMA_BOTTLENECK_HAZARD | TRIGGER_DYNAMIC_VELOCITY_BURST_KICK | 422
STAT-01000 | -0.7391 | 0.0000 | 36.5130 | LOCAL_MINIMA_BOTTLENECK_HAZARD | TRIGGER_DYNAMIC_VELOCITY_BURST_KICK | 422
STAT-01001 | -0.7391 | 0.0000 | 12.7920 | LOCAL_MINIMA_BOTTLENECK_HAZARD | TRIGGER_DYNAMIC_VELOCITY_BURST_KICK | 422
STAT-01002 | -0.7391 | -0.0000 | 28.0570 | LOCAL_MINIMA_BOTTLENECK_HAZARD | TRIGGER_DYNAMIC_VELOCITY_BURST_KICK | 422
STAT-01003 | -0.7391 | -0.0000 | 35.6790 | LOCAL_MINIMA_BOTTLENECK_HAZARD | TRIGGER_DYNAMIC_VELOCITY_BURST_KICK | 422
STAT-01004 | -0.7391 | -0.0000 | 40.6010 | LOCAL_MINIMA_BOTTLENECK_HAZARD | TRIGGER_DYNAMIC_VELOCITY_BURST_KICK | 422
STAT-01005 | -0.7391 | -0.0000 | 47.2550 | LOCAL_MINIMA_BOTTLENECK_HAZARD | TRIGGER_DYNAMIC_VELOCITY_BURST_KICK | 422
STAT-01006 | -0.7391 | -0.0000 | 18.7920 | LOCAL_MINIMA_BOTTLENECK_HAZARD | TRIGGER_DYNAMIC_VELOCITY_BURST_KICK | 422
STAT-01007 | -0.7391 | 0.0000 | 10.3130 | LOCAL_MINIMA_BOTTLENECK_HAZARD | TRIGGER_DYNAMIC_VELOCITY_BURST_KICK | 422
STAT-01008 | -0.7391 | 0.0000 | 15.1400 | LOCAL_MINIMA_BOTTLENECK_HAZARD | TRIGGER_DYNAMIC_VELOCITY_BURST_KICK | 422
STAT-01009 | -0.7391 | 0.0000 | 17.1910 | LOCAL_MINIMA_BOTTLENECK_HAZARD | TRIGGER_DYNAMIC_VELOCITY_BURST_KICK | 422
STAT-01010 | -0.7391 | 0.0000 | 59.3340 | LOCAL_MINIMA_BOTTLENECK_HAZARD | TRIGGER_DYNAMIC_VELOCITY_BURST_KICK | 422
STAT-01011 | -0.7391 | 0.0000 | 73.5830 | LOCAL_MINIMA_BOTTLENECK_HAZARD | TRIGGER_DYNAMIC_VELOCITY_BURST_KICK | 422
STAT-01012 | -0.7391 | -0.0000 | 26.4270 | LOCAL_MINIMA_BOTTLENECK_HAZARD | TRIGGER_DYNAMIC_VELOCITY_BURST_KICK | 422
STAT-01013 | -0.7391 | -0.0000 | 32.0490 | LOCAL_MINIMA_BOTTLENECK_HAZARD | TRIGGER_DYNAMIC_VELOCITY_BURST_KICK | 422
STAT-01014 | -0.7391 | -0.0000 | 48.4090 | LOCAL_MINIMA_BOTTLENECK_HAZARD | TRIGGER_DYNAMIC_VELOCITY_BURST_KICK | 422
STAT-01015 | -0.7391 | -0.0000 | 11.1170 | LOCAL_MINIMA_BOTTLENECK_HAZARD | TRIGGER_DYNAMIC_VELOCITY_BURST_KICK | 422
STAT-01016 | -0.7391 | -0.0000 | 37.6140 | LOCAL_MINIMA_BOTTLENECK_HAZARD | TRIGGER_DYNAMIC_VELOCITY_BURST_KICK | 422
STAT-01017 | -0.7391 | 0.0000 | 55.6350 | LOCAL_MINIMA_BOTTLENECK_HAZARD | TRIGGER_DYNAMIC_VELOCITY_BURST_KICK | 422
STAT-01018 | -0.7391 | 0.0000 | 46.8840 | LOCAL_MINIMA_BOTTLENECK_HAZARD | TRIGGER_DYNAMIC_VELOCITY_BURST_KICK | 422
STAT-01019 | -0.7391 | 0.0000 | 31.1170 | LOCAL_MINIMA_BOTTLENECK_HAZARD | TRIGGER_DYNAMIC_VELOCITY_BURST_KICK | 422
STAT-01020 | -0.7391 | 0.0000 | 41.9700 | LOCAL_MINIMA_BOTTLENECK_HAZARD | TRIGGER_DYNAMIC_VELOCITY_BURST_KICK | 422
STAT-01021 | -0.7391 | 0.0000 | 8.9160 | LOCAL_MINIMA_BOTTLENECK_HAZARD | TRIGGER_DYNAMIC_VELOCITY_BURST_KICK | 422
STAT-01022 | -0.7391 | -0.0000 | 25.9610 | LOCAL_MINIMA_BOTTLENECK_HAZARD | TRIGGER_DYNAMIC_VELOCITY_BURST_KICK | 422
STAT-01023 | -0.7391 | -0.0000 | 27.9010 | LOCAL_MINIMA_BOTTLENECK_HAZARD | TRIGGER_DYNAMIC_VELOCITY_BURST_KICK | 422
STAT-01024 | -0.7391 | -0.0000 | 56.3510 | LOCAL_MINIMA_BOTTLENECK_HAZARD | TRIGGER_DYNAMIC_VELOCITY_BURST_KICK | 422
STAT-01025 | -0.7391 | -0.0000 | 30.1190 | LOCAL_MINIMA_BOTTLENECK_HAZARD | TRIGGER_DYNAMIC_VELOCITY_BURST_KICK | 422
STAT-01026 | -0.7391 | -0.0000 | 32.7700 | LOCAL_MINIMA_BOTTLENECK_HAZARD | TRIGGER_DYNAMIC_VELOCITY_BURST_KICK | 422
STAT-01027 | -0.7391 | 0.0000 | 16.3580 | LOCAL_MINIMA_BOTTLENECK_HAZARD | TRIGGER_DYNAMIC_VELOCITY_BURST_KICK | 422
STAT-01028 | -0.7391 | 0.0000 | 49.1070 | LOCAL_MINIMA_BOTTLENECK_HAZARD | TRIGGER_DYNAMIC_VELOCITY_BURST_KICK | 422
STAT-01029 | -0.7391 | 0.0000 | 22.4800 | LOCAL_MINIMA_BOTTLENECK_HAZARD | TRIGGER_DYNAMIC_VELOCITY_BURST_KICK | 422
STAT-01030 | -0.7391 | 0.0000 | 17.6670 | LOCAL_MINIMA_BOTTLENECK_HAZARD | TRIGGER_DYNAMIC_VELOCITY_BURST_KICK | 422
STAT-01031 | -0.7391 | 0.0000 | 30.2650 | LOCAL_MINIMA_BOTTLENECK_HAZARD | TRIGGER_DYNAMIC_VELOCITY_BURST_KICK | 422
STAT-01032 | -0.7391 | -0.0000 | 15.7210 | LOCAL_MINIMA_BOTTLENECK_HAZARD | TRIGGER_DYNAMIC_VELOCITY_BURST_KICK | 422
STAT-01033 | -0.7391 | -0.0000 | 61.1830 | LOCAL_MINIMA_BOTTLENECK_HAZARD | TRIGGER_DYNAMIC_VELOCITY_BURST_KICK | 422
STAT-01034 | -0.7391 | -0.0000 | 88.0870 | LOCAL_MINIMA_BOTTLENECK_HAZARD | TRIGGER_DYNAMIC_VELOCITY_BURST_KICK | 422
STAT-01035 | -0.7391 | -0.0000 | 52.7750 | LOCAL_MINIMA_BOTTLENECK_HAZARD | TRIGGER_DYNAMIC_VELOCITY_BURST_KICK | 422
STAT-01036 | -0.7391 | -0.0000 | 76.4960 | LOCAL_MINIMA_BOTTLENECK_HAZARD | TRIGGER_DYNAMIC_VELOCITY_BURST_KICK | 422
STAT-01037 | -0.7391 | 0.0000 | 71.6860 | LOCAL_MINIMA_BOTTLENECK_HAZARD | TRIGGER_DYNAMIC_VELOCITY_BURST_KICK | 422
STAT-01038 | -0.7391 | 0.0000 | 29.4130 | LOCAL_MINIMA_BOTTLENECK_HAZARD | TRIGGER_DYNAMIC_VELOCITY_BURST_KICK | 422
STAT-01039 | -0.7391 | 0.0000 | 28.2180 | LOCAL_MINIMA_BOTTLENECK_HAZARD | TRIGGER_DYNAMIC_VELOCITY_BURST_KICK | 422
STAT-01040 | -0.7391 | 0.0000 | 4.5760 | CONVERGING_GLOBAL_MINIMA_TARGET | COMMIT_OPTIMIZED_MATRIX_WEIGHT_STEP | 200
STAT-01041 | -0.7391 | 0.0000 | 40.8470 | LOCAL_MINIMA_BOTTLENECK_HAZARD | TRIGGER_DYNAMIC_VELOCITY_BURST_KICK | 422
STAT-01042 | -0.7391 | -0.0000 | 21.8990 | LOCAL_MINIMA_BOTTLENECK_HAZARD | TRIGGER_DYNAMIC_VELOCITY_BURST_KICK | 422
STAT-01043 | -0.7391 | -0.0000 | 2.7120 | CONVERGING_GLOBAL_MINIMA_TARGET | COMMIT_OPTIMIZED_MATRIX_WEIGHT_STEP | 200
STAT-01044 | -0.7391 | -0.0000 | 6.7110 | LOCAL_MINIMA_BOTTLENECK_HAZARD | TRIGGER_DYNAMIC_VELOCITY_BURST_KICK | 422
STAT-01045 | -0.7391 | -0.0000 | 17.4610 | LOCAL_MINIMA_BOTTLENECK_HAZARD | TRIGGER_DYNAMIC_VELOCITY_BURST_KICK | 422
STAT-01046 | -0.7391 | -0.0000 | 4.9140 | CONVERGING_GLOBAL_MINIMA_TARGET | COMMIT_OPTIMIZED_MATRIX_WEIGHT_STEP | 200
STAT-01047 | -0.7391 | 0.0000 | 16.7020 | LOCAL_MINIMA_BOTTLENECK_HAZARD | TRIGGER_DYNAMIC_VELOCITY_BURST_KICK | 422
STAT-01048 | -0.7391 | 0.0000 | 26.6070 | LOCAL_MINIMA_BOTTLENECK_HAZARD | TRIGGER_DYNAMIC_VELOCITY_BURST_KICK | 422
STAT-01049 | -0.7391 | 0.0000 | 51.7450 | LOCAL_MINIMA_BOTTLENECK_HAZARD | TRIGGER_DYNAMIC_VELOCITY_BURST_KICK | 422
STAT-01050 | -0.7391 | 0.0000 | 48.1330 | LOCAL_MINIMA_BOTTLENECK_HAZARD | TRIGGER_DYNAMIC_VELOCITY_BURST_KICK | 422
STAT-01051 | -0.7391 | 0.0000 | 72.0990 | LOCAL_MINIMA_BOTTLENECK_HAZARD | TRIGGER_DYNAMIC_VELOCITY_BURST_KICK | 422
STAT-01052 | -0.7391 | -0.0000 | 12.4810 | LOCAL_MINIMA_BOTTLENECK_HAZARD | TRIGGER_DYNAMIC_VELOCITY_BURST_KICK | 422
STAT-01053 | -0.7391 | -0.0000 | 53.2510 | LOCAL_MINIMA_BOTTLENECK_HAZARD | TRIGGER_DYNAMIC_VELOCITY_BURST_KICK | 422
STAT-01054 | -0.7391 | -0.0000 | 11.2300 | LOCAL_MINIMA_BOTTLENECK_HAZARD | TRIGGER_DYNAMIC_VELOCITY_BURST_KICK | 422
STAT-01055 | -0.7391 | -0.0000 | 50.7950 | LOCAL_MINIMA_BOTTLENECK_HAZARD | TRIGGER_DYNAMIC_VELOCITY_BURST_KICK | 422
STAT-01056 | -0.7391 | -0.0000 | 73.9700 | LOCAL_MINIMA_BOTTLENECK_HAZARD | TRIGGER_DYNAMIC_VELOCITY_BURST_KICK | 422
STAT-01057 | -0.7391 | 0.0000 | 36.5720 | LOCAL_MINIMA_BOTTLENECK_HAZARD | TRIGGER_DYNAMIC_VELOCITY_BURST_KICK | 422
STAT-01058 | -0.7391 | 0.0000 | 65.4400 | LOCAL_MINIMA_BOTTLENECK_HAZARD | TRIGGER_DYNAMIC_VELOCITY_BURST_KICK | 422
STAT-01059 | -0.7391 | 0.0000 | 45.9290 | LOCAL_MINIMA_BOTTLENECK_HAZARD | TRIGGER_DYNAMIC_VELOCITY_BURST_KICK | 422
STAT-01060 | -0.7391 | 0.0000 | 74.1750 | LOCAL_MINIMA_BOTTLENECK_HAZARD | TRIGGER_DYNAMIC_VELOCITY_BURST_KICK | 422
STAT-01061 | -0.7391 | 0.0000 | 28.1620 | LOCAL_MINIMA_BOTTLENECK_HAZARD | TRIGGER_DYNAMIC_VELOCITY_BURST_KICK | 422
STAT-01062 | -0.7391 | -0.0000 | 51.4030 | LOCAL_MINIMA_BOTTLENECK_HAZARD | TRIGGER_DYNAMIC_VELOCITY_BURST_KICK | 422
STAT-01063 | -0.7391 | -0.0000 | 28.1980 | LOCAL_MINIMA_BOTTLENECK_HAZARD | TRIGGER_DYNAMIC_VELOCITY_BURST_KICK | 422
STAT-01064 | -0.7391 | -0.0000 | 20.8700 | LOCAL_MINIMA_BOTTLENECK_HAZARD | TRIGGER_DYNAMIC_VELOCITY_BURST_KICK | 422
STAT-01065 | -0.7391 | -0.0000 | 44.2920 | LOCAL_MINIMA_BOTTLENECK_HAZARD | TRIGGER_DYNAMIC_VELOCITY_BURST_KICK | 422
STAT-01066 | -0.7391 | -0.0000 | 52.7010 | LOCAL_MINIMA_BOTTLENECK_HAZARD | TRIGGER_DYNAMIC_VELOCITY_BURST_KICK | 422
STAT-01067 | -0.7391 | 0.0000 | 50.6870 | LOCAL_MINIMA_BOTTLENECK_HAZARD | TRIGGER_DYNAMIC_VELOCITY_BURST_KICK | 422
STAT-01068 | -0.7391 | 0.0000 | 84.6330 | LOCAL_MINIMA_BOTTLENECK_HAZARD | TRIGGER_DYNAMIC_VELOCITY_BURST_KICK | 422
STAT-01069 | -0.7391 | 0.0000 | 12.4590 | LOCAL_MINIMA_BOTTLENECK_HAZARD | TRIGGER_DYNAMIC_VELOCITY_BURST_KICK | 422
STAT-01070 | -0.7391 | 0.0000 | 42.9160 | LOCAL_MINIMA_BOTTLENECK_HAZARD | TRIGGER_DYNAMIC_VELOCITY_BURST_KICK | 422
STAT-01071 | -0.7391 | 0.0000 | 14.3330 | LOCAL_MINIMA_BOTTLENECK_HAZARD | TRIGGER_DYNAMIC_VELOCITY_BURST_KICK | 422
STAT-01072 | -0.7391 | -0.0000 | 18.3280 | LOCAL_MINIMA_BOTTLENECK_HAZARD | TRIGGER_DYNAMIC_VELOCITY_BURST_KICK | 422
STAT-01073 | -0.7391 | -0.0000 | 26.1870 | LOCAL_MINIMA_BOTTLENECK_HAZARD | TRIGGER_DYNAMIC_VELOCITY_BURST_KICK | 422
STAT-01074 | -0.7391 | -0.0000 | 28.3270 | LOCAL_MINIMA_BOTTLENECK_HAZARD | TRIGGER_DYNAMIC_VELOCITY_BURST_KICK | 422
STAT-01075 | -0.7391 | -0.0000 | 33.9280 | LOCAL_MINIMA_BOTTLENECK_HAZARD | TRIGGER_DYNAMIC_VELOCITY_BURST_KICK | 422
STAT-01076 | -0.7391 | -0.0000 | 1.8820 | CONVERGING_GLOBAL_MINIMA_TARGET | COMMIT_OPTIMIZED_MATRIX_WEIGHT_STEP | 200
STAT-01077 | -0.7391 | 0.0000 | 3.6110 | CONVERGING_GLOBAL_MINIMA_TARGET | COMMIT_OPTIMIZED_MATRIX_WEIGHT_STEP | 200
STAT-01078 | -0.7391 | 0.0000 | 17.7660 | LOCAL_MINIMA_BOTTLENECK_HAZARD | TRIGGER_DYNAMIC_VELOCITY_BURST_KICK | 422
STAT-01079 | -0.7391 | 0.0000 | 31.5030 | LOCAL_MINIMA_BOTTLENECK_HAZARD | TRIGGER_DYNAMIC_VELOCITY_BURST_KICK | 422
STAT-01080 | -0.7391 | 0.0000 | 46.0440 | LOCAL_MINIMA_BOTTLENECK_HAZARD | TRIGGER_DYNAMIC_VELOCITY_BURST_KICK | 422
STAT-01081 | -0.7391 | 0.0000 | 20.0200 | LOCAL_MINIMA_BOTTLENECK_HAZARD | TRIGGER_DYNAMIC_VELOCITY_BURST_KICK | 422
STAT-01082 | -0.7391 | -0.0000 | 37.1100 | LOCAL_MINIMA_BOTTLENECK_HAZARD | TRIGGER_DYNAMIC_VELOCITY_BURST_KICK | 422
STAT-01083 | -0.7391 | -0.0000 | 4.5170 | CONVERGING_GLOBAL_MINIMA_TARGET | COMMIT_OPTIMIZED_MATRIX_WEIGHT_STEP | 200
STAT-01084 | -0.7391 | -0.0000 | 34.7780 | LOCAL_MINIMA_BOTTLENECK_HAZARD | TRIGGER_DYNAMIC_VELOCITY_BURST_KICK | 422
STAT-01085 | -0.7391 | -0.0000 | 45.7360 | LOCAL_MINIMA_BOTTLENECK_HAZARD | TRIGGER_DYNAMIC_VELOCITY_BURST_KICK | 422
STAT-01086 | -0.7391 | -0.0000 | 59.2870 | LOCAL_MINIMA_BOTTLENECK_HAZARD | TRIGGER_DYNAMIC_VELOCITY_BURST_KICK | 422
STAT-01087 | -0.7391 | 0.0000 | 40.7700 | LOCAL_MINIMA_BOTTLENECK_HAZARD | TRIGGER_DYNAMIC_VELOCITY_BURST_KICK | 422
STAT-01088 | -0.7391 | 0.0000 | 15.3080 | LOCAL_MINIMA_BOTTLENECK_HAZARD | TRIGGER_DYNAMIC_VELOCITY_BURST_KICK | 422
STAT-01089 | -0.7391 | 0.0000 | 63.4160 | LOCAL_MINIMA_BOTTLENECK_HAZARD | TRIGGER_DYNAMIC_VELOCITY_BURST_KICK | 422
STAT-01090 | -0.7391 | 0.0000 | 70.3870 | LOCAL_MINIMA_BOTTLENECK_HAZARD | TRIGGER_DYNAMIC_VELOCITY_BURST_KICK | 422
STAT-01091 | -0.7391 | 0.0000 | 37.6300 | LOCAL_MINIMA_BOTTLENECK_HAZARD | TRIGGER_DYNAMIC_VELOCITY_BURST_KICK | 422
STAT-01092 | -0.7391 | -0.0000 | 11.1610 | LOCAL_MINIMA_BOTTLENECK_HAZARD | TRIGGER_DYNAMIC_VELOCITY_BURST_KICK | 422
STAT-01093 | -0.7391 | -0.0000 | 3.5230 | CONVERGING_GLOBAL_MINIMA_TARGET | COMMIT_OPTIMIZED_MATRIX_WEIGHT_STEP | 200
STAT-01094 | -0.7391 | -0.0000 | 55.0520 | LOCAL_MINIMA_BOTTLENECK_HAZARD | TRIGGER_DYNAMIC_VELOCITY_BURST_KICK | 422
STAT-01095 | -0.7391 | -0.0000 | 16.5650 | LOCAL_MINIMA_BOTTLENECK_HAZARD | TRIGGER_DYNAMIC_VELOCITY_BURST_KICK | 422
STAT-01096 | -0.7391 | -0.0000 | 11.8170 | LOCAL_MINIMA_BOTTLENECK_HAZARD | TRIGGER_DYNAMIC_VELOCITY_BURST_KICK | 422
STAT-01097 | -0.7391 | 0.0000 | 79.5440 | LOCAL_MINIMA_BOTTLENECK_HAZARD | TRIGGER_DYNAMIC_VELOCITY_BURST_KICK | 422
STAT-01098 | -0.7391 | 0.0000 | 63.8380 | LOCAL_MINIMA_BOTTLENECK_HAZARD | TRIGGER_DYNAMIC_VELOCITY_BURST_KICK | 422
STAT-01099 | -0.7391 | 0.0000 | 25.4770 | LOCAL_MINIMA_BOTTLENECK_HAZARD | TRIGGER_DYNAMIC_VELOCITY_BURST_KICK | 422
STAT-01100 | -0.7391 | 0.0000 | 69.8460 | LOCAL_MINIMA_BOTTLENECK_HAZARD | TRIGGER_DYNAMIC_VELOCITY_BURST_KICK | 422
STAT-01101 | -0.7391 | 0.0000 | 25.4650 | LOCAL_MINIMA_BOTTLENECK_HAZARD | TRIGGER_DYNAMIC_VELOCITY_BURST_KICK | 422
STAT-01102 | -0.7391 | -0.0000 | 23.3600 | LOCAL_MINIMA_BOTTLENECK_HAZARD | TRIGGER_DYNAMIC_VELOCITY_BURST_KICK | 422
STAT-01103 | -0.7391 | -0.0000 | 15.1810 | LOCAL_MINIMA_BOTTLENECK_HAZARD | TRIGGER_DYNAMIC_VELOCITY_BURST_KICK | 422
STAT-01104 | -0.7391 | -0.0000 | 52.4470 | LOCAL_MINIMA_BOTTLENECK_HAZARD | TRIGGER_DYNAMIC_VELOCITY_BURST_KICK | 422
STAT-01105 | -0.7391 | -0.0000 | 37.7150 | LOCAL_MINIMA_BOTTLENECK_HAZARD | TRIGGER_DYNAMIC_VELOCITY_BURST_KICK | 422
STAT-01106 | -0.7391 | -0.0000 | 20.1930 | LOCAL_MINIMA_BOTTLENECK_HAZARD | TRIGGER_DYNAMIC_VELOCITY_BURST_KICK | 422
STAT-01107 | -0.7391 | 0.0000 | 66.3180 | LOCAL_MINIMA_BOTTLENECK_HAZARD | TRIGGER_DYNAMIC_VELOCITY_BURST_KICK | 422
STAT-01108 | -0.7391 | 0.0000 | 67.5840 | LOCAL_MINIMA_BOTTLENECK_HAZARD | TRIGGER_DYNAMIC_VELOCITY_BURST_KICK | 422
STAT-01109 | -0.7391 | 0.0000 | 49.2040 | LOCAL_MINIMA_BOTTLENECK_HAZARD | TRIGGER_DYNAMIC_VELOCITY_BURST_KICK | 422
STAT-01110 | -0.7391 | 0.0000 | 14.4060 | LOCAL_MINIMA_BOTTLENECK_HAZARD | TRIGGER_DYNAMIC_VELOCITY_BURST_KICK | 422
STAT-01111 | -0.7391 | 0.0000 | 11.2280 | LOCAL_MINIMA_BOTTLENECK_HAZARD | TRIGGER_DYNAMIC_VELOCITY_BURST_KICK | 422
STAT-01112 | -0.7391 | -0.0000 | 6.5790 | LOCAL_MINIMA_BOTTLENECK_HAZARD | TRIGGER_DYNAMIC_VELOCITY_BURST_KICK | 422
STAT-01113 | -0.7391 | -0.0000 | 64.7090 | LOCAL_MINIMA_BOTTLENECK_HAZARD | TRIGGER_DYNAMIC_VELOCITY_BURST_KICK | 422
STAT-01114 | -0.7391 | -0.0000 | 50.7110 | LOCAL_MINIMA_BOTTLENECK_HAZARD | TRIGGER_DYNAMIC_VELOCITY_BURST_KICK | 422
STAT-01115 | -0.7391 | -0.0000 | 7.0370 | LOCAL_MINIMA_BOTTLENECK_HAZARD | TRIGGER_DYNAMIC_VELOCITY_BURST_KICK | 422
STAT-01116 | -0.7391 | -0.0000 | 8.5050 | LOCAL_MINIMA_BOTTLENECK_HAZARD | TRIGGER_DYNAMIC_VELOCITY_BURST_KICK | 422
STAT-01117 | -0.7391 | 0.0000 | 68.4300 | LOCAL_MINIMA_BOTTLENECK_HAZARD | TRIGGER_DYNAMIC_VELOCITY_BURST_KICK | 422
STAT-01118 | -0.7391 | 0.0000 | 16.6800 | LOCAL_MINIMA_BOTTLENECK_HAZARD | TRIGGER_DYNAMIC_VELOCITY_BURST_KICK | 422
STAT-01119 | -0.7391 | 0.0000 | 45.8950 | LOCAL_MINIMA_BOTTLENECK_HAZARD | TRIGGER_DYNAMIC_VELOCITY_BURST_KICK | 422
STAT-01120 | -0.7391 | 0.0000 | 27.5410 | LOCAL_MINIMA_BOTTLENECK_HAZARD | TRIGGER_DYNAMIC_VELOCITY_BURST_KICK | 422
STAT-01121 | -0.7391 | 0.0000 | 29.6760 | LOCAL_MINIMA_BOTTLENECK_HAZARD | TRIGGER_DYNAMIC_VELOCITY_BURST_KICK | 422
STAT-01122 | -0.7391 | -0.0000 | 19.3560 | LOCAL_MINIMA_BOTTLENECK_HAZARD | TRIGGER_DYNAMIC_VELOCITY_BURST_KICK | 422
STAT-01123 | -0.7391 | -0.0000 | 25.3310 | LOCAL_MINIMA_BOTTLENECK_HAZARD | TRIGGER_DYNAMIC_VELOCITY_BURST_KICK | 422
STAT-01124 | -0.7391 | -0.0000 | 57.4850 | LOCAL_MINIMA_BOTTLENECK_HAZARD | TRIGGER_DYNAMIC_VELOCITY_BURST_KICK | 422
STAT-01125 | -0.7391 | -0.0000 | 25.7600 | LOCAL_MINIMA_BOTTLENECK_HAZARD | TRIGGER_DYNAMIC_VELOCITY_BURST_KICK | 422
STAT-01126 | -0.7391 | -0.0000 | 9.9450 | LOCAL_MINIMA_BOTTLENECK_HAZARD | TRIGGER_DYNAMIC_VELOCITY_BURST_KICK | 422
STAT-01127 | -0.7391 | 0.0000 | 27.0150 | LOCAL_MINIMA_BOTTLENECK_HAZARD | TRIGGER_DYNAMIC_VELOCITY_BURST_KICK | 422
STAT-01128 | -0.7391 | 0.0000 | 61.3750 | LOCAL_MINIMA_BOTTLENECK_HAZARD | TRIGGER_DYNAMIC_VELOCITY_BURST_KICK | 422
STAT-01129 | -0.7391 | 0.0000 | 16.4170 | LOCAL_MINIMA_BOTTLENECK_HAZARD | TRIGGER_DYNAMIC_VELOCITY_BURST_KICK | 422
STAT-01130 | -0.7391 | 0.0000 | 81.4860 | LOCAL_MINIMA_BOTTLENECK_HAZARD | TRIGGER_DYNAMIC_VELOCITY_BURST_KICK | 422
STAT-01131 | -0.7391 | 0.0000 | 20.2000 | LOCAL_MINIMA_BOTTLENECK_HAZARD | TRIGGER_DYNAMIC_VELOCITY_BURST_KICK | 422
STAT-01132 | -0.7391 | -0.0000 | 23.8600 | LOCAL_MINIMA_BOTTLENECK_HAZARD | TRIGGER_DYNAMIC_VELOCITY_BURST_KICK | 422
STAT-01133 | -0.7391 | -0.0000 | 25.8450 | LOCAL_MINIMA_BOTTLENECK_HAZARD | TRIGGER_DYNAMIC_VELOCITY_BURST_KICK | 422
STAT-01134 | -0.7391 | -0.0000 | 13.5390 | LOCAL_MINIMA_BOTTLENECK_HAZARD | TRIGGER_DYNAMIC_VELOCITY_BURST_KICK | 422
STAT-01135 | -0.7391 | -0.0000 | 7.5990 | LOCAL_MINIMA_BOTTLENECK_HAZARD | TRIGGER_DYNAMIC_VELOCITY_BURST_KICK | 422
STAT-01136 | -0.7391 | -0.0000 | 88.8470 | LOCAL_MINIMA_BOTTLENECK_HAZARD | TRIGGER_DYNAMIC_VELOCITY_BURST_KICK | 422
STAT-01137 | -0.7391 | 0.0000 | 28.9870 | LOCAL_MINIMA_BOTTLENECK_HAZARD | TRIGGER_DYNAMIC_VELOCITY_BURST_KICK | 422
STAT-01138 | -0.7391 | 0.0000 | 9.9710 | LOCAL_MINIMA_BOTTLENECK_HAZARD | TRIGGER_DYNAMIC_VELOCITY_BURST_KICK | 422
STAT-01139 | -0.7391 | 0.0000 | 8.7250 | LOCAL_MINIMA_BOTTLENECK_HAZARD | TRIGGER_DYNAMIC_VELOCITY_BURST_KICK | 422
STAT-01140 | -0.7391 | 0.0000 | 4.0670 | CONVERGING_GLOBAL_MINIMA_TARGET | COMMIT_OPTIMIZED_MATRIX_WEIGHT_STEP | 200
STAT-01141 | -0.7391 | 0.0000 | 18.9430 | LOCAL_MINIMA_BOTTLENECK_HAZARD | TRIGGER_DYNAMIC_VELOCITY_BURST_KICK | 422
STAT-01142 | -0.7391 | -0.0000 | 44.4630 | LOCAL_MINIMA_BOTTLENECK_HAZARD | TRIGGER_DYNAMIC_VELOCITY_BURST_KICK | 422
STAT-01143 | -0.7391 | -0.0000 | 52.7600 | LOCAL_MINIMA_BOTTLENECK_HAZARD | TRIGGER_DYNAMIC_VELOCITY_BURST_KICK | 422
STAT-01144 | -0.7391 | -0.0000 | 32.5110 | LOCAL_MINIMA_BOTTLENECK_HAZARD | TRIGGER_DYNAMIC_VELOCITY_BURST_KICK | 422
STAT-01145 | -0.7391 | -0.0000 | 58.6680 | LOCAL_MINIMA_BOTTLENECK_HAZARD | TRIGGER_DYNAMIC_VELOCITY_BURST_KICK | 422
STAT-01146 | -0.7391 | -0.0000 | 21.9710 | LOCAL_MINIMA_BOTTLENECK_HAZARD | TRIGGER_DYNAMIC_VELOCITY_BURST_KICK | 422
STAT-01147 | -0.7391 | 0.0000 | 56.1920 | LOCAL_MINIMA_BOTTLENECK_HAZARD | TRIGGER_DYNAMIC_VELOCITY_BURST_KICK | 422
STAT-01148 | -0.7391 | 0.0000 | 7.4660 | LOCAL_MINIMA_BOTTLENECK_HAZARD | TRIGGER_DYNAMIC_VELOCITY_BURST_KICK | 422
STAT-01149 | -0.7391 | 0.0000 | 28.0830 | LOCAL_MINIMA_BOTTLENECK_HAZARD | TRIGGER_DYNAMIC_VELOCITY_BURST_KICK | 422
STAT-01150 | -0.7391 | 0.0000 | 39.4320 | LOCAL_MINIMA_BOTTLENECK_HAZARD | TRIGGER_DYNAMIC_VELOCITY_BURST_KICK | 422
STAT-01151 | -0.7391 | 0.0000 | 47.8470 | LOCAL_MINIMA_BOTTLENECK_HAZARD | TRIGGER_DYNAMIC_VELOCITY_BURST_KICK | 422
STAT-01152 | -0.7391 | -0.0000 | 86.2710 | LOCAL_MINIMA_BOTTLENECK_HAZARD | TRIGGER_DYNAMIC_VELOCITY_BURST_KICK | 422
STAT-01153 | -0.7391 | -0.0000 | 16.5000 | LOCAL_MINIMA_BOTTLENECK_HAZARD | TRIGGER_DYNAMIC_VELOCITY_BURST_KICK | 422
STAT-01154 | -0.7391 | -0.0000 | 11.3170 | LOCAL_MINIMA_BOTTLENECK_HAZARD | TRIGGER_DYNAMIC_VELOCITY_BURST_KICK | 422
STAT-01155 | -0.7391 | -0.0000 | 18.4890 | LOCAL_MINIMA_BOTTLENECK_HAZARD | TRIGGER_DYNAMIC_VELOCITY_BURST_KICK | 422
STAT-01156 | -0.7391 | -0.0000 | 78.1330 | LOCAL_MINIMA_BOTTLENECK_HAZARD | TRIGGER_DYNAMIC_VELOCITY_BURST_KICK | 422
STAT-01157 | -0.7391 | 0.0000 | 12.3050 | LOCAL_MINIMA_BOTTLENECK_HAZARD | TRIGGER_DYNAMIC_VELOCITY_BURST_KICK | 422
STAT-01158 | -0.7391 | 0.0000 | 53.2780 | LOCAL_MINIMA_BOTTLENECK_HAZARD | TRIGGER_DYNAMIC_VELOCITY_BURST_KICK | 422
STAT-01159 | -0.7391 | 0.0000 | 77.4900 | LOCAL_MINIMA_BOTTLENECK_HAZARD | TRIGGER_DYNAMIC_VELOCITY_BURST_KICK | 422
STAT-01160 | -0.7391 | 0.0000 | 26.1990 | LOCAL_MINIMA_BOTTLENECK_HAZARD | TRIGGER_DYNAMIC_VELOCITY_BURST_KICK | 422
STAT-01161 | -0.7391 | 0.0000 | 10.5500 | LOCAL_MINIMA_BOTTLENECK_HAZARD | TRIGGER_DYNAMIC_VELOCITY_BURST_KICK | 422
STAT-01162 | -0.7391 | -0.0000 | 64.8920 | LOCAL_MINIMA_BOTTLENECK_HAZARD | TRIGGER_DYNAMIC_VELOCITY_BURST_KICK | 422
STAT-01163 | -0.7391 | -0.0000 | 2.7010 | CONVERGING_GLOBAL_MINIMA_TARGET | COMMIT_OPTIMIZED_MATRIX_WEIGHT_STEP | 200
STAT-01164 | -0.7391 | -0.0000 | 12.0260 | LOCAL_MINIMA_BOTTLENECK_HAZARD | TRIGGER_DYNAMIC_VELOCITY_BURST_KICK | 422
STAT-01165 | -0.7391 | -0.0000 | 15.2050 | LOCAL_MINIMA_BOTTLENECK_HAZARD | TRIGGER_DYNAMIC_VELOCITY_BURST_KICK | 422
STAT-01166 | -0.7391 | -0.0000 | 15.1330 | LOCAL_MINIMA_BOTTLENECK_HAZARD | TRIGGER_DYNAMIC_VELOCITY_BURST_KICK | 422
STAT-01167 | -0.7391 | 0.0000 | 32.3900 | LOCAL_MINIMA_BOTTLENECK_HAZARD | TRIGGER_DYNAMIC_VELOCITY_BURST_KICK | 422
STAT-01168 | -0.7391 | 0.0000 | 50.4770 | LOCAL_MINIMA_BOTTLENECK_HAZARD | TRIGGER_DYNAMIC_VELOCITY_BURST_KICK | 422
STAT-01169 | -0.7391 | 0.0000 | 34.8690 | LOCAL_MINIMA_BOTTLENECK_HAZARD | TRIGGER_DYNAMIC_VELOCITY_BURST_KICK | 422
STAT-01170 | -0.7391 | 0.0000 | 53.9490 | LOCAL_MINIMA_BOTTLENECK_HAZARD | TRIGGER_DYNAMIC_VELOCITY_BURST_KICK | 422
STAT-01171 | -0.7391 | 0.0000 | 31.5770 | LOCAL_MINIMA_BOTTLENECK_HAZARD | TRIGGER_DYNAMIC_VELOCITY_BURST_KICK | 422
STAT-01172 | -0.7391 | -0.0000 | 95.4150 | LOCAL_MINIMA_BOTTLENECK_HAZARD | TRIGGER_DYNAMIC_VELOCITY_BURST_KICK | 422
STAT-01173 | -0.7391 | -0.0000 | 4.6710 | CONVERGING_GLOBAL_MINIMA_TARGET | COMMIT_OPTIMIZED_MATRIX_WEIGHT_STEP | 200
STAT-01174 | -0.7391 | -0.0000 | 5.4010 | LOCAL_MINIMA_BOTTLENECK_HAZARD | TRIGGER_DYNAMIC_VELOCITY_BURST_KICK | 422
STAT-01175 | -0.7391 | -0.0000 | 42.7730 | LOCAL_MINIMA_BOTTLENECK_HAZARD | TRIGGER_DYNAMIC_VELOCITY_BURST_KICK | 422
STAT-01176 | -0.7391 | 0.0000 | 73.3750 | LOCAL_MINIMA_BOTTLENECK_HAZARD | TRIGGER_DYNAMIC_VELOCITY_BURST_KICK | 422
STAT-01177 | -0.7391 | 0.0000 | 11.9760 | LOCAL_MINIMA_BOTTLENECK_HAZARD | TRIGGER_DYNAMIC_VELOCITY_BURST_KICK | 422
STAT-01178 | -0.7391 | 0.0000 | 43.6700 | LOCAL_MINIMA_BOTTLENECK_HAZARD | TRIGGER_DYNAMIC_VELOCITY_BURST_KICK | 422
STAT-01179 | -0.7391 | 0.0000 | 16.6910 | LOCAL_MINIMA_BOTTLENECK_HAZARD | TRIGGER_DYNAMIC_VELOCITY_BURST_KICK | 422
STAT-01180 | -0.7391 | 0.0000 | 11.9570 | LOCAL_MINIMA_BOTTLENECK_HAZARD | TRIGGER_DYNAMIC_VELOCITY_BURST_KICK | 422
STAT-01181 | -0.7391 | -0.0000 | 24.5840 | LOCAL_MINIMA_BOTTLENECK_HAZARD | TRIGGER_DYNAMIC_VELOCITY_BURST_KICK | 422
STAT-01182 | -0.7391 | -0.0000 | 12.7390 | LOCAL_MINIMA_BOTTLENECK_HAZARD | TRIGGER_DYNAMIC_VELOCITY_BURST_KICK | 422
STAT-01183 | -0.7391 | -0.0000 | 11.9180 | LOCAL_MINIMA_BOTTLENECK_HAZARD | TRIGGER_DYNAMIC_VELOCITY_BURST_KICK | 422
STAT-01184 | -0.7391 | -0.0000 | 29.7650 | LOCAL_MINIMA_BOTTLENECK_HAZARD | TRIGGER_DYNAMIC_VELOCITY_BURST_KICK | 422
STAT-01185 | -0.7391 | -0.0000 | 56.0800 | LOCAL_MINIMA_BOTTLENECK_HAZARD | TRIGGER_DYNAMIC_VELOCITY_BURST_KICK | 422
STAT-01186 | -0.7391 | 0.0000 | 23.7790 | LOCAL_MINIMA_BOTTLENECK_HAZARD | TRIGGER_DYNAMIC_VELOCITY_BURST_KICK | 422
STAT-01187 | -0.7391 | 0.0000 | 44.4970 | LOCAL_MINIMA_BOTTLENECK_HAZARD | TRIGGER_DYNAMIC_VELOCITY_BURST_KICK | 422
STAT-01188 | -0.7391 | 0.0000 | 22.0850 | LOCAL_MINIMA_BOTTLENECK_HAZARD | TRIGGER_DYNAMIC_VELOCITY_BURST_KICK | 422
STAT-01189 | -0.7391 | 0.0000 | 17.2620 | LOCAL_MINIMA_BOTTLENECK_HAZARD | TRIGGER_DYNAMIC_VELOCITY_BURST_KICK | 422
STAT-01190 | -0.7391 | 0.0000 | 16.5530 | LOCAL_MINIMA_BOTTLENECK_HAZARD | TRIGGER_DYNAMIC_VELOCITY_BURST_KICK | 422
STAT-01191 | -0.7391 | -0.0000 | 37.5940 | LOCAL_MINIMA_BOTTLENECK_HAZARD | TRIGGER_DYNAMIC_VELOCITY_BURST_KICK | 422
STAT-01192 | -0.7391 | -0.0000 | 42.0050 | LOCAL_MINIMA_BOTTLENECK_HAZARD | TRIGGER_DYNAMIC_VELOCITY_BURST_KICK | 422
STAT-01193 | -0.7391 | -0.0000 | 0.3010 | CONVERGING_GLOBAL_MINIMA_TARGET | COMMIT_OPTIMIZED_MATRIX_WEIGHT_STEP | 200
STAT-01194 | -0.7391 | -0.0000 | 16.4870 | LOCAL_MINIMA_BOTTLENECK_HAZARD | TRIGGER_DYNAMIC_VELOCITY_BURST_KICK | 422
STAT-01195 | -0.7391 | -0.0000 | 26.7620 | LOCAL_MINIMA_BOTTLENECK_HAZARD | TRIGGER_DYNAMIC_VELOCITY_BURST_KICK | 422
STAT-01196 | -0.7391 | 0.0000 | 45.2320 | LOCAL_MINIMA_BOTTLENECK_HAZARD | TRIGGER_DYNAMIC_VELOCITY_BURST_KICK | 422
STAT-01197 | -0.7391 | 0.0000 | 91.2400 | LOCAL_MINIMA_BOTTLENECK_HAZARD | TRIGGER_DYNAMIC_VELOCITY_BURST_KICK | 422
STAT-01198 | -0.7391 | 0.0000 | 38.0160 | LOCAL_MINIMA_BOTTLENECK_HAZARD | TRIGGER_DYNAMIC_VELOCITY_BURST_KICK | 422
STAT-01199 | -0.7391 | 0.0000 | 8.5360 | LOCAL_MINIMA_BOTTLENECK_HAZARD | TRIGGER_DYNAMIC_VELOCITY_BURST_KICK | 422
STAT-01200 | -0.7391 | 0.0000 | 18.6130 | LOCAL_MINIMA_BOTTLENECK_HAZARD | TRIGGER_DYNAMIC_VELOCITY_BURST_KICK | 422
STAT-01201 | -0.7391 | -0.0000 | 43.2710 | LOCAL_MINIMA_BOTTLENECK_HAZARD | TRIGGER_DYNAMIC_VELOCITY_BURST_KICK | 422
STAT-01202 | -0.7391 | -0.0000 | 47.9380 | LOCAL_MINIMA_BOTTLENECK_HAZARD | TRIGGER_DYNAMIC_VELOCITY_BURST_KICK | 422
STAT-01203 | -0.7391 | -0.0000 | 64.8940 | LOCAL_MINIMA_BOTTLENECK_HAZARD | TRIGGER_DYNAMIC_VELOCITY_BURST_KICK | 422
STAT-01204 | -0.7391 | -0.0000 | 68.7290 | LOCAL_MINIMA_BOTTLENECK_HAZARD | TRIGGER_DYNAMIC_VELOCITY_BURST_KICK | 422
STAT-01205 | -0.7391 | -0.0000 | 47.6780 | LOCAL_MINIMA_BOTTLENECK_HAZARD | TRIGGER_DYNAMIC_VELOCITY_BURST_KICK | 422
STAT-01206 | -0.7391 | 0.0000 | 8.2890 | LOCAL_MINIMA_BOTTLENECK_HAZARD | TRIGGER_DYNAMIC_VELOCITY_BURST_KICK | 422
STAT-01207 | -0.7391 | 0.0000 | 8.2460 | LOCAL_MINIMA_BOTTLENECK_HAZARD | TRIGGER_DYNAMIC_VELOCITY_BURST_KICK | 422
STAT-01208 | -0.7391 | 0.0000 | 1.7800 | CONVERGING_GLOBAL_MINIMA_TARGET | COMMIT_OPTIMIZED_MATRIX_WEIGHT_STEP | 200
STAT-01209 | -0.7391 | 0.0000 | 57.5100 | LOCAL_MINIMA_BOTTLENECK_HAZARD | TRIGGER_DYNAMIC_VELOCITY_BURST_KICK | 422
STAT-01210 | -0.7391 | 0.0000 | 85.3070 | LOCAL_MINIMA_BOTTLENECK_HAZARD | TRIGGER_DYNAMIC_VELOCITY_BURST_KICK | 422
STAT-01211 | -0.7391 | -0.0000 | 48.9740 | LOCAL_MINIMA_BOTTLENECK_HAZARD | TRIGGER_DYNAMIC_VELOCITY_BURST_KICK | 422
STAT-01212 | -0.7391 | -0.0000 | 1.8500 | CONVERGING_GLOBAL_MINIMA_TARGET | COMMIT_OPTIMIZED_MATRIX_WEIGHT_STEP | 200
STAT-01213 | -0.7391 | -0.0000 | 13.3500 | LOCAL_MINIMA_BOTTLENECK_HAZARD | TRIGGER_DYNAMIC_VELOCITY_BURST_KICK | 422
STAT-01214 | -0.7391 | -0.0000 | 30.8360 | LOCAL_MINIMA_BOTTLENECK_HAZARD | TRIGGER_DYNAMIC_VELOCITY_BURST_KICK | 422
STAT-01215 | -0.7391 | -0.0000 | 10.3050 | LOCAL_MINIMA_BOTTLENECK_HAZARD | TRIGGER_DYNAMIC_VELOCITY_BURST_KICK | 422
STAT-01216 | -0.7391 | 0.0000 | 40.5970 | LOCAL_MINIMA_BOTTLENECK_HAZARD | TRIGGER_DYNAMIC_VELOCITY_BURST_KICK | 422
STAT-01217 | -0.7391 | 0.0000 | 80.2330 | LOCAL_MINIMA_BOTTLENECK_HAZARD | TRIGGER_DYNAMIC_VELOCITY_BURST_KICK | 422
STAT-01218 | -0.7391 | 0.0000 | 5.2580 | LOCAL_MINIMA_BOTTLENECK_HAZARD | TRIGGER_DYNAMIC_VELOCITY_BURST_KICK | 422
STAT-01219 | -0.7391 | 0.0000 | 13.3750 | LOCAL_MINIMA_BOTTLENECK_HAZARD | TRIGGER_DYNAMIC_VELOCITY_BURST_KICK | 422
STAT-01220 | -0.7391 | 0.0000 | 25.5670 | LOCAL_MINIMA_BOTTLENECK_HAZARD | TRIGGER_DYNAMIC_VELOCITY_BURST_KICK | 422
STAT-01221 | -0.7391 | -0.0000 | 32.5300 | LOCAL_MINIMA_BOTTLENECK_HAZARD | TRIGGER_DYNAMIC_VELOCITY_BURST_KICK | 422
STAT-01222 | -0.7391 | -0.0000 | 17.5430 | LOCAL_MINIMA_BOTTLENECK_HAZARD | TRIGGER_DYNAMIC_VELOCITY_BURST_KICK | 422
STAT-01223 | -0.7391 | -0.0000 | 49.8680 | LOCAL_MINIMA_BOTTLENECK_HAZARD | TRIGGER_DYNAMIC_VELOCITY_BURST_KICK | 422
STAT-01224 | -0.7391 | -0.0000 | 51.6480 | LOCAL_MINIMA_BOTTLENECK_HAZARD | TRIGGER_DYNAMIC_VELOCITY_BURST_KICK | 422
STAT-01225 | -0.7391 | -0.0000 | 2.4880 | CONVERGING_GLOBAL_MINIMA_TARGET | COMMIT_OPTIMIZED_MATRIX_WEIGHT_STEP | 200
STAT-01226 | -0.7391 | 0.0000 | 17.6090 | LOCAL_MINIMA_BOTTLENECK_HAZARD | TRIGGER_DYNAMIC_VELOCITY_BURST_KICK | 422
STAT-01227 | -0.7391 | 0.0000 | 6.7380 | LOCAL_MINIMA_BOTTLENECK_HAZARD | TRIGGER_DYNAMIC_VELOCITY_BURST_KICK | 422
STAT-01228 | -0.7391 | 0.0000 | 12.6390 | LOCAL_MINIMA_BOTTLENECK_HAZARD | TRIGGER_DYNAMIC_VELOCITY_BURST_KICK | 422
STAT-01229 | -0.7391 | 0.0000 | 22.2900 | LOCAL_MINIMA_BOTTLENECK_HAZARD | TRIGGER_DYNAMIC_VELOCITY_BURST_KICK | 422
STAT-01230 | -0.7391 | 0.0000 | 33.0910 | LOCAL_MINIMA_BOTTLENECK_HAZARD | TRIGGER_DYNAMIC_VELOCITY_BURST_KICK | 422
STAT-01231 | -0.7391 | -0.0000 | 29.1790 | LOCAL_MINIMA_BOTTLENECK_HAZARD | TRIGGER_DYNAMIC_VELOCITY_BURST_KICK | 422
STAT-01232 | -0.7391 | -0.0000 | 7.6410 | LOCAL_MINIMA_BOTTLENECK_HAZARD | TRIGGER_DYNAMIC_VELOCITY_BURST_KICK | 422
STAT-01233 | -0.7391 | -0.0000 | 15.6280 | LOCAL_MINIMA_BOTTLENECK_HAZARD | TRIGGER_DYNAMIC_VELOCITY_BURST_KICK | 422
STAT-01234 | -0.7391 | -0.0000 | 72.4800 | LOCAL_MINIMA_BOTTLENECK_HAZARD | TRIGGER_DYNAMIC_VELOCITY_BURST_KICK | 422
STAT-01235 | -0.7391 | -0.0000 | 72.5340 | LOCAL_MINIMA_BOTTLENECK_HAZARD | TRIGGER_DYNAMIC_VELOCITY_BURST_KICK | 422
STAT-01236 | -0.7391 | 0.0000 | 13.8420 | LOCAL_MINIMA_BOTTLENECK_HAZARD | TRIGGER_DYNAMIC_VELOCITY_BURST_KICK | 422
STAT-01237 | -0.7391 | 0.0000 | 73.4190 | LOCAL_MINIMA_BOTTLENECK_HAZARD | TRIGGER_DYNAMIC_VELOCITY_BURST_KICK | 422
STAT-01238 | -0.7391 | 0.0000 | 22.3580 | LOCAL_MINIMA_BOTTLENECK_HAZARD | TRIGGER_DYNAMIC_VELOCITY_BURST_KICK | 422
STAT-01239 | -0.7391 | 0.0000 | 36.3340 | LOCAL_MINIMA_BOTTLENECK_HAZARD | TRIGGER_DYNAMIC_VELOCITY_BURST_KICK | 422
STAT-01240 | -0.7391 | 0.0000 | 19.2230 | LOCAL_MINIMA_BOTTLENECK_HAZARD | TRIGGER_DYNAMIC_VELOCITY_BURST_KICK | 422
STAT-01241 | -0.7391 | -0.0000 | 24.1810 | LOCAL_MINIMA_BOTTLENECK_HAZARD | TRIGGER_DYNAMIC_VELOCITY_BURST_KICK | 422
STAT-01242 | -0.7391 | -0.0000 | 10.9940 | LOCAL_MINIMA_BOTTLENECK_HAZARD | TRIGGER_DYNAMIC_VELOCITY_BURST_KICK | 422
STAT-01243 | -0.7391 | -0.0000 | 27.3630 | LOCAL_MINIMA_BOTTLENECK_HAZARD | TRIGGER_DYNAMIC_VELOCITY_BURST_KICK | 422
STAT-01244 | -0.7391 | -0.0000 | 12.4580 | LOCAL_MINIMA_BOTTLENECK_HAZARD | TRIGGER_DYNAMIC_VELOCITY_BURST_KICK | 422
STAT-01245 | -0.7391 | -0.0000 | 11.3970 | LOCAL_MINIMA_BOTTLENECK_HAZARD | TRIGGER_DYNAMIC_VELOCITY_BURST_KICK | 422
STAT-01246 | -0.7391 | 0.0000 | 58.7220 | LOCAL_MINIMA_BOTTLENECK_HAZARD | TRIGGER_DYNAMIC_VELOCITY_BURST_KICK | 422
STAT-01247 | -0.7391 | 0.0000 | 32.3110 | LOCAL_MINIMA_BOTTLENECK_HAZARD | TRIGGER_DYNAMIC_VELOCITY_BURST_KICK | 422
STAT-01248 | -0.7391 | 0.0000 | 64.5290 | LOCAL_MINIMA_BOTTLENECK_HAZARD | TRIGGER_DYNAMIC_VELOCITY_BURST_KICK | 422
STAT-01249 | -0.7391 | 0.0000 | 18.9950 | LOCAL_MINIMA_BOTTLENECK_HAZARD | TRIGGER_DYNAMIC_VELOCITY_BURST_KICK | 422
STAT-01250 | -0.7391 | 0.0000 | 69.0170 | LOCAL_MINIMA_BOTTLENECK_HAZARD | TRIGGER_DYNAMIC_VELOCITY_BURST_KICK | 422
STAT-01251 | -0.7391 | -0.0000 | 15.1870 | LOCAL_MINIMA_BOTTLENECK_HAZARD | TRIGGER_DYNAMIC_VELOCITY_BURST_KICK | 422
STAT-01252 | -0.7391 | -0.0000 | 58.6950 | LOCAL_MINIMA_BOTTLENECK_HAZARD | TRIGGER_DYNAMIC_VELOCITY_BURST_KICK | 422
STAT-01253 | -0.7391 | -0.0000 | 23.9430 | LOCAL_MINIMA_BOTTLENECK_HAZARD | TRIGGER_DYNAMIC_VELOCITY_BURST_KICK | 422
STAT-01254 | -0.7391 | -0.0000 | 15.7140 | LOCAL_MINIMA_BOTTLENECK_HAZARD | TRIGGER_DYNAMIC_VELOCITY_BURST_KICK | 422
STAT-01255 | -0.7391 | -0.0000 | 36.2700 | LOCAL_MINIMA_BOTTLENECK_HAZARD | TRIGGER_DYNAMIC_VELOCITY_BURST_KICK | 422
STAT-01256 | -0.7391 | 0.0000 | 8.8190 | LOCAL_MINIMA_BOTTLENECK_HAZARD | TRIGGER_DYNAMIC_VELOCITY_BURST_KICK | 422
STAT-01257 | -0.7391 | 0.0000 | 84.2370 | LOCAL_MINIMA_BOTTLENECK_HAZARD | TRIGGER_DYNAMIC_VELOCITY_BURST_KICK | 422
STAT-01258 | -0.7391 | 0.0000 | 1.1610 | CONVERGING_GLOBAL_MINIMA_TARGET | COMMIT_OPTIMIZED_MATRIX_WEIGHT_STEP | 200
STAT-01259 | -0.7391 | 0.0000 | 26.6130 | LOCAL_MINIMA_BOTTLENECK_HAZARD | TRIGGER_DYNAMIC_VELOCITY_BURST_KICK | 422
STAT-01260 | -0.7391 | 0.0000 | 5.3830 | LOCAL_MINIMA_BOTTLENECK_HAZARD | TRIGGER_DYNAMIC_VELOCITY_BURST_KICK | 422
STAT-01261 | -0.7391 | -0.0000 | 51.1960 | LOCAL_MINIMA_BOTTLENECK_HAZARD | TRIGGER_DYNAMIC_VELOCITY_BURST_KICK | 422
STAT-01262 | -0.7391 | -0.0000 | 53.7290 | LOCAL_MINIMA_BOTTLENECK_HAZARD | TRIGGER_DYNAMIC_VELOCITY_BURST_KICK | 422
STAT-01263 | -0.7391 | -0.0000 | 5.7570 | LOCAL_MINIMA_BOTTLENECK_HAZARD | TRIGGER_DYNAMIC_VELOCITY_BURST_KICK | 422
STAT-01264 | -0.7391 | -0.0000 | 4.5280 | CONVERGING_GLOBAL_MINIMA_TARGET | COMMIT_OPTIMIZED_MATRIX_WEIGHT_STEP | 200
STAT-01265 | -0.7391 | -0.0000 | 32.8280 | LOCAL_MINIMA_BOTTLENECK_HAZARD | TRIGGER_DYNAMIC_VELOCITY_BURST_KICK | 422
STAT-01266 | -0.7391 | 0.0000 | 20.9970 | LOCAL_MINIMA_BOTTLENECK_HAZARD | TRIGGER_DYNAMIC_VELOCITY_BURST_KICK | 422
STAT-01267 | -0.7391 | 0.0000 | 8.6270 | LOCAL_MINIMA_BOTTLENECK_HAZARD | TRIGGER_DYNAMIC_VELOCITY_BURST_KICK | 422
STAT-01268 | -0.7391 | 0.0000 | 58.0830 | LOCAL_MINIMA_BOTTLENECK_HAZARD | TRIGGER_DYNAMIC_VELOCITY_BURST_KICK | 422
STAT-01269 | -0.7391 | 0.0000 | 29.0880 | LOCAL_MINIMA_BOTTLENECK_HAZARD | TRIGGER_DYNAMIC_VELOCITY_BURST_KICK | 422
STAT-01270 | -0.7391 | 0.0000 | 63.5660 | LOCAL_MINIMA_BOTTLENECK_HAZARD | TRIGGER_DYNAMIC_VELOCITY_BURST_KICK | 422
STAT-01271 | -0.7391 | -0.0000 | 10.9250 | LOCAL_MINIMA_BOTTLENECK_HAZARD | TRIGGER_DYNAMIC_VELOCITY_BURST_KICK | 422
STAT-01272 | -0.7391 | -0.0000 | 75.6320 | LOCAL_MINIMA_BOTTLENECK_HAZARD | TRIGGER_DYNAMIC_VELOCITY_BURST_KICK | 422
STAT-01273 | -0.7391 | -0.0000 | 44.3420 | LOCAL_MINIMA_BOTTLENECK_HAZARD | TRIGGER_DYNAMIC_VELOCITY_BURST_KICK | 422
STAT-01274 | -0.7391 | -0.0000 | 24.5050 | LOCAL_MINIMA_BOTTLENECK_HAZARD | TRIGGER_DYNAMIC_VELOCITY_BURST_KICK | 422
STAT-01275 | -0.7391 | -0.0000 | 3.5840 | CONVERGING_GLOBAL_MINIMA_TARGET | COMMIT_OPTIMIZED_MATRIX_WEIGHT_STEP | 200
STAT-01276 | -0.7391 | 0.0000 | 18.6110 | LOCAL_MINIMA_BOTTLENECK_HAZARD | TRIGGER_DYNAMIC_VELOCITY_BURST_KICK | 422
STAT-01277 | -0.7391 | 0.0000 | 10.3490 | LOCAL_MINIMA_BOTTLENECK_HAZARD | TRIGGER_DYNAMIC_VELOCITY_BURST_KICK | 422
STAT-01278 | -0.7391 | 0.0000 | 32.0270 | LOCAL_MINIMA_BOTTLENECK_HAZARD | TRIGGER_DYNAMIC_VELOCITY_BURST_KICK | 422
STAT-01279 | -0.7391 | 0.0000 | 54.6330 | LOCAL_MINIMA_BOTTLENECK_HAZARD | TRIGGER_DYNAMIC_VELOCITY_BURST_KICK | 422
STAT-01280 | -0.7391 | 0.0000 | 4.5300 | CONVERGING_GLOBAL_MINIMA_TARGET | COMMIT_OPTIMIZED_MATRIX_WEIGHT_STEP | 200
STAT-01281 | -0.7391 | -0.0000 | 34.6350 | LOCAL_MINIMA_BOTTLENECK_HAZARD | TRIGGER_DYNAMIC_VELOCITY_BURST_KICK | 422
STAT-01282 | -0.7391 | -0.0000 | 20.6700 | LOCAL_MINIMA_BOTTLENECK_HAZARD | TRIGGER_DYNAMIC_VELOCITY_BURST_KICK | 422
STAT-01283 | -0.7391 | -0.0000 | 25.7360 | LOCAL_MINIMA_BOTTLENECK_HAZARD | TRIGGER_DYNAMIC_VELOCITY_BURST_KICK | 422
STAT-01284 | -0.7391 | -0.0000 | 82.2850 | LOCAL_MINIMA_BOTTLENECK_HAZARD | TRIGGER_DYNAMIC_VELOCITY_BURST_KICK | 422
STAT-01285 | -0.7391 | -0.0000 | 4.0160 | CONVERGING_GLOBAL_MINIMA_TARGET | COMMIT_OPTIMIZED_MATRIX_WEIGHT_STEP | 200
STAT-01286 | -0.7391 | 0.0000 | 3.8540 | CONVERGING_GLOBAL_MINIMA_TARGET | COMMIT_OPTIMIZED_MATRIX_WEIGHT_STEP | 200
STAT-01287 | -0.7391 | 0.0000 | 57.8170 | LOCAL_MINIMA_BOTTLENECK_HAZARD | TRIGGER_DYNAMIC_VELOCITY_BURST_KICK | 422
STAT-01288 | -0.7391 | 0.0000 | 3.8600 | CONVERGING_GLOBAL_MINIMA_TARGET | COMMIT_OPTIMIZED_MATRIX_WEIGHT_STEP | 200
STAT-01289 | -0.7391 | 0.0000 | 29.9300 | LOCAL_MINIMA_BOTTLENECK_HAZARD | TRIGGER_DYNAMIC_VELOCITY_BURST_KICK | 422
STAT-01290 | -0.7391 | 0.0000 | 44.5590 | LOCAL_MINIMA_BOTTLENECK_HAZARD | TRIGGER_DYNAMIC_VELOCITY_BURST_KICK | 422
STAT-01291 | -0.7391 | -0.0000 | 2.0180 | CONVERGING_GLOBAL_MINIMA_TARGET | COMMIT_OPTIMIZED_MATRIX_WEIGHT_STEP | 200
STAT-01292 | -0.7391 | -0.0000 | 66.7640 | LOCAL_MINIMA_BOTTLENECK_HAZARD | TRIGGER_DYNAMIC_VELOCITY_BURST_KICK | 422
STAT-01293 | -0.7391 | -0.0000 | 3.3880 | CONVERGING_GLOBAL_MINIMA_TARGET | COMMIT_OPTIMIZED_MATRIX_WEIGHT_STEP | 200
STAT-01294 | -0.7391 | -0.0000 | 53.2720 | LOCAL_MINIMA_BOTTLENECK_HAZARD | TRIGGER_DYNAMIC_VELOCITY_BURST_KICK | 422
STAT-01295 | -0.7391 | -0.0000 | 13.7350 | LOCAL_MINIMA_BOTTLENECK_HAZARD | TRIGGER_DYNAMIC_VELOCITY_BURST_KICK | 422
STAT-01296 | -0.7391 | 0.0000 | 21.6120 | LOCAL_MINIMA_BOTTLENECK_HAZARD | TRIGGER_DYNAMIC_VELOCITY_BURST_KICK | 422
STAT-01297 | -0.7391 | 0.0000 | 48.6760 | LOCAL_MINIMA_BOTTLENECK_HAZARD | TRIGGER_DYNAMIC_VELOCITY_BURST_KICK | 422
STAT-01298 | -0.7391 | 0.0000 | 51.2240 | LOCAL_MINIMA_BOTTLENECK_HAZARD | TRIGGER_DYNAMIC_VELOCITY_BURST_KICK | 422
STAT-01299 | -0.7391 | 0.0000 | 4.7330 | CONVERGING_GLOBAL_MINIMA_TARGET | COMMIT_OPTIMIZED_MATRIX_WEIGHT_STEP | 200
STAT-01300 | -0.7391 | 0.0000 | 8.6130 | LOCAL_MINIMA_BOTTLENECK_HAZARD | TRIGGER_DYNAMIC_VELOCITY_BURST_KICK | 422
STAT-01301 | -0.7391 | -0.0000 | 74.7680 | LOCAL_MINIMA_BOTTLENECK_HAZARD | TRIGGER_DYNAMIC_VELOCITY_BURST_KICK | 422
STAT-01302 | -0.7391 | -0.0000 | 77.9350 | LOCAL_MINIMA_BOTTLENECK_HAZARD | TRIGGER_DYNAMIC_VELOCITY_BURST_KICK | 422
STAT-01303 | -0.7391 | -0.0000 | 38.0710 | LOCAL_MINIMA_BOTTLENECK_HAZARD | TRIGGER_DYNAMIC_VELOCITY_BURST_KICK | 422
STAT-01304 | -0.7391 | -0.0000 | 3.7770 | CONVERGING_GLOBAL_MINIMA_TARGET | COMMIT_OPTIMIZED_MATRIX_WEIGHT_STEP | 200
STAT-01305 | -0.7391 | -0.0000 | 36.2460 | LOCAL_MINIMA_BOTTLENECK_HAZARD | TRIGGER_DYNAMIC_VELOCITY_BURST_KICK | 422
STAT-01306 | -0.7391 | 0.0000 | 67.1180 | LOCAL_MINIMA_BOTTLENECK_HAZARD | TRIGGER_DYNAMIC_VELOCITY_BURST_KICK | 422
STAT-01307 | -0.7391 | 0.0000 | 7.5940 | LOCAL_MINIMA_BOTTLENECK_HAZARD | TRIGGER_DYNAMIC_VELOCITY_BURST_KICK | 422
STAT-01308 | -0.7391 | 0.0000 | 15.4570 | LOCAL_MINIMA_BOTTLENECK_HAZARD | TRIGGER_DYNAMIC_VELOCITY_BURST_KICK | 422
STAT-01309 | -0.7391 | 0.0000 | 38.2370 | LOCAL_MINIMA_BOTTLENECK_HAZARD | TRIGGER_DYNAMIC_VELOCITY_BURST_KICK | 422
STAT-01310 | -0.7391 | 0.0000 | 35.4410 | LOCAL_MINIMA_BOTTLENECK_HAZARD | TRIGGER_DYNAMIC_VELOCITY_BURST_KICK | 422
STAT-01311 | -0.7391 | -0.0000 | 33.3760 | LOCAL_MINIMA_BOTTLENECK_HAZARD | TRIGGER_DYNAMIC_VELOCITY_BURST_KICK | 422
STAT-01312 | -0.7391 | -0.0000 | 74.9550 | LOCAL_MINIMA_BOTTLENECK_HAZARD | TRIGGER_DYNAMIC_VELOCITY_BURST_KICK | 422
STAT-01313 | -0.7391 | -0.0000 | 42.6690 | LOCAL_MINIMA_BOTTLENECK_HAZARD | TRIGGER_DYNAMIC_VELOCITY_BURST_KICK | 422
STAT-01314 | -0.7391 | -0.0000 | 52.9300 | LOCAL_MINIMA_BOTTLENECK_HAZARD | TRIGGER_DYNAMIC_VELOCITY_BURST_KICK | 422
STAT-01315 | -0.7391 | -0.0000 | 67.5670 | LOCAL_MINIMA_BOTTLENECK_HAZARD | TRIGGER_DYNAMIC_VELOCITY_BURST_KICK | 422
STAT-01316 | -0.7391 | 0.0000 | 32.9240 | LOCAL_MINIMA_BOTTLENECK_HAZARD | TRIGGER_DYNAMIC_VELOCITY_BURST_KICK | 422
STAT-01317 | -0.7391 | 0.0000 | 14.6760 | LOCAL_MINIMA_BOTTLENECK_HAZARD | TRIGGER_DYNAMIC_VELOCITY_BURST_KICK | 422
STAT-01318 | -0.7391 | 0.0000 | 68.9660 | LOCAL_MINIMA_BOTTLENECK_HAZARD | TRIGGER_DYNAMIC_VELOCITY_BURST_KICK | 422
STAT-01319 | -0.7391 | 0.0000 | 22.6870 | LOCAL_MINIMA_BOTTLENECK_HAZARD | TRIGGER_DYNAMIC_VELOCITY_BURST_KICK | 422
STAT-01320 | -0.7391 | 0.0000 | 22.5950 | LOCAL_MINIMA_BOTTLENECK_HAZARD | TRIGGER_DYNAMIC_VELOCITY_BURST_KICK | 422
STAT-01321 | -0.7391 | -0.0000 | 8.1700 | LOCAL_MINIMA_BOTTLENECK_HAZARD | TRIGGER_DYNAMIC_VELOCITY_BURST_KICK | 422
STAT-01322 | -0.7391 | -0.0000 | 69.6520 | LOCAL_MINIMA_BOTTLENECK_HAZARD | TRIGGER_DYNAMIC_VELOCITY_BURST_KICK | 422
STAT-01323 | -0.7391 | -0.0000 | 23.8600 | LOCAL_MINIMA_BOTTLENECK_HAZARD | TRIGGER_DYNAMIC_VELOCITY_BURST_KICK | 422
STAT-01324 | -0.7391 | -0.0000 | 8.8970 | LOCAL_MINIMA_BOTTLENECK_HAZARD | TRIGGER_DYNAMIC_VELOCITY_BURST_KICK | 422
STAT-01325 | -0.7391 | -0.0000 | 54.2480 | LOCAL_MINIMA_BOTTLENECK_HAZARD | TRIGGER_DYNAMIC_VELOCITY_BURST_KICK | 422
STAT-01326 | -0.7391 | 0.0000 | 65.2780 | LOCAL_MINIMA_BOTTLENECK_HAZARD | TRIGGER_DYNAMIC_VELOCITY_BURST_KICK | 422
STAT-01327 | -0.7391 | 0.0000 | 80.7580 | LOCAL_MINIMA_BOTTLENECK_HAZARD | TRIGGER_DYNAMIC_VELOCITY_BURST_KICK | 422
STAT-01328 | -0.7391 | 0.0000 | 79.3950 | LOCAL_MINIMA_BOTTLENECK_HAZARD | TRIGGER_DYNAMIC_VELOCITY_BURST_KICK | 422
STAT-01329 | -0.7391 | 0.0000 | 53.6450 | LOCAL_MINIMA_BOTTLENECK_HAZARD | TRIGGER_DYNAMIC_VELOCITY_BURST_KICK | 422
STAT-01330 | -0.7391 | 0.0000 | 30.8500 | LOCAL_MINIMA_BOTTLENECK_HAZARD | TRIGGER_DYNAMIC_VELOCITY_BURST_KICK | 422
STAT-01331 | -0.7391 | -0.0000 | 14.7850 | LOCAL_MINIMA_BOTTLENECK_HAZARD | TRIGGER_DYNAMIC_VELOCITY_BURST_KICK | 422
STAT-01332 | -0.7391 | -0.0000 | 45.9900 | LOCAL_MINIMA_BOTTLENECK_HAZARD | TRIGGER_DYNAMIC_VELOCITY_BURST_KICK | 422
STAT-01333 | -0.7391 | -0.0000 | 8.6680 | LOCAL_MINIMA_BOTTLENECK_HAZARD | TRIGGER_DYNAMIC_VELOCITY_BURST_KICK | 422
STAT-01334 | -0.7391 | -0.0000 | 31.2630 | LOCAL_MINIMA_BOTTLENECK_HAZARD | TRIGGER_DYNAMIC_VELOCITY_BURST_KICK | 422
STAT-01335 | -0.7391 | -0.0000 | 26.4360 | LOCAL_MINIMA_BOTTLENECK_HAZARD | TRIGGER_DYNAMIC_VELOCITY_BURST_KICK | 422
STAT-01336 | -0.7391 | 0.0000 | 62.6240 | LOCAL_MINIMA_BOTTLENECK_HAZARD | TRIGGER_DYNAMIC_VELOCITY_BURST_KICK | 422
STAT-01337 | -0.7391 | 0.0000 | 13.0810 | LOCAL_MINIMA_BOTTLENECK_HAZARD | TRIGGER_DYNAMIC_VELOCITY_BURST_KICK | 422
STAT-01338 | -0.7391 | 0.0000 | 51.1420 | LOCAL_MINIMA_BOTTLENECK_HAZARD | TRIGGER_DYNAMIC_VELOCITY_BURST_KICK | 422
STAT-01339 | -0.7391 | 0.0000 | 24.1940 | LOCAL_MINIMA_BOTTLENECK_HAZARD | TRIGGER_DYNAMIC_VELOCITY_BURST_KICK | 422
STAT-01340 | -0.7391 | 0.0000 | 44.3080 | LOCAL_MINIMA_BOTTLENECK_HAZARD | TRIGGER_DYNAMIC_VELOCITY_BURST_KICK | 422
STAT-01341 | -0.7391 | -0.0000 | 6.6490 | LOCAL_MINIMA_BOTTLENECK_HAZARD | TRIGGER_DYNAMIC_VELOCITY_BURST_KICK | 422
STAT-01342 | -0.7391 | -0.0000 | 62.5020 | LOCAL_MINIMA_BOTTLENECK_HAZARD | TRIGGER_DYNAMIC_VELOCITY_BURST_KICK | 422
STAT-01343 | -0.7391 | -0.0000 | 47.0590 | LOCAL_MINIMA_BOTTLENECK_HAZARD | TRIGGER_DYNAMIC_VELOCITY_BURST_KICK | 422
STAT-01344 | -0.7391 | -0.0000 | 36.0080 | LOCAL_MINIMA_BOTTLENECK_HAZARD | TRIGGER_DYNAMIC_VELOCITY_BURST_KICK | 422
STAT-01345 | -0.7391 | -0.0000 | 9.2110 | LOCAL_MINIMA_BOTTLENECK_HAZARD | TRIGGER_DYNAMIC_VELOCITY_BURST_KICK | 422
STAT-01346 | -0.7391 | 0.0000 | 7.2440 | LOCAL_MINIMA_BOTTLENECK_HAZARD | TRIGGER_DYNAMIC_VELOCITY_BURST_KICK | 422
STAT-01347 | -0.7391 | 0.0000 | 31.4460 | LOCAL_MINIMA_BOTTLENECK_HAZARD | TRIGGER_DYNAMIC_VELOCITY_BURST_KICK | 422
STAT-01348 | -0.7391 | 0.0000 | 2.3880 | CONVERGING_GLOBAL_MINIMA_TARGET | COMMIT_OPTIMIZED_MATRIX_WEIGHT_STEP | 200
STAT-01349 | -0.7391 | 0.0000 | 59.1850 | LOCAL_MINIMA_BOTTLENECK_HAZARD | TRIGGER_DYNAMIC_VELOCITY_BURST_KICK | 422
STAT-01350 | -0.7391 | 0.0000 | 27.7990 | LOCAL_MINIMA_BOTTLENECK_HAZARD | TRIGGER_DYNAMIC_VELOCITY_BURST_KICK | 422
STAT-01351 | -0.7391 | -0.0000 | 40.1130 | LOCAL_MINIMA_BOTTLENECK_HAZARD | TRIGGER_DYNAMIC_VELOCITY_BURST_KICK | 422
STAT-01352 | -0.7391 | -0.0000 | 5.1840 | LOCAL_MINIMA_BOTTLENECK_HAZARD | TRIGGER_DYNAMIC_VELOCITY_BURST_KICK | 422
STAT-01353 | -0.7391 | -0.0000 | 2.5890 | CONVERGING_GLOBAL_MINIMA_TARGET | COMMIT_OPTIMIZED_MATRIX_WEIGHT_STEP | 200
STAT-01354 | -0.7391 | -0.0000 | 68.4170 | LOCAL_MINIMA_BOTTLENECK_HAZARD | TRIGGER_DYNAMIC_VELOCITY_BURST_KICK | 422
STAT-01355 | -0.7391 | -0.0000 | 0.9270 | CONVERGING_GLOBAL_MINIMA_TARGET | COMMIT_OPTIMIZED_MATRIX_WEIGHT_STEP | 200
STAT-01356 | -0.7391 | 0.0000 | 16.7300 | LOCAL_MINIMA_BOTTLENECK_HAZARD | TRIGGER_DYNAMIC_VELOCITY_BURST_KICK | 422
STAT-01357 | -0.7391 | 0.0000 | 41.8600 | LOCAL_MINIMA_BOTTLENECK_HAZARD | TRIGGER_DYNAMIC_VELOCITY_BURST_KICK | 422
STAT-01358 | -0.7391 | 0.0000 | 5.6940 | LOCAL_MINIMA_BOTTLENECK_HAZARD | TRIGGER_DYNAMIC_VELOCITY_BURST_KICK | 422
STAT-01359 | -0.7391 | 0.0000 | 6.5010 | LOCAL_MINIMA_BOTTLENECK_HAZARD | TRIGGER_DYNAMIC_VELOCITY_BURST_KICK | 422
STAT-01360 | -0.7391 | 0.0000 | 29.9030 | LOCAL_MINIMA_BOTTLENECK_HAZARD | TRIGGER_DYNAMIC_VELOCITY_BURST_KICK | 422
STAT-01361 | -0.7391 | -0.0000 | 76.4180 | LOCAL_MINIMA_BOTTLENECK_HAZARD | TRIGGER_DYNAMIC_VELOCITY_BURST_KICK | 422
STAT-01362 | -0.7391 | -0.0000 | 11.7570 | LOCAL_MINIMA_BOTTLENECK_HAZARD | TRIGGER_DYNAMIC_VELOCITY_BURST_KICK | 422
STAT-01363 | -0.7391 | -0.0000 | 21.5590 | LOCAL_MINIMA_BOTTLENECK_HAZARD | TRIGGER_DYNAMIC_VELOCITY_BURST_KICK | 422
STAT-01364 | -0.7391 | -0.0000 | 4.9480 | CONVERGING_GLOBAL_MINIMA_TARGET | COMMIT_OPTIMIZED_MATRIX_WEIGHT_STEP | 200
STAT-01365 | -0.7391 | -0.0000 | 26.7300 | LOCAL_MINIMA_BOTTLENECK_HAZARD | TRIGGER_DYNAMIC_VELOCITY_BURST_KICK | 422
STAT-01366 | -0.7391 | 0.0000 | 22.6400 | LOCAL_MINIMA_BOTTLENECK_HAZARD | TRIGGER_DYNAMIC_VELOCITY_BURST_KICK | 422
STAT-01367 | -0.7391 | 0.0000 | 57.6510 | LOCAL_MINIMA_BOTTLENECK_HAZARD | TRIGGER_DYNAMIC_VELOCITY_BURST_KICK | 422
STAT-01368 | -0.7391 | 0.0000 | 16.8300 | LOCAL_MINIMA_BOTTLENECK_HAZARD | TRIGGER_DYNAMIC_VELOCITY_BURST_KICK | 422
STAT-01369 | -0.7391 | 0.0000 | 44.6440 | LOCAL_MINIMA_BOTTLENECK_HAZARD | TRIGGER_DYNAMIC_VELOCITY_BURST_KICK | 422
STAT-01370 | -0.7391 | 0.0000 | 38.6630 | LOCAL_MINIMA_BOTTLENECK_HAZARD | TRIGGER_DYNAMIC_VELOCITY_BURST_KICK | 422
STAT-01371 | -0.7391 | -0.0000 | 51.0170 | LOCAL_MINIMA_BOTTLENECK_HAZARD | TRIGGER_DYNAMIC_VELOCITY_BURST_KICK | 422
STAT-01372 | -0.7391 | -0.0000 | 15.0450 | LOCAL_MINIMA_BOTTLENECK_HAZARD | TRIGGER_DYNAMIC_VELOCITY_BURST_KICK | 422
STAT-01373 | -0.7391 | -0.0000 | 73.5260 | LOCAL_MINIMA_BOTTLENECK_HAZARD | TRIGGER_DYNAMIC_VELOCITY_BURST_KICK | 422
STAT-01374 | -0.7391 | -0.0000 | 4.3920 | CONVERGING_GLOBAL_MINIMA_TARGET | COMMIT_OPTIMIZED_MATRIX_WEIGHT_STEP | 200
STAT-01375 | -0.7391 | -0.0000 | 7.2560 | LOCAL_MINIMA_BOTTLENECK_HAZARD | TRIGGER_DYNAMIC_VELOCITY_BURST_KICK | 422
STAT-01376 | -0.7391 | 0.0000 | 13.1420 | LOCAL_MINIMA_BOTTLENECK_HAZARD | TRIGGER_DYNAMIC_VELOCITY_BURST_KICK | 422
STAT-01377 | -0.7391 | 0.0000 | 5.0850 | LOCAL_MINIMA_BOTTLENECK_HAZARD | TRIGGER_DYNAMIC_VELOCITY_BURST_KICK | 422
STAT-01378 | -0.7391 | 0.0000 | 34.6800 | LOCAL_MINIMA_BOTTLENECK_HAZARD | TRIGGER_DYNAMIC_VELOCITY_BURST_KICK | 422
STAT-01379 | -0.7391 | 0.0000 | 42.8550 | LOCAL_MINIMA_BOTTLENECK_HAZARD | TRIGGER_DYNAMIC_VELOCITY_BURST_KICK | 422
STAT-01380 | -0.7391 | 0.0000 | 2.6420 | CONVERGING_GLOBAL_MINIMA_TARGET | COMMIT_OPTIMIZED_MATRIX_WEIGHT_STEP | 200
STAT-01381 | -0.7391 | -0.0000 | 69.7610 | LOCAL_MINIMA_BOTTLENECK_HAZARD | TRIGGER_DYNAMIC_VELOCITY_BURST_KICK | 422
STAT-01382 | -0.7391 | -0.0000 | 57.4520 | LOCAL_MINIMA_BOTTLENECK_HAZARD | TRIGGER_DYNAMIC_VELOCITY_BURST_KICK | 422
STAT-01383 | -0.7391 | -0.0000 | 22.8910 | LOCAL_MINIMA_BOTTLENECK_HAZARD | TRIGGER_DYNAMIC_VELOCITY_BURST_KICK | 422
STAT-01384 | -0.7391 | -0.0000 | 6.3980 | LOCAL_MINIMA_BOTTLENECK_HAZARD | TRIGGER_DYNAMIC_VELOCITY_BURST_KICK | 422
STAT-01385 | -0.7391 | -0.0000 | 44.9360 | LOCAL_MINIMA_BOTTLENECK_HAZARD | TRIGGER_DYNAMIC_VELOCITY_BURST_KICK | 422
STAT-01386 | -0.7391 | 0.0000 | 2.7950 | CONVERGING_GLOBAL_MINIMA_TARGET | COMMIT_OPTIMIZED_MATRIX_WEIGHT_STEP | 200
STAT-01387 | -0.7391 | 0.0000 | 71.8880 | LOCAL_MINIMA_BOTTLENECK_HAZARD | TRIGGER_DYNAMIC_VELOCITY_BURST_KICK | 422
STAT-01388 | -0.7391 | 0.0000 | 75.1500 | LOCAL_MINIMA_BOTTLENECK_HAZARD | TRIGGER_DYNAMIC_VELOCITY_BURST_KICK | 422
STAT-01389 | -0.7391 | 0.0000 | 72.5730 | LOCAL_MINIMA_BOTTLENECK_HAZARD | TRIGGER_DYNAMIC_VELOCITY_BURST_KICK | 422
STAT-01390 | -0.7391 | 0.0000 | 63.5870 | LOCAL_MINIMA_BOTTLENECK_HAZARD | TRIGGER_DYNAMIC_VELOCITY_BURST_KICK | 422
STAT-01391 | -0.7391 | -0.0000 | 38.0650 | LOCAL_MINIMA_BOTTLENECK_HAZARD | TRIGGER_DYNAMIC_VELOCITY_BURST_KICK | 422
STAT-01392 | -0.7391 | -0.0000 | 21.2590 | LOCAL_MINIMA_BOTTLENECK_HAZARD | TRIGGER_DYNAMIC_VELOCITY_BURST_KICK | 422
STAT-01393 | -0.7391 | -0.0000 | 18.8660 | LOCAL_MINIMA_BOTTLENECK_HAZARD | TRIGGER_DYNAMIC_VELOCITY_BURST_KICK | 422
STAT-01394 | -0.7391 | -0.0000 | 62.3330 | LOCAL_MINIMA_BOTTLENECK_HAZARD | TRIGGER_DYNAMIC_VELOCITY_BURST_KICK | 422
STAT-01395 | -0.7391 | -0.0000 | 64.2100 | LOCAL_MINIMA_BOTTLENECK_HAZARD | TRIGGER_DYNAMIC_VELOCITY_BURST_KICK | 422
STAT-01396 | -0.7391 | 0.0000 | 47.7720 | LOCAL_MINIMA_BOTTLENECK_HAZARD | TRIGGER_DYNAMIC_VELOCITY_BURST_KICK | 422
STAT-01397 | -0.7391 | 0.0000 | 13.8500 | LOCAL_MINIMA_BOTTLENECK_HAZARD | TRIGGER_DYNAMIC_VELOCITY_BURST_KICK | 422
STAT-01398 | -0.7391 | 0.0000 | 60.5670 | LOCAL_MINIMA_BOTTLENECK_HAZARD | TRIGGER_DYNAMIC_VELOCITY_BURST_KICK | 422
STAT-01399 | -0.7391 | 0.0000 | 33.1970 | LOCAL_MINIMA_BOTTLENECK_HAZARD | TRIGGER_DYNAMIC_VELOCITY_BURST_KICK | 422
STAT-01400 | -0.7391 | 0.0000 | 45.0920 | LOCAL_MINIMA_BOTTLENECK_HAZARD | TRIGGER_DYNAMIC_VELOCITY_BURST_KICK | 422
STAT-01401 | -0.7391 | -0.0000 | 55.0930 | LOCAL_MINIMA_BOTTLENECK_HAZARD | TRIGGER_DYNAMIC_VELOCITY_BURST_KICK | 422
STAT-01402 | -0.7391 | -0.0000 | 12.3260 | LOCAL_MINIMA_BOTTLENECK_HAZARD | TRIGGER_DYNAMIC_VELOCITY_BURST_KICK | 422
STAT-01403 | -0.7391 | -0.0000 | 39.6000 | LOCAL_MINIMA_BOTTLENECK_HAZARD | TRIGGER_DYNAMIC_VELOCITY_BURST_KICK | 422
STAT-01404 | -0.7391 | -0.0000 | 12.0660 | LOCAL_MINIMA_BOTTLENECK_HAZARD | TRIGGER_DYNAMIC_VELOCITY_BURST_KICK | 422
STAT-01405 | -0.7391 | -0.0000 | 76.2760 | LOCAL_MINIMA_BOTTLENECK_HAZARD | TRIGGER_DYNAMIC_VELOCITY_BURST_KICK | 422
STAT-01406 | -0.7391 | 0.0000 | 10.9060 | LOCAL_MINIMA_BOTTLENECK_HAZARD | TRIGGER_DYNAMIC_VELOCITY_BURST_KICK | 422
STAT-01407 | -0.7391 | 0.0000 | 73.2740 | LOCAL_MINIMA_BOTTLENECK_HAZARD | TRIGGER_DYNAMIC_VELOCITY_BURST_KICK | 422
STAT-01408 | -0.7391 | 0.0000 | 48.7980 | LOCAL_MINIMA_BOTTLENECK_HAZARD | TRIGGER_DYNAMIC_VELOCITY_BURST_KICK | 422
STAT-01409 | -0.7391 | 0.0000 | 6.0310 | LOCAL_MINIMA_BOTTLENECK_HAZARD | TRIGGER_DYNAMIC_VELOCITY_BURST_KICK | 422
STAT-01410 | -0.7391 | 0.0000 | 14.3590 | LOCAL_MINIMA_BOTTLENECK_HAZARD | TRIGGER_DYNAMIC_VELOCITY_BURST_KICK | 422
STAT-01411 | -0.7391 | -0.0000 | 63.3690 | LOCAL_MINIMA_BOTTLENECK_HAZARD | TRIGGER_DYNAMIC_VELOCITY_BURST_KICK | 422
STAT-01412 | -0.7391 | -0.0000 | 90.2800 | LOCAL_MINIMA_BOTTLENECK_HAZARD | TRIGGER_DYNAMIC_VELOCITY_BURST_KICK | 422
STAT-01413 | -0.7391 | -0.0000 | 15.3100 | LOCAL_MINIMA_BOTTLENECK_HAZARD | TRIGGER_DYNAMIC_VELOCITY_BURST_KICK | 422
STAT-01414 | -0.7391 | -0.0000 | 26.6340 | LOCAL_MINIMA_BOTTLENECK_HAZARD | TRIGGER_DYNAMIC_VELOCITY_BURST_KICK | 422
STAT-01415 | -0.7391 | -0.0000 | 3.7030 | CONVERGING_GLOBAL_MINIMA_TARGET | COMMIT_OPTIMIZED_MATRIX_WEIGHT_STEP | 200
STAT-01416 | -0.7391 | 0.0000 | 17.8390 | LOCAL_MINIMA_BOTTLENECK_HAZARD | TRIGGER_DYNAMIC_VELOCITY_BURST_KICK | 422
STAT-01417 | -0.7391 | 0.0000 | 24.7470 | LOCAL_MINIMA_BOTTLENECK_HAZARD | TRIGGER_DYNAMIC_VELOCITY_BURST_KICK | 422
STAT-01418 | -0.7391 | 0.0000 | 83.2380 | LOCAL_MINIMA_BOTTLENECK_HAZARD | TRIGGER_DYNAMIC_VELOCITY_BURST_KICK | 422
STAT-01419 | -0.7391 | 0.0000 | 10.1760 | LOCAL_MINIMA_BOTTLENECK_HAZARD | TRIGGER_DYNAMIC_VELOCITY_BURST_KICK | 422
STAT-01420 | -0.7391 | 0.0000 | 52.3220 | LOCAL_MINIMA_BOTTLENECK_HAZARD | TRIGGER_DYNAMIC_VELOCITY_BURST_KICK | 422
STAT-01421 | -0.7391 | -0.0000 | 53.4110 | LOCAL_MINIMA_BOTTLENECK_HAZARD | TRIGGER_DYNAMIC_VELOCITY_BURST_KICK | 422
STAT-01422 | -0.7391 | -0.0000 | 62.9280 | LOCAL_MINIMA_BOTTLENECK_HAZARD | TRIGGER_DYNAMIC_VELOCITY_BURST_KICK | 422
STAT-01423 | -0.7391 | -0.0000 | 26.2230 | LOCAL_MINIMA_BOTTLENECK_HAZARD | TRIGGER_DYNAMIC_VELOCITY_BURST_KICK | 422
STAT-01424 | -0.7391 | -0.0000 | 28.5960 | LOCAL_MINIMA_BOTTLENECK_HAZARD | TRIGGER_DYNAMIC_VELOCITY_BURST_KICK | 422
STAT-01425 | -0.7391 | -0.0000 | 35.1680 | LOCAL_MINIMA_BOTTLENECK_HAZARD | TRIGGER_DYNAMIC_VELOCITY_BURST_KICK | 422
STAT-01426 | -0.7391 | 0.0000 | 24.4400 | LOCAL_MINIMA_BOTTLENECK_HAZARD | TRIGGER_DYNAMIC_VELOCITY_BURST_KICK | 422
STAT-01427 | -0.7391 | 0.0000 | 44.4230 | LOCAL_MINIMA_BOTTLENECK_HAZARD | TRIGGER_DYNAMIC_VELOCITY_BURST_KICK | 422
STAT-01428 | -0.7391 | 0.0000 | 70.4000 | LOCAL_MINIMA_BOTTLENECK_HAZARD | TRIGGER_DYNAMIC_VELOCITY_BURST_KICK | 422
STAT-01429 | -0.7391 | 0.0000 | 31.7510 | LOCAL_MINIMA_BOTTLENECK_HAZARD | TRIGGER_DYNAMIC_VELOCITY_BURST_KICK | 422
STAT-01430 | -0.7391 | 0.0000 | 42.3380 | LOCAL_MINIMA_BOTTLENECK_HAZARD | TRIGGER_DYNAMIC_VELOCITY_BURST_KICK | 422
STAT-01431 | -0.7391 | -0.0000 | 10.0150 | LOCAL_MINIMA_BOTTLENECK_HAZARD | TRIGGER_DYNAMIC_VELOCITY_BURST_KICK | 422
STAT-01432 | -0.7391 | -0.0000 | 0.9970 | CONVERGING_GLOBAL_MINIMA_TARGET | COMMIT_OPTIMIZED_MATRIX_WEIGHT_STEP | 200
STAT-01433 | -0.7391 | -0.0000 | 1.5740 | CONVERGING_GLOBAL_MINIMA_TARGET | COMMIT_OPTIMIZED_MATRIX_WEIGHT_STEP | 200
STAT-01434 | -0.7391 | -0.0000 | 55.8810 | LOCAL_MINIMA_BOTTLENECK_HAZARD | TRIGGER_DYNAMIC_VELOCITY_BURST_KICK | 422
STAT-01435 | -0.7391 | -0.0000 | 68.7410 | LOCAL_MINIMA_BOTTLENECK_HAZARD | TRIGGER_DYNAMIC_VELOCITY_BURST_KICK | 422
STAT-01436 | -0.7391 | 0.0000 | 36.0900 | LOCAL_MINIMA_BOTTLENECK_HAZARD | TRIGGER_DYNAMIC_VELOCITY_BURST_KICK | 422
STAT-01437 | -0.7391 | 0.0000 | 11.0330 | LOCAL_MINIMA_BOTTLENECK_HAZARD | TRIGGER_DYNAMIC_VELOCITY_BURST_KICK | 422
STAT-01438 | -0.7391 | 0.0000 | 27.4500 | LOCAL_MINIMA_BOTTLENECK_HAZARD | TRIGGER_DYNAMIC_VELOCITY_BURST_KICK | 422
STAT-01439 | -0.7391 | 0.0000 | 81.9520 | LOCAL_MINIMA_BOTTLENECK_HAZARD | TRIGGER_DYNAMIC_VELOCITY_BURST_KICK | 422
STAT-01440 | -0.7391 | 0.0000 | 22.3670 | LOCAL_MINIMA_BOTTLENECK_HAZARD | TRIGGER_DYNAMIC_VELOCITY_BURST_KICK | 422
STAT-01441 | -0.7391 | -0.0000 | 66.3730 | LOCAL_MINIMA_BOTTLENECK_HAZARD | TRIGGER_DYNAMIC_VELOCITY_BURST_KICK | 422
STAT-01442 | -0.7391 | -0.0000 | 47.8570 | LOCAL_MINIMA_BOTTLENECK_HAZARD | TRIGGER_DYNAMIC_VELOCITY_BURST_KICK | 422
STAT-01443 | -0.7391 | -0.0000 | 24.8640 | LOCAL_MINIMA_BOTTLENECK_HAZARD | TRIGGER_DYNAMIC_VELOCITY_BURST_KICK | 422
STAT-01444 | -0.7391 | -0.0000 | 3.4560 | CONVERGING_GLOBAL_MINIMA_TARGET | COMMIT_OPTIMIZED_MATRIX_WEIGHT_STEP | 200
STAT-01445 | -0.7391 | -0.0000 | 16.0870 | LOCAL_MINIMA_BOTTLENECK_HAZARD | TRIGGER_DYNAMIC_VELOCITY_BURST_KICK | 422
STAT-01446 | -0.7391 | 0.0000 | 79.2400 | LOCAL_MINIMA_BOTTLENECK_HAZARD | TRIGGER_DYNAMIC_VELOCITY_BURST_KICK | 422
STAT-01447 | -0.7391 | 0.0000 | 33.9830 | LOCAL_MINIMA_BOTTLENECK_HAZARD | TRIGGER_DYNAMIC_VELOCITY_BURST_KICK | 422
STAT-01448 | -0.7391 | 0.0000 | 39.9890 | LOCAL_MINIMA_BOTTLENECK_HAZARD | TRIGGER_DYNAMIC_VELOCITY_BURST_KICK | 422
STAT-01449 | -0.7391 | 0.0000 | 29.4670 | LOCAL_MINIMA_BOTTLENECK_HAZARD | TRIGGER_DYNAMIC_VELOCITY_BURST_KICK | 422
STAT-01450 | -0.7391 | 0.0000 | 18.6970 | LOCAL_MINIMA_BOTTLENECK_HAZARD | TRIGGER_DYNAMIC_VELOCITY_BURST_KICK | 422
STAT-01451 | -0.7391 | -0.0000 | 1.8170 | CONVERGING_GLOBAL_MINIMA_TARGET | COMMIT_OPTIMIZED_MATRIX_WEIGHT_STEP | 200
STAT-01452 | -0.7391 | -0.0000 | 6.3170 | LOCAL_MINIMA_BOTTLENECK_HAZARD | TRIGGER_DYNAMIC_VELOCITY_BURST_KICK | 422
STAT-01453 | -0.7391 | -0.0000 | 48.5920 | LOCAL_MINIMA_BOTTLENECK_HAZARD | TRIGGER_DYNAMIC_VELOCITY_BURST_KICK | 422
STAT-01454 | -0.7391 | -0.0000 | 27.3890 | LOCAL_MINIMA_BOTTLENECK_HAZARD | TRIGGER_DYNAMIC_VELOCITY_BURST_KICK | 422
STAT-01455 | -0.7391 | -0.0000 | 61.6100 | LOCAL_MINIMA_BOTTLENECK_HAZARD | TRIGGER_DYNAMIC_VELOCITY_BURST_KICK | 422
STAT-01456 | -0.7391 | 0.0000 | 78.6960 | LOCAL_MINIMA_BOTTLENECK_HAZARD | TRIGGER_DYNAMIC_VELOCITY_BURST_KICK | 422
STAT-01457 | -0.7391 | 0.0000 | 14.7970 | LOCAL_MINIMA_BOTTLENECK_HAZARD | TRIGGER_DYNAMIC_VELOCITY_BURST_KICK | 422
STAT-01458 | -0.7391 | 0.0000 | 41.6790 | LOCAL_MINIMA_BOTTLENECK_HAZARD | TRIGGER_DYNAMIC_VELOCITY_BURST_KICK | 422
STAT-01459 | -0.7391 | 0.0000 | 11.1610 | LOCAL_MINIMA_BOTTLENECK_HAZARD | TRIGGER_DYNAMIC_VELOCITY_BURST_KICK | 422
STAT-01460 | -0.7391 | 0.0000 | 5.2640 | LOCAL_MINIMA_BOTTLENECK_HAZARD | TRIGGER_DYNAMIC_VELOCITY_BURST_KICK | 422
STAT-01461 | -0.7391 | -0.0000 | 3.4450 | CONVERGING_GLOBAL_MINIMA_TARGET | COMMIT_OPTIMIZED_MATRIX_WEIGHT_STEP | 200
STAT-01462 | -0.7391 | -0.0000 | 5.6410 | LOCAL_MINIMA_BOTTLENECK_HAZARD | TRIGGER_DYNAMIC_VELOCITY_BURST_KICK | 422
STAT-01463 | -0.7391 | -0.0000 | 89.2390 | LOCAL_MINIMA_BOTTLENECK_HAZARD | TRIGGER_DYNAMIC_VELOCITY_BURST_KICK | 422
STAT-01464 | -0.7391 | -0.0000 | 41.3890 | LOCAL_MINIMA_BOTTLENECK_HAZARD | TRIGGER_DYNAMIC_VELOCITY_BURST_KICK | 422
STAT-01465 | -0.7391 | -0.0000 | 34.6130 | LOCAL_MINIMA_BOTTLENECK_HAZARD | TRIGGER_DYNAMIC_VELOCITY_BURST_KICK | 422
STAT-01466 | -0.7391 | 0.0000 | 25.2120 | LOCAL_MINIMA_BOTTLENECK_HAZARD | TRIGGER_DYNAMIC_VELOCITY_BURST_KICK | 422
STAT-01467 | -0.7391 | 0.0000 | 65.5500 | LOCAL_MINIMA_BOTTLENECK_HAZARD | TRIGGER_DYNAMIC_VELOCITY_BURST_KICK | 422
STAT-01468 | -0.7391 | 0.0000 | 37.9720 | LOCAL_MINIMA_BOTTLENECK_HAZARD | TRIGGER_DYNAMIC_VELOCITY_BURST_KICK | 422
STAT-01469 | -0.7391 | 0.0000 | 75.0580 | LOCAL_MINIMA_BOTTLENECK_HAZARD | TRIGGER_DYNAMIC_VELOCITY_BURST_KICK | 422
STAT-01470 | -0.7391 | 0.0000 | 50.9600 | LOCAL_MINIMA_BOTTLENECK_HAZARD | TRIGGER_DYNAMIC_VELOCITY_BURST_KICK | 422
STAT-01471 | -0.7391 | -0.0000 | 51.3570 | LOCAL_MINIMA_BOTTLENECK_HAZARD | TRIGGER_DYNAMIC_VELOCITY_BURST_KICK | 422
STAT-01472 | -0.7391 | -0.0000 | 80.1790 | LOCAL_MINIMA_BOTTLENECK_HAZARD | TRIGGER_DYNAMIC_VELOCITY_BURST_KICK | 422
STAT-01473 | -0.7391 | -0.0000 | 41.2410 | LOCAL_MINIMA_BOTTLENECK_HAZARD | TRIGGER_DYNAMIC_VELOCITY_BURST_KICK | 422
STAT-01474 | -0.7391 | -0.0000 | 8.5760 | LOCAL_MINIMA_BOTTLENECK_HAZARD | TRIGGER_DYNAMIC_VELOCITY_BURST_KICK | 422
STAT-01475 | -0.7391 | 0.0000 | 12.4230 | LOCAL_MINIMA_BOTTLENECK_HAZARD | TRIGGER_DYNAMIC_VELOCITY_BURST_KICK | 422
STAT-01476 | -0.7391 | 0.0000 | 5.7160 | LOCAL_MINIMA_BOTTLENECK_HAZARD | TRIGGER_DYNAMIC_VELOCITY_BURST_KICK | 422
STAT-01477 | -0.7391 | 0.0000 | 12.3310 | LOCAL_MINIMA_BOTTLENECK_HAZARD | TRIGGER_DYNAMIC_VELOCITY_BURST_KICK | 422
STAT-01478 | -0.7391 | 0.0000 | 13.5630 | LOCAL_MINIMA_BOTTLENECK_HAZARD | TRIGGER_DYNAMIC_VELOCITY_BURST_KICK | 422
STAT-01479 | -0.7391 | 0.0000 | 12.9930 | LOCAL_MINIMA_BOTTLENECK_HAZARD | TRIGGER_DYNAMIC_VELOCITY_BURST_KICK | 422
STAT-01480 | -0.7391 | -0.0000 | 2.1190 | CONVERGING_GLOBAL_MINIMA_TARGET | COMMIT_OPTIMIZED_MATRIX_WEIGHT_STEP | 200
STAT-01481 | -0.7391 | -0.0000 | 45.1190 | LOCAL_MINIMA_BOTTLENECK_HAZARD | TRIGGER_DYNAMIC_VELOCITY_BURST_KICK | 422
STAT-01482 | -0.7391 | -0.0000 | 15.9840 | LOCAL_MINIMA_BOTTLENECK_HAZARD | TRIGGER_DYNAMIC_VELOCITY_BURST_KICK | 422
STAT-01483 | -0.7391 | -0.0000 | 2.1500 | CONVERGING_GLOBAL_MINIMA_TARGET | COMMIT_OPTIMIZED_MATRIX_WEIGHT_STEP | 200
STAT-01484 | -0.7391 | -0.0000 | 27.3760 | LOCAL_MINIMA_BOTTLENECK_HAZARD | TRIGGER_DYNAMIC_VELOCITY_BURST_KICK | 422
STAT-01485 | -0.7391 | 0.0000 | 31.0040 | LOCAL_MINIMA_BOTTLENECK_HAZARD | TRIGGER_DYNAMIC_VELOCITY_BURST_KICK | 422
STAT-01486 | -0.7391 | 0.0000 | 21.0580 | LOCAL_MINIMA_BOTTLENECK_HAZARD | TRIGGER_DYNAMIC_VELOCITY_BURST_KICK | 422
STAT-01487 | -0.7391 | 0.0000 | 69.3160 | LOCAL_MINIMA_BOTTLENECK_HAZARD | TRIGGER_DYNAMIC_VELOCITY_BURST_KICK | 422
STAT-01488 | -0.7391 | 0.0000 | 11.8490 | LOCAL_MINIMA_BOTTLENECK_HAZARD | TRIGGER_DYNAMIC_VELOCITY_BURST_KICK | 422
STAT-01489 | -0.7391 | 0.0000 | 27.8910 | LOCAL_MINIMA_BOTTLENECK_HAZARD | TRIGGER_DYNAMIC_VELOCITY_BURST_KICK | 422
STAT-01490 | -0.7391 | -0.0000 | 1.4850 | CONVERGING_GLOBAL_MINIMA_TARGET | COMMIT_OPTIMIZED_MATRIX_WEIGHT_STEP | 200
STAT-01491 | -0.7391 | -0.0000 | 25.4800 | LOCAL_MINIMA_BOTTLENECK_HAZARD | TRIGGER_DYNAMIC_VELOCITY_BURST_KICK | 422
STAT-01492 | -0.7391 | -0.0000 | 15.4550 | LOCAL_MINIMA_BOTTLENECK_HAZARD | TRIGGER_DYNAMIC_VELOCITY_BURST_KICK | 422
STAT-01493 | -0.7391 | -0.0000 | 9.2330 | LOCAL_MINIMA_BOTTLENECK_HAZARD | TRIGGER_DYNAMIC_VELOCITY_BURST_KICK | 422
STAT-01494 | -0.7391 | -0.0000 | 43.4040 | LOCAL_MINIMA_BOTTLENECK_HAZARD | TRIGGER_DYNAMIC_VELOCITY_BURST_KICK | 422
STAT-01495 | -0.7391 | 0.0000 | 16.5210 | LOCAL_MINIMA_BOTTLENECK_HAZARD | TRIGGER_DYNAMIC_VELOCITY_BURST_KICK | 422
STAT-01496 | -0.7391 | 0.0000 | 8.3640 | LOCAL_MINIMA_BOTTLENECK_HAZARD | TRIGGER_DYNAMIC_VELOCITY_BURST_KICK | 422
STAT-01497 | -0.7391 | 0.0000 | 4.5330 | CONVERGING_GLOBAL_MINIMA_TARGET | COMMIT_OPTIMIZED_MATRIX_WEIGHT_STEP | 200
STAT-01498 | -0.7391 | 0.0000 | 41.6020 | LOCAL_MINIMA_BOTTLENECK_HAZARD | TRIGGER_DYNAMIC_VELOCITY_BURST_KICK | 422
STAT-01499 | -0.7391 | 0.0000 | 20.8390 | LOCAL_MINIMA_BOTTLENECK_HAZARD | TRIGGER_DYNAMIC_VELOCITY_BURST_KICK | 422
STAT-01500 | -0.7391 | -0.0000 | 15.1320 | LOCAL_MINIMA_BOTTLENECK_HAZARD | TRIGGER_DYNAMIC_VELOCITY_BURST_KICK | 422
STAT-01501 | -0.7391 | -0.0000 | 3.9110 | CONVERGING_GLOBAL_MINIMA_TARGET | COMMIT_OPTIMIZED_MATRIX_WEIGHT_STEP | 200
STAT-01502 | -0.7391 | -0.0000 | 0.7530 | CONVERGING_GLOBAL_MINIMA_TARGET | COMMIT_OPTIMIZED_MATRIX_WEIGHT_STEP | 200
STAT-01503 | -0.7391 | -0.0000 | 35.6110 | LOCAL_MINIMA_BOTTLENECK_HAZARD | TRIGGER_DYNAMIC_VELOCITY_BURST_KICK | 422
STAT-01504 | -0.7391 | -0.0000 | 76.4370 | LOCAL_MINIMA_BOTTLENECK_HAZARD | TRIGGER_DYNAMIC_VELOCITY_BURST_KICK | 422
STAT-01505 | -0.7391 | 0.0000 | 0.0640 | CONVERGING_GLOBAL_MINIMA_TARGET | COMMIT_OPTIMIZED_MATRIX_WEIGHT_STEP | 200
STAT-01506 | -0.7391 | 0.0000 | 16.5570 | LOCAL_MINIMA_BOTTLENECK_HAZARD | TRIGGER_DYNAMIC_VELOCITY_BURST_KICK | 422
STAT-01507 | -0.7391 | 0.0000 | 16.5720 | LOCAL_MINIMA_BOTTLENECK_HAZARD | TRIGGER_DYNAMIC_VELOCITY_BURST_KICK | 422
STAT-01508 | -0.7391 | 0.0000 | 69.1140 | LOCAL_MINIMA_BOTTLENECK_HAZARD | TRIGGER_DYNAMIC_VELOCITY_BURST_KICK | 422
STAT-01509 | -0.7391 | 0.0000 | 5.1820 | LOCAL_MINIMA_BOTTLENECK_HAZARD | TRIGGER_DYNAMIC_VELOCITY_BURST_KICK | 422
STAT-01510 | -0.7391 | -0.0000 | 65.5400 | LOCAL_MINIMA_BOTTLENECK_HAZARD | TRIGGER_DYNAMIC_VELOCITY_BURST_KICK | 422
STAT-01511 | -0.7391 | -0.0000 | 43.0430 | LOCAL_MINIMA_BOTTLENECK_HAZARD | TRIGGER_DYNAMIC_VELOCITY_BURST_KICK | 422
STAT-01512 | -0.7391 | -0.0000 | 7.8380 | LOCAL_MINIMA_BOTTLENECK_HAZARD | TRIGGER_DYNAMIC_VELOCITY_BURST_KICK | 422
STAT-01513 | -0.7391 | -0.0000 | 72.4880 | LOCAL_MINIMA_BOTTLENECK_HAZARD | TRIGGER_DYNAMIC_VELOCITY_BURST_KICK | 422
STAT-01514 | -0.7391 | -0.0000 | 29.6130 | LOCAL_MINIMA_BOTTLENECK_HAZARD | TRIGGER_DYNAMIC_VELOCITY_BURST_KICK | 422
STAT-01515 | -0.7391 | 0.0000 | 10.9170 | LOCAL_MINIMA_BOTTLENECK_HAZARD | TRIGGER_DYNAMIC_VELOCITY_BURST_KICK | 422
STAT-01516 | -0.7391 | 0.0000 | 29.1210 | LOCAL_MINIMA_BOTTLENECK_HAZARD | TRIGGER_DYNAMIC_VELOCITY_BURST_KICK | 422
STAT-01517 | -0.7391 | 0.0000 | 4.2110 | CONVERGING_GLOBAL_MINIMA_TARGET | COMMIT_OPTIMIZED_MATRIX_WEIGHT_STEP | 200
STAT-01518 | -0.7391 | 0.0000 | 65.3390 | LOCAL_MINIMA_BOTTLENECK_HAZARD | TRIGGER_DYNAMIC_VELOCITY_BURST_KICK | 422
STAT-01519 | -0.7391 | 0.0000 | 35.8520 | LOCAL_MINIMA_BOTTLENECK_HAZARD | TRIGGER_DYNAMIC_VELOCITY_BURST_KICK | 422
STAT-01520 | -0.7391 | -0.0000 | 87.1290 | LOCAL_MINIMA_BOTTLENECK_HAZARD | TRIGGER_DYNAMIC_VELOCITY_BURST_KICK | 422
STAT-01521 | -0.7391 | -0.0000 | 59.0060 | LOCAL_MINIMA_BOTTLENECK_HAZARD | TRIGGER_DYNAMIC_VELOCITY_BURST_KICK | 422
STAT-01522 | -0.7391 | -0.0000 | 20.2710 | LOCAL_MINIMA_BOTTLENECK_HAZARD | TRIGGER_DYNAMIC_VELOCITY_BURST_KICK | 422
STAT-01523 | -0.7391 | -0.0000 | 50.0310 | LOCAL_MINIMA_BOTTLENECK_HAZARD | TRIGGER_DYNAMIC_VELOCITY_BURST_KICK | 422
STAT-01524 | -0.7391 | -0.0000 | 19.2500 | LOCAL_MINIMA_BOTTLENECK_HAZARD | TRIGGER_DYNAMIC_VELOCITY_BURST_KICK | 422
STAT-01525 | -0.7391 | 0.0000 | 30.6570 | LOCAL_MINIMA_BOTTLENECK_HAZARD | TRIGGER_DYNAMIC_VELOCITY_BURST_KICK | 422
STAT-01526 | -0.7391 | 0.0000 | 6.5340 | LOCAL_MINIMA_BOTTLENECK_HAZARD | TRIGGER_DYNAMIC_VELOCITY_BURST_KICK | 422
STAT-01527 | -0.7391 | 0.0000 | 24.9950 | LOCAL_MINIMA_BOTTLENECK_HAZARD | TRIGGER_DYNAMIC_VELOCITY_BURST_KICK | 422
STAT-01528 | -0.7391 | 0.0000 | 56.5600 | LOCAL_MINIMA_BOTTLENECK_HAZARD | TRIGGER_DYNAMIC_VELOCITY_BURST_KICK | 422
STAT-01529 | -0.7391 | 0.0000 | 12.4190 | LOCAL_MINIMA_BOTTLENECK_HAZARD | TRIGGER_DYNAMIC_VELOCITY_BURST_KICK | 422
STAT-01530 | -0.7391 | -0.0000 | 31.1480 | LOCAL_MINIMA_BOTTLENECK_HAZARD | TRIGGER_DYNAMIC_VELOCITY_BURST_KICK | 422
STAT-01531 | -0.7391 | -0.0000 | 21.6020 | LOCAL_MINIMA_BOTTLENECK_HAZARD | TRIGGER_DYNAMIC_VELOCITY_BURST_KICK | 422
STAT-01532 | -0.7391 | -0.0000 | 27.6460 | LOCAL_MINIMA_BOTTLENECK_HAZARD | TRIGGER_DYNAMIC_VELOCITY_BURST_KICK | 422
STAT-01533 | -0.7391 | -0.0000 | 23.0360 | LOCAL_MINIMA_BOTTLENECK_HAZARD | TRIGGER_DYNAMIC_VELOCITY_BURST_KICK | 422
STAT-01534 | -0.7391 | -0.0000 | 17.8280 | LOCAL_MINIMA_BOTTLENECK_HAZARD | TRIGGER_DYNAMIC_VELOCITY_BURST_KICK | 422
STAT-01535 | -0.7391 | 0.0000 | 1.2010 | CONVERGING_GLOBAL_MINIMA_TARGET | COMMIT_OPTIMIZED_MATRIX_WEIGHT_STEP | 200
STAT-01536 | -0.7391 | 0.0000 | 18.6660 | LOCAL_MINIMA_BOTTLENECK_HAZARD | TRIGGER_DYNAMIC_VELOCITY_BURST_KICK | 422
STAT-01537 | -0.7391 | 0.0000 | 13.1410 | LOCAL_MINIMA_BOTTLENECK_HAZARD | TRIGGER_DYNAMIC_VELOCITY_BURST_KICK | 422
STAT-01538 | -0.7391 | 0.0000 | 9.1110 | LOCAL_MINIMA_BOTTLENECK_HAZARD | TRIGGER_DYNAMIC_VELOCITY_BURST_KICK | 422
STAT-01539 | -0.7391 | 0.0000 | 63.2470 | LOCAL_MINIMA_BOTTLENECK_HAZARD | TRIGGER_DYNAMIC_VELOCITY_BURST_KICK | 422
STAT-01540 | -0.7391 | -0.0000 | 51.9340 | LOCAL_MINIMA_BOTTLENECK_HAZARD | TRIGGER_DYNAMIC_VELOCITY_BURST_KICK | 422
STAT-01541 | -0.7391 | -0.0000 | 35.7150 | LOCAL_MINIMA_BOTTLENECK_HAZARD | TRIGGER_DYNAMIC_VELOCITY_BURST_KICK | 422
STAT-01542 | -0.7391 | -0.0000 | 17.2100 | LOCAL_MINIMA_BOTTLENECK_HAZARD | TRIGGER_DYNAMIC_VELOCITY_BURST_KICK | 422
STAT-01543 | -0.7391 | -0.0000 | 24.3940 | LOCAL_MINIMA_BOTTLENECK_HAZARD | TRIGGER_DYNAMIC_VELOCITY_BURST_KICK | 422
STAT-01544 | -0.7391 | -0.0000 | 21.5890 | LOCAL_MINIMA_BOTTLENECK_HAZARD | TRIGGER_DYNAMIC_VELOCITY_BURST_KICK | 422
STAT-01545 | -0.7391 | 0.0000 | 24.5850 | LOCAL_MINIMA_BOTTLENECK_HAZARD | TRIGGER_DYNAMIC_VELOCITY_BURST_KICK | 422
STAT-01546 | -0.7391 | 0.0000 | 30.2420 | LOCAL_MINIMA_BOTTLENECK_HAZARD | TRIGGER_DYNAMIC_VELOCITY_BURST_KICK | 422
STAT-01547 | -0.7391 | 0.0000 | 80.4830 | LOCAL_MINIMA_BOTTLENECK_HAZARD | TRIGGER_DYNAMIC_VELOCITY_BURST_KICK | 422
STAT-01548 | -0.7391 | 0.0000 | 7.8500 | LOCAL_MINIMA_BOTTLENECK_HAZARD | TRIGGER_DYNAMIC_VELOCITY_BURST_KICK | 422
STAT-01549 | -0.7391 | 0.0000 | 30.0280 | LOCAL_MINIMA_BOTTLENECK_HAZARD | TRIGGER_DYNAMIC_VELOCITY_BURST_KICK | 422
STAT-01550 | -0.7391 | -0.0000 | 27.5060 | LOCAL_MINIMA_BOTTLENECK_HAZARD | TRIGGER_DYNAMIC_VELOCITY_BURST_KICK | 422
STAT-01551 | -0.7391 | -0.0000 | 78.5560 | LOCAL_MINIMA_BOTTLENECK_HAZARD | TRIGGER_DYNAMIC_VELOCITY_BURST_KICK | 422
STAT-01552 | -0.7391 | -0.0000 | 71.5700 | LOCAL_MINIMA_BOTTLENECK_HAZARD | TRIGGER_DYNAMIC_VELOCITY_BURST_KICK | 422
STAT-01553 | -0.7391 | -0.0000 | 46.7470 | LOCAL_MINIMA_BOTTLENECK_HAZARD | TRIGGER_DYNAMIC_VELOCITY_BURST_KICK | 422
STAT-01554 | -0.7391 | -0.0000 | 60.9620 | LOCAL_MINIMA_BOTTLENECK_HAZARD | TRIGGER_DYNAMIC_VELOCITY_BURST_KICK | 422
STAT-01555 | -0.7391 | 0.0000 | 7.4410 | LOCAL_MINIMA_BOTTLENECK_HAZARD | TRIGGER_DYNAMIC_VELOCITY_BURST_KICK | 422
STAT-01556 | -0.7391 | 0.0000 | 10.2800 | LOCAL_MINIMA_BOTTLENECK_HAZARD | TRIGGER_DYNAMIC_VELOCITY_BURST_KICK | 422
STAT-01557 | -0.7391 | 0.0000 | 10.6240 | LOCAL_MINIMA_BOTTLENECK_HAZARD | TRIGGER_DYNAMIC_VELOCITY_BURST_KICK | 422
STAT-01558 | -0.7391 | 0.0000 | 11.3930 | LOCAL_MINIMA_BOTTLENECK_HAZARD | TRIGGER_DYNAMIC_VELOCITY_BURST_KICK | 422
STAT-01559 | -0.7391 | 0.0000 | 68.3460 | LOCAL_MINIMA_BOTTLENECK_HAZARD | TRIGGER_DYNAMIC_VELOCITY_BURST_KICK | 422
STAT-01560 | -0.7391 | -0.0000 | 91.2390 | LOCAL_MINIMA_BOTTLENECK_HAZARD | TRIGGER_DYNAMIC_VELOCITY_BURST_KICK | 422
STAT-01561 | -0.7391 | -0.0000 | 18.9160 | LOCAL_MINIMA_BOTTLENECK_HAZARD | TRIGGER_DYNAMIC_VELOCITY_BURST_KICK | 422
STAT-01562 | -0.7391 | -0.0000 | 22.0420 | LOCAL_MINIMA_BOTTLENECK_HAZARD | TRIGGER_DYNAMIC_VELOCITY_BURST_KICK | 422
STAT-01563 | -0.7391 | -0.0000 | 50.8150 | LOCAL_MINIMA_BOTTLENECK_HAZARD | TRIGGER_DYNAMIC_VELOCITY_BURST_KICK | 422
STAT-01564 | -0.7391 | -0.0000 | 67.4880 | LOCAL_MINIMA_BOTTLENECK_HAZARD | TRIGGER_DYNAMIC_VELOCITY_BURST_KICK | 422
STAT-01565 | -0.7391 | 0.0000 | 32.5920 | LOCAL_MINIMA_BOTTLENECK_HAZARD | TRIGGER_DYNAMIC_VELOCITY_BURST_KICK | 422
STAT-01566 | -0.7391 | 0.0000 | 49.1200 | LOCAL_MINIMA_BOTTLENECK_HAZARD | TRIGGER_DYNAMIC_VELOCITY_BURST_KICK | 422
STAT-01567 | -0.7391 | 0.0000 | 19.7510 | LOCAL_MINIMA_BOTTLENECK_HAZARD | TRIGGER_DYNAMIC_VELOCITY_BURST_KICK | 422
STAT-01568 | -0.7391 | 0.0000 | 38.8020 | LOCAL_MINIMA_BOTTLENECK_HAZARD | TRIGGER_DYNAMIC_VELOCITY_BURST_KICK | 422
STAT-01569 | -0.7391 | 0.0000 | 39.8310 | LOCAL_MINIMA_BOTTLENECK_HAZARD | TRIGGER_DYNAMIC_VELOCITY_BURST_KICK | 422
STAT-01570 | -0.7391 | -0.0000 | 39.8370 | LOCAL_MINIMA_BOTTLENECK_HAZARD | TRIGGER_DYNAMIC_VELOCITY_BURST_KICK | 422
STAT-01571 | -0.7391 | -0.0000 | 3.5540 | CONVERGING_GLOBAL_MINIMA_TARGET | COMMIT_OPTIMIZED_MATRIX_WEIGHT_STEP | 200
STAT-01572 | -0.7391 | -0.0000 | 21.5000 | LOCAL_MINIMA_BOTTLENECK_HAZARD | TRIGGER_DYNAMIC_VELOCITY_BURST_KICK | 422
STAT-01573 | -0.7391 | -0.0000 | 24.6610 | LOCAL_MINIMA_BOTTLENECK_HAZARD | TRIGGER_DYNAMIC_VELOCITY_BURST_KICK | 422
STAT-01574 | -0.7391 | -0.0000 | 35.2190 | LOCAL_MINIMA_BOTTLENECK_HAZARD | TRIGGER_DYNAMIC_VELOCITY_BURST_KICK | 422
STAT-01575 | -0.7391 | 0.0000 | 29.2210 | LOCAL_MINIMA_BOTTLENECK_HAZARD | TRIGGER_DYNAMIC_VELOCITY_BURST_KICK | 422
STAT-01576 | -0.7391 | 0.0000 | 27.6420 | LOCAL_MINIMA_BOTTLENECK_HAZARD | TRIGGER_DYNAMIC_VELOCITY_BURST_KICK | 422
STAT-01577 | -0.7391 | 0.0000 | 27.1040 | LOCAL_MINIMA_BOTTLENECK_HAZARD | TRIGGER_DYNAMIC_VELOCITY_BURST_KICK | 422
STAT-01578 | -0.7391 | 0.0000 | 26.1940 | LOCAL_MINIMA_BOTTLENECK_HAZARD | TRIGGER_DYNAMIC_VELOCITY_BURST_KICK | 422
STAT-01579 | -0.7391 | 0.0000 | 70.0820 | LOCAL_MINIMA_BOTTLENECK_HAZARD | TRIGGER_DYNAMIC_VELOCITY_BURST_KICK | 422
STAT-01580 | -0.7391 | -0.0000 | 8.0880 | LOCAL_MINIMA_BOTTLENECK_HAZARD | TRIGGER_DYNAMIC_VELOCITY_BURST_KICK | 422
STAT-01581 | -0.7391 | -0.0000 | 64.3340 | LOCAL_MINIMA_BOTTLENECK_HAZARD | TRIGGER_DYNAMIC_VELOCITY_BURST_KICK | 422
STAT-01582 | -0.7391 | -0.0000 | 14.5760 | LOCAL_MINIMA_BOTTLENECK_HAZARD | TRIGGER_DYNAMIC_VELOCITY_BURST_KICK | 422
STAT-01583 | -0.7391 | -0.0000 | 24.5460 | LOCAL_MINIMA_BOTTLENECK_HAZARD | TRIGGER_DYNAMIC_VELOCITY_BURST_KICK | 422
STAT-01584 | -0.7391 | -0.0000 | 22.4220 | LOCAL_MINIMA_BOTTLENECK_HAZARD | TRIGGER_DYNAMIC_VELOCITY_BURST_KICK | 422
STAT-01585 | -0.7391 | 0.0000 | 37.4450 | LOCAL_MINIMA_BOTTLENECK_HAZARD | TRIGGER_DYNAMIC_VELOCITY_BURST_KICK | 422
STAT-01586 | -0.7391 | 0.0000 | 78.7470 | LOCAL_MINIMA_BOTTLENECK_HAZARD | TRIGGER_DYNAMIC_VELOCITY_BURST_KICK | 422
STAT-01587 | -0.7391 | 0.0000 | 9.3870 | LOCAL_MINIMA_BOTTLENECK_HAZARD | TRIGGER_DYNAMIC_VELOCITY_BURST_KICK | 422
STAT-01588 | -0.7391 | 0.0000 | 43.9670 | LOCAL_MINIMA_BOTTLENECK_HAZARD | TRIGGER_DYNAMIC_VELOCITY_BURST_KICK | 422
STAT-01589 | -0.7391 | 0.0000 | 10.9700 | LOCAL_MINIMA_BOTTLENECK_HAZARD | TRIGGER_DYNAMIC_VELOCITY_BURST_KICK | 422
STAT-01590 | -0.7391 | -0.0000 | 20.2200 | LOCAL_MINIMA_BOTTLENECK_HAZARD | TRIGGER_DYNAMIC_VELOCITY_BURST_KICK | 422
STAT-01591 | -0.7391 | -0.0000 | 7.3730 | LOCAL_MINIMA_BOTTLENECK_HAZARD | TRIGGER_DYNAMIC_VELOCITY_BURST_KICK | 422
STAT-01592 | -0.7391 | -0.0000 | 53.2910 | LOCAL_MINIMA_BOTTLENECK_HAZARD | TRIGGER_DYNAMIC_VELOCITY_BURST_KICK | 422
STAT-01593 | -0.7391 | -0.0000 | 15.4560 | LOCAL_MINIMA_BOTTLENECK_HAZARD | TRIGGER_DYNAMIC_VELOCITY_BURST_KICK | 422
STAT-01594 | -0.7391 | -0.0000 | 25.9080 | LOCAL_MINIMA_BOTTLENECK_HAZARD | TRIGGER_DYNAMIC_VELOCITY_BURST_KICK | 422
STAT-01595 | -0.7391 | 0.0000 | 8.3240 | LOCAL_MINIMA_BOTTLENECK_HAZARD | TRIGGER_DYNAMIC_VELOCITY_BURST_KICK | 422
STAT-01596 | -0.7391 | 0.0000 | 8.2190 | LOCAL_MINIMA_BOTTLENECK_HAZARD | TRIGGER_DYNAMIC_VELOCITY_BURST_KICK | 422
STAT-01597 | -0.7391 | 0.0000 | 25.8290 | LOCAL_MINIMA_BOTTLENECK_HAZARD | TRIGGER_DYNAMIC_VELOCITY_BURST_KICK | 422
STAT-01598 | -0.7391 | 0.0000 | 38.4920 | LOCAL_MINIMA_BOTTLENECK_HAZARD | TRIGGER_DYNAMIC_VELOCITY_BURST_KICK | 422
STAT-01599 | -0.7391 | 0.0000 | 22.3020 | LOCAL_MINIMA_BOTTLENECK_HAZARD | TRIGGER_DYNAMIC_VELOCITY_BURST_KICK | 422
STAT-01600 | -0.7391 | -0.0000 | 32.6120 | LOCAL_MINIMA_BOTTLENECK_HAZARD | TRIGGER_DYNAMIC_VELOCITY_BURST_KICK | 422
STAT-01601 | -0.7391 | -0.0000 | 37.4400 | LOCAL_MINIMA_BOTTLENECK_HAZARD | TRIGGER_DYNAMIC_VELOCITY_BURST_KICK | 422
STAT-01602 | -0.7391 | -0.0000 | 29.7390 | LOCAL_MINIMA_BOTTLENECK_HAZARD | TRIGGER_DYNAMIC_VELOCITY_BURST_KICK | 422
STAT-01603 | -0.7391 | -0.0000 | 58.9230 | LOCAL_MINIMA_BOTTLENECK_HAZARD | TRIGGER_DYNAMIC_VELOCITY_BURST_KICK | 422
STAT-01604 | -0.7391 | -0.0000 | 7.4620 | LOCAL_MINIMA_BOTTLENECK_HAZARD | TRIGGER_DYNAMIC_VELOCITY_BURST_KICK | 422
STAT-01605 | -0.7391 | 0.0000 | 37.1430 | LOCAL_MINIMA_BOTTLENECK_HAZARD | TRIGGER_DYNAMIC_VELOCITY_BURST_KICK | 422
STAT-01606 | -0.7391 | 0.0000 | 47.6400 | LOCAL_MINIMA_BOTTLENECK_HAZARD | TRIGGER_DYNAMIC_VELOCITY_BURST_KICK | 422
STAT-01607 | -0.7391 | 0.0000 | 53.7500 | LOCAL_MINIMA_BOTTLENECK_HAZARD | TRIGGER_DYNAMIC_VELOCITY_BURST_KICK | 422
STAT-01608 | -0.7391 | 0.0000 | 39.7070 | LOCAL_MINIMA_BOTTLENECK_HAZARD | TRIGGER_DYNAMIC_VELOCITY_BURST_KICK | 422
STAT-01609 | -0.7391 | 0.0000 | 70.0270 | LOCAL_MINIMA_BOTTLENECK_HAZARD | TRIGGER_DYNAMIC_VELOCITY_BURST_KICK | 422
STAT-01610 | -0.7391 | -0.0000 | 5.7250 | LOCAL_MINIMA_BOTTLENECK_HAZARD | TRIGGER_DYNAMIC_VELOCITY_BURST_KICK | 422
STAT-01611 | -0.7391 | -0.0000 | 22.9730 | LOCAL_MINIMA_BOTTLENECK_HAZARD | TRIGGER_DYNAMIC_VELOCITY_BURST_KICK | 422
STAT-01612 | -0.7391 | -0.0000 | 59.7750 | LOCAL_MINIMA_BOTTLENECK_HAZARD | TRIGGER_DYNAMIC_VELOCITY_BURST_KICK | 422
STAT-01613 | -0.7391 | -0.0000 | 1.6240 | CONVERGING_GLOBAL_MINIMA_TARGET | COMMIT_OPTIMIZED_MATRIX_WEIGHT_STEP | 200
STAT-01614 | -0.7391 | -0.0000 | 51.1990 | LOCAL_MINIMA_BOTTLENECK_HAZARD | TRIGGER_DYNAMIC_VELOCITY_BURST_KICK | 422
STAT-01615 | -0.7391 | 0.0000 | 23.9550 | LOCAL_MINIMA_BOTTLENECK_HAZARD | TRIGGER_DYNAMIC_VELOCITY_BURST_KICK | 422
STAT-01616 | -0.7391 | 0.0000 | 13.8530 | LOCAL_MINIMA_BOTTLENECK_HAZARD | TRIGGER_DYNAMIC_VELOCITY_BURST_KICK | 422
STAT-01617 | -0.7391 | 0.0000 | 55.1910 | LOCAL_MINIMA_BOTTLENECK_HAZARD | TRIGGER_DYNAMIC_VELOCITY_BURST_KICK | 422
STAT-01618 | -0.7391 | 0.0000 | 43.7240 | LOCAL_MINIMA_BOTTLENECK_HAZARD | TRIGGER_DYNAMIC_VELOCITY_BURST_KICK | 422
STAT-01619 | -0.7391 | 0.0000 | 13.8010 | LOCAL_MINIMA_BOTTLENECK_HAZARD | TRIGGER_DYNAMIC_VELOCITY_BURST_KICK | 422
STAT-01620 | -0.7391 | -0.0000 | 42.8630 | LOCAL_MINIMA_BOTTLENECK_HAZARD | TRIGGER_DYNAMIC_VELOCITY_BURST_KICK | 422
STAT-01621 | -0.7391 | -0.0000 | 39.1490 | LOCAL_MINIMA_BOTTLENECK_HAZARD | TRIGGER_DYNAMIC_VELOCITY_BURST_KICK | 422
STAT-01622 | -0.7391 | -0.0000 | 39.8540 | LOCAL_MINIMA_BOTTLENECK_HAZARD | TRIGGER_DYNAMIC_VELOCITY_BURST_KICK | 422
STAT-01623 | -0.7391 | -0.0000 | 36.5190 | LOCAL_MINIMA_BOTTLENECK_HAZARD | TRIGGER_DYNAMIC_VELOCITY_BURST_KICK | 422
STAT-01624 | -0.7391 | -0.0000 | 33.1390 | LOCAL_MINIMA_BOTTLENECK_HAZARD | TRIGGER_DYNAMIC_VELOCITY_BURST_KICK | 422
STAT-01625 | -0.7391 | 0.0000 | 71.7760 | LOCAL_MINIMA_BOTTLENECK_HAZARD | TRIGGER_DYNAMIC_VELOCITY_BURST_KICK | 422
STAT-01626 | -0.7391 | 0.0000 | 13.1580 | LOCAL_MINIMA_BOTTLENECK_HAZARD | TRIGGER_DYNAMIC_VELOCITY_BURST_KICK | 422
STAT-01627 | -0.7391 | 0.0000 | 17.2940 | LOCAL_MINIMA_BOTTLENECK_HAZARD | TRIGGER_DYNAMIC_VELOCITY_BURST_KICK | 422
STAT-01628 | -0.7391 | 0.0000 | 0.8810 | CONVERGING_GLOBAL_MINIMA_TARGET | COMMIT_OPTIMIZED_MATRIX_WEIGHT_STEP | 200
STAT-01629 | -0.7391 | 0.0000 | 24.0640 | LOCAL_MINIMA_BOTTLENECK_HAZARD | TRIGGER_DYNAMIC_VELOCITY_BURST_KICK | 422
STAT-01630 | -0.7391 | -0.0000 | 0.6960 | CONVERGING_GLOBAL_MINIMA_TARGET | COMMIT_OPTIMIZED_MATRIX_WEIGHT_STEP | 200
STAT-01631 | -0.7391 | -0.0000 | 49.5710 | LOCAL_MINIMA_BOTTLENECK_HAZARD | TRIGGER_DYNAMIC_VELOCITY_BURST_KICK | 422
STAT-01632 | -0.7391 | -0.0000 | 14.6690 | LOCAL_MINIMA_BOTTLENECK_HAZARD | TRIGGER_DYNAMIC_VELOCITY_BURST_KICK | 422
STAT-01633 | -0.7391 | -0.0000 | 29.6690 | LOCAL_MINIMA_BOTTLENECK_HAZARD | TRIGGER_DYNAMIC_VELOCITY_BURST_KICK | 422
STAT-01634 | -0.7391 | -0.0000 | 49.2790 | LOCAL_MINIMA_BOTTLENECK_HAZARD | TRIGGER_DYNAMIC_VELOCITY_BURST_KICK | 422
STAT-01635 | -0.7391 | 0.0000 | 59.9910 | LOCAL_MINIMA_BOTTLENECK_HAZARD | TRIGGER_DYNAMIC_VELOCITY_BURST_KICK | 422
STAT-01636 | -0.7391 | 0.0000 | 68.2640 | LOCAL_MINIMA_BOTTLENECK_HAZARD | TRIGGER_DYNAMIC_VELOCITY_BURST_KICK | 422
STAT-01637 | -0.7391 | 0.0000 | 10.4320 | LOCAL_MINIMA_BOTTLENECK_HAZARD | TRIGGER_DYNAMIC_VELOCITY_BURST_KICK | 422
STAT-01638 | -0.7391 | 0.0000 | 20.5380 | LOCAL_MINIMA_BOTTLENECK_HAZARD | TRIGGER_DYNAMIC_VELOCITY_BURST_KICK | 422
STAT-01639 | -0.7391 | 0.0000 | 45.5380 | LOCAL_MINIMA_BOTTLENECK_HAZARD | TRIGGER_DYNAMIC_VELOCITY_BURST_KICK | 422
STAT-01640 | -0.7391 | -0.0000 | 49.9400 | LOCAL_MINIMA_BOTTLENECK_HAZARD | TRIGGER_DYNAMIC_VELOCITY_BURST_KICK | 422
STAT-01641 | -0.7391 | -0.0000 | 60.9320 | LOCAL_MINIMA_BOTTLENECK_HAZARD | TRIGGER_DYNAMIC_VELOCITY_BURST_KICK | 422
STAT-01642 | -0.7391 | -0.0000 | 23.7990 | LOCAL_MINIMA_BOTTLENECK_HAZARD | TRIGGER_DYNAMIC_VELOCITY_BURST_KICK | 422
STAT-01643 | -0.7391 | -0.0000 | 38.9410 | LOCAL_MINIMA_BOTTLENECK_HAZARD | TRIGGER_DYNAMIC_VELOCITY_BURST_KICK | 422
STAT-01644 | -0.7391 | -0.0000 | 41.9550 | LOCAL_MINIMA_BOTTLENECK_HAZARD | TRIGGER_DYNAMIC_VELOCITY_BURST_KICK | 422
STAT-01645 | -0.7391 | 0.0000 | 29.7140 | LOCAL_MINIMA_BOTTLENECK_HAZARD | TRIGGER_DYNAMIC_VELOCITY_BURST_KICK | 422
STAT-01646 | -0.7391 | 0.0000 | 24.0820 | LOCAL_MINIMA_BOTTLENECK_HAZARD | TRIGGER_DYNAMIC_VELOCITY_BURST_KICK | 422
STAT-01647 | -0.7391 | 0.0000 | 24.3650 | LOCAL_MINIMA_BOTTLENECK_HAZARD | TRIGGER_DYNAMIC_VELOCITY_BURST_KICK | 422
STAT-01648 | -0.7391 | 0.0000 | 30.0610 | LOCAL_MINIMA_BOTTLENECK_HAZARD | TRIGGER_DYNAMIC_VELOCITY_BURST_KICK | 422
STAT-01649 | -0.7391 | 0.0000 | 51.0070 | LOCAL_MINIMA_BOTTLENECK_HAZARD | TRIGGER_DYNAMIC_VELOCITY_BURST_KICK | 422
STAT-01650 | -0.7391 | -0.0000 | 35.6220 | LOCAL_MINIMA_BOTTLENECK_HAZARD | TRIGGER_DYNAMIC_VELOCITY_BURST_KICK | 422
STAT-01651 | -0.7391 | -0.0000 | 81.3400 | LOCAL_MINIMA_BOTTLENECK_HAZARD | TRIGGER_DYNAMIC_VELOCITY_BURST_KICK | 422
STAT-01652 | -0.7391 | -0.0000 | 19.8480 | LOCAL_MINIMA_BOTTLENECK_HAZARD | TRIGGER_DYNAMIC_VELOCITY_BURST_KICK | 422
STAT-01653 | -0.7391 | -0.0000 | 5.4580 | LOCAL_MINIMA_BOTTLENECK_HAZARD | TRIGGER_DYNAMIC_VELOCITY_BURST_KICK | 422
STAT-01654 | -0.7391 | -0.0000 | 41.8030 | LOCAL_MINIMA_BOTTLENECK_HAZARD | TRIGGER_DYNAMIC_VELOCITY_BURST_KICK | 422
STAT-01655 | -0.7391 | 0.0000 | 22.5260 | LOCAL_MINIMA_BOTTLENECK_HAZARD | TRIGGER_DYNAMIC_VELOCITY_BURST_KICK | 422
STAT-01656 | -0.7391 | 0.0000 | 54.0490 | LOCAL_MINIMA_BOTTLENECK_HAZARD | TRIGGER_DYNAMIC_VELOCITY_BURST_KICK | 422
STAT-01657 | -0.7391 | 0.0000 | 34.4700 | LOCAL_MINIMA_BOTTLENECK_HAZARD | TRIGGER_DYNAMIC_VELOCITY_BURST_KICK | 422
STAT-01658 | -0.7391 | 0.0000 | 4.0350 | CONVERGING_GLOBAL_MINIMA_TARGET | COMMIT_OPTIMIZED_MATRIX_WEIGHT_STEP | 200
STAT-01659 | -0.7391 | 0.0000 | 31.5850 | LOCAL_MINIMA_BOTTLENECK_HAZARD | TRIGGER_DYNAMIC_VELOCITY_BURST_KICK | 422
STAT-01660 | -0.7391 | -0.0000 | 16.2450 | LOCAL_MINIMA_BOTTLENECK_HAZARD | TRIGGER_DYNAMIC_VELOCITY_BURST_KICK | 422
STAT-01661 | -0.7391 | -0.0000 | 2.7340 | CONVERGING_GLOBAL_MINIMA_TARGET | COMMIT_OPTIMIZED_MATRIX_WEIGHT_STEP | 200
STAT-01662 | -0.7391 | -0.0000 | 3.9150 | CONVERGING_GLOBAL_MINIMA_TARGET | COMMIT_OPTIMIZED_MATRIX_WEIGHT_STEP | 200
STAT-01663 | -0.7391 | -0.0000 | 16.7910 | LOCAL_MINIMA_BOTTLENECK_HAZARD | TRIGGER_DYNAMIC_VELOCITY_BURST_KICK | 422
STAT-01664 | -0.7391 | -0.0000 | 33.6820 | LOCAL_MINIMA_BOTTLENECK_HAZARD | TRIGGER_DYNAMIC_VELOCITY_BURST_KICK | 422
STAT-01665 | -0.7391 | 0.0000 | 59.5980 | LOCAL_MINIMA_BOTTLENECK_HAZARD | TRIGGER_DYNAMIC_VELOCITY_BURST_KICK | 422
STAT-01666 | -0.7391 | 0.0000 | 26.0250 | LOCAL_MINIMA_BOTTLENECK_HAZARD | TRIGGER_DYNAMIC_VELOCITY_BURST_KICK | 422
STAT-01667 | -0.7391 | 0.0000 | 56.7620 | LOCAL_MINIMA_BOTTLENECK_HAZARD | TRIGGER_DYNAMIC_VELOCITY_BURST_KICK | 422
STAT-01668 | -0.7391 | 0.0000 | 54.8530 | LOCAL_MINIMA_BOTTLENECK_HAZARD | TRIGGER_DYNAMIC_VELOCITY_BURST_KICK | 422
STAT-01669 | -0.7391 | 0.0000 | 24.2790 | LOCAL_MINIMA_BOTTLENECK_HAZARD | TRIGGER_DYNAMIC_VELOCITY_BURST_KICK | 422
STAT-01670 | -0.7391 | -0.0000 | 22.1430 | LOCAL_MINIMA_BOTTLENECK_HAZARD | TRIGGER_DYNAMIC_VELOCITY_BURST_KICK | 422
STAT-01671 | -0.7391 | -0.0000 | 7.3050 | LOCAL_MINIMA_BOTTLENECK_HAZARD | TRIGGER_DYNAMIC_VELOCITY_BURST_KICK | 422
STAT-01672 | -0.7391 | -0.0000 | 59.4430 | LOCAL_MINIMA_BOTTLENECK_HAZARD | TRIGGER_DYNAMIC_VELOCITY_BURST_KICK | 422
STAT-01673 | -0.7391 | -0.0000 | 30.4940 | LOCAL_MINIMA_BOTTLENECK_HAZARD | TRIGGER_DYNAMIC_VELOCITY_BURST_KICK | 422
STAT-01674 | -0.7391 | -0.0000 | 55.7320 | LOCAL_MINIMA_BOTTLENECK_HAZARD | TRIGGER_DYNAMIC_VELOCITY_BURST_KICK | 422
STAT-01675 | -0.7391 | 0.0000 | 12.0120 | LOCAL_MINIMA_BOTTLENECK_HAZARD | TRIGGER_DYNAMIC_VELOCITY_BURST_KICK | 422
STAT-01676 | -0.7391 | 0.0000 | 50.9480 | LOCAL_MINIMA_BOTTLENECK_HAZARD | TRIGGER_DYNAMIC_VELOCITY_BURST_KICK | 422
STAT-01677 | -0.7391 | 0.0000 | 79.3360 | LOCAL_MINIMA_BOTTLENECK_HAZARD | TRIGGER_DYNAMIC_VELOCITY_BURST_KICK | 422
STAT-01678 | -0.7391 | 0.0000 | 65.8670 | LOCAL_MINIMA_BOTTLENECK_HAZARD | TRIGGER_DYNAMIC_VELOCITY_BURST_KICK | 422
STAT-01679 | -0.7391 | 0.0000 | 21.2550 | LOCAL_MINIMA_BOTTLENECK_HAZARD | TRIGGER_DYNAMIC_VELOCITY_BURST_KICK | 422
STAT-01680 | -0.7391 | -0.0000 | 10.2030 | LOCAL_MINIMA_BOTTLENECK_HAZARD | TRIGGER_DYNAMIC_VELOCITY_BURST_KICK | 422
STAT-01681 | -0.7391 | -0.0000 | 19.3840 | LOCAL_MINIMA_BOTTLENECK_HAZARD | TRIGGER_DYNAMIC_VELOCITY_BURST_KICK | 422
STAT-01682 | -0.7391 | -0.0000 | 44.1340 | LOCAL_MINIMA_BOTTLENECK_HAZARD | TRIGGER_DYNAMIC_VELOCITY_BURST_KICK | 422
STAT-01683 | -0.7391 | -0.0000 | 61.0270 | LOCAL_MINIMA_BOTTLENECK_HAZARD | TRIGGER_DYNAMIC_VELOCITY_BURST_KICK | 422
STAT-01684 | -0.7391 | -0.0000 | 23.1400 | LOCAL_MINIMA_BOTTLENECK_HAZARD | TRIGGER_DYNAMIC_VELOCITY_BURST_KICK | 422
STAT-01685 | -0.7391 | 0.0000 | 35.4920 | LOCAL_MINIMA_BOTTLENECK_HAZARD | TRIGGER_DYNAMIC_VELOCITY_BURST_KICK | 422
STAT-01686 | -0.7391 | 0.0000 | 17.6280 | LOCAL_MINIMA_BOTTLENECK_HAZARD | TRIGGER_DYNAMIC_VELOCITY_BURST_KICK | 422
STAT-01687 | -0.7391 | 0.0000 | 59.5410 | LOCAL_MINIMA_BOTTLENECK_HAZARD | TRIGGER_DYNAMIC_VELOCITY_BURST_KICK | 422
STAT-01688 | -0.7391 | 0.0000 | 72.4770 | LOCAL_MINIMA_BOTTLENECK_HAZARD | TRIGGER_DYNAMIC_VELOCITY_BURST_KICK | 422
STAT-01689 | -0.7391 | 0.0000 | 3.5280 | CONVERGING_GLOBAL_MINIMA_TARGET | COMMIT_OPTIMIZED_MATRIX_WEIGHT_STEP | 200
STAT-01690 | -0.7391 | -0.0000 | 75.3550 | LOCAL_MINIMA_BOTTLENECK_HAZARD | TRIGGER_DYNAMIC_VELOCITY_BURST_KICK | 422
STAT-01691 | -0.7391 | -0.0000 | 17.2200 | LOCAL_MINIMA_BOTTLENECK_HAZARD | TRIGGER_DYNAMIC_VELOCITY_BURST_KICK | 422
STAT-01692 | -0.7391 | -0.0000 | 6.9960 | LOCAL_MINIMA_BOTTLENECK_HAZARD | TRIGGER_DYNAMIC_VELOCITY_BURST_KICK | 422
STAT-01693 | -0.7391 | -0.0000 | 8.8250 | LOCAL_MINIMA_BOTTLENECK_HAZARD | TRIGGER_DYNAMIC_VELOCITY_BURST_KICK | 422
STAT-01694 | -0.7391 | -0.0000 | 14.4400 | LOCAL_MINIMA_BOTTLENECK_HAZARD | TRIGGER_DYNAMIC_VELOCITY_BURST_KICK | 422
STAT-01695 | -0.7391 | 0.0000 | 1.5970 | CONVERGING_GLOBAL_MINIMA_TARGET | COMMIT_OPTIMIZED_MATRIX_WEIGHT_STEP | 200
STAT-01696 | -0.7391 | 0.0000 | 62.0380 | LOCAL_MINIMA_BOTTLENECK_HAZARD | TRIGGER_DYNAMIC_VELOCITY_BURST_KICK | 422
STAT-01697 | -0.7391 | 0.0000 | 25.9680 | LOCAL_MINIMA_BOTTLENECK_HAZARD | TRIGGER_DYNAMIC_VELOCITY_BURST_KICK | 422
STAT-01698 | -0.7391 | 0.0000 | 14.8640 | LOCAL_MINIMA_BOTTLENECK_HAZARD | TRIGGER_DYNAMIC_VELOCITY_BURST_KICK | 422
STAT-01699 | -0.7391 | 0.0000 | 62.9400 | LOCAL_MINIMA_BOTTLENECK_HAZARD | TRIGGER_DYNAMIC_VELOCITY_BURST_KICK | 422
STAT-01700 | -0.7391 | -0.0000 | 69.7580 | LOCAL_MINIMA_BOTTLENECK_HAZARD | TRIGGER_DYNAMIC_VELOCITY_BURST_KICK | 422
STAT-01701 | -0.7391 | -0.0000 | 42.1140 | LOCAL_MINIMA_BOTTLENECK_HAZARD | TRIGGER_DYNAMIC_VELOCITY_BURST_KICK | 422
STAT-01702 | -0.7391 | -0.0000 | 55.7320 | LOCAL_MINIMA_BOTTLENECK_HAZARD | TRIGGER_DYNAMIC_VELOCITY_BURST_KICK | 422
STAT-01703 | -0.7391 | -0.0000 | 12.5100 | LOCAL_MINIMA_BOTTLENECK_HAZARD | TRIGGER_DYNAMIC_VELOCITY_BURST_KICK | 422
STAT-01704 | -0.7391 | -0.0000 | 3.4410 | CONVERGING_GLOBAL_MINIMA_TARGET | COMMIT_OPTIMIZED_MATRIX_WEIGHT_STEP | 200
STAT-01705 | -0.7391 | 0.0000 | 1.9020 | CONVERGING_GLOBAL_MINIMA_TARGET | COMMIT_OPTIMIZED_MATRIX_WEIGHT_STEP | 200
STAT-01706 | -0.7391 | 0.0000 | 19.0500 | LOCAL_MINIMA_BOTTLENECK_HAZARD | TRIGGER_DYNAMIC_VELOCITY_BURST_KICK | 422
STAT-01707 | -0.7391 | 0.0000 | 25.5250 | LOCAL_MINIMA_BOTTLENECK_HAZARD | TRIGGER_DYNAMIC_VELOCITY_BURST_KICK | 422
STAT-01708 | -0.7391 | 0.0000 | 37.4980 | LOCAL_MINIMA_BOTTLENECK_HAZARD | TRIGGER_DYNAMIC_VELOCITY_BURST_KICK | 422
STAT-01709 | -0.7391 | 0.0000 | 30.1920 | LOCAL_MINIMA_BOTTLENECK_HAZARD | TRIGGER_DYNAMIC_VELOCITY_BURST_KICK | 422
STAT-01710 | -0.7391 | -0.0000 | 9.7970 | LOCAL_MINIMA_BOTTLENECK_HAZARD | TRIGGER_DYNAMIC_VELOCITY_BURST_KICK | 422
STAT-01711 | -0.7391 | -0.0000 | 14.6450 | LOCAL_MINIMA_BOTTLENECK_HAZARD | TRIGGER_DYNAMIC_VELOCITY_BURST_KICK | 422
STAT-01712 | -0.7391 | -0.0000 | 22.7520 | LOCAL_MINIMA_BOTTLENECK_HAZARD | TRIGGER_DYNAMIC_VELOCITY_BURST_KICK | 422
STAT-01713 | -0.7391 | -0.0000 | 26.3440 | LOCAL_MINIMA_BOTTLENECK_HAZARD | TRIGGER_DYNAMIC_VELOCITY_BURST_KICK | 422
STAT-01714 | -0.7391 | -0.0000 | 20.2190 | LOCAL_MINIMA_BOTTLENECK_HAZARD | TRIGGER_DYNAMIC_VELOCITY_BURST_KICK | 422
STAT-01715 | -0.7391 | 0.0000 | 21.8880 | LOCAL_MINIMA_BOTTLENECK_HAZARD | TRIGGER_DYNAMIC_VELOCITY_BURST_KICK | 422
STAT-01716 | -0.7391 | 0.0000 | 35.1130 | LOCAL_MINIMA_BOTTLENECK_HAZARD | TRIGGER_DYNAMIC_VELOCITY_BURST_KICK | 422
STAT-01717 | -0.7391 | 0.0000 | 23.0960 | LOCAL_MINIMA_BOTTLENECK_HAZARD | TRIGGER_DYNAMIC_VELOCITY_BURST_KICK | 422
STAT-01718 | -0.7391 | 0.0000 | 78.9490 | LOCAL_MINIMA_BOTTLENECK_HAZARD | TRIGGER_DYNAMIC_VELOCITY_BURST_KICK | 422
STAT-01719 | -0.7391 | 0.0000 | 23.7330 | LOCAL_MINIMA_BOTTLENECK_HAZARD | TRIGGER_DYNAMIC_VELOCITY_BURST_KICK | 422
STAT-01720 | -0.7391 | -0.0000 | 61.6760 | LOCAL_MINIMA_BOTTLENECK_HAZARD | TRIGGER_DYNAMIC_VELOCITY_BURST_KICK | 422
STAT-01721 | -0.7391 | -0.0000 | 20.2740 | LOCAL_MINIMA_BOTTLENECK_HAZARD | TRIGGER_DYNAMIC_VELOCITY_BURST_KICK | 422
STAT-01722 | -0.7391 | -0.0000 | 73.9970 | LOCAL_MINIMA_BOTTLENECK_HAZARD | TRIGGER_DYNAMIC_VELOCITY_BURST_KICK | 422
STAT-01723 | -0.7391 | -0.0000 | 31.9730 | LOCAL_MINIMA_BOTTLENECK_HAZARD | TRIGGER_DYNAMIC_VELOCITY_BURST_KICK | 422
STAT-01724 | -0.7391 | -0.0000 | 19.2290 | LOCAL_MINIMA_BOTTLENECK_HAZARD | TRIGGER_DYNAMIC_VELOCITY_BURST_KICK | 422
STAT-01725 | -0.7391 | 0.0000 | 25.7120 | LOCAL_MINIMA_BOTTLENECK_HAZARD | TRIGGER_DYNAMIC_VELOCITY_BURST_KICK | 422
STAT-01726 | -0.7391 | 0.0000 | 95.9210 | LOCAL_MINIMA_BOTTLENECK_HAZARD | TRIGGER_DYNAMIC_VELOCITY_BURST_KICK | 422
STAT-01727 | -0.7391 | 0.0000 | 52.0280 | LOCAL_MINIMA_BOTTLENECK_HAZARD | TRIGGER_DYNAMIC_VELOCITY_BURST_KICK | 422
STAT-01728 | -0.7391 | 0.0000 | 62.8600 | LOCAL_MINIMA_BOTTLENECK_HAZARD | TRIGGER_DYNAMIC_VELOCITY_BURST_KICK | 422
STAT-01729 | -0.7391 | 0.0000 | 28.0770 | LOCAL_MINIMA_BOTTLENECK_HAZARD | TRIGGER_DYNAMIC_VELOCITY_BURST_KICK | 422
STAT-01730 | -0.7391 | -0.0000 | 32.8000 | LOCAL_MINIMA_BOTTLENECK_HAZARD | TRIGGER_DYNAMIC_VELOCITY_BURST_KICK | 422
STAT-01731 | -0.7391 | -0.0000 | 49.1890 | LOCAL_MINIMA_BOTTLENECK_HAZARD | TRIGGER_DYNAMIC_VELOCITY_BURST_KICK | 422
STAT-01732 | -0.7391 | -0.0000 | 58.0090 | LOCAL_MINIMA_BOTTLENECK_HAZARD | TRIGGER_DYNAMIC_VELOCITY_BURST_KICK | 422
STAT-01733 | -0.7391 | -0.0000 | 14.9950 | LOCAL_MINIMA_BOTTLENECK_HAZARD | TRIGGER_DYNAMIC_VELOCITY_BURST_KICK | 422
STAT-01734 | -0.7391 | -0.0000 | 57.4690 | LOCAL_MINIMA_BOTTLENECK_HAZARD | TRIGGER_DYNAMIC_VELOCITY_BURST_KICK | 422
STAT-01735 | -0.7391 | 0.0000 | 16.2660 | LOCAL_MINIMA_BOTTLENECK_HAZARD | TRIGGER_DYNAMIC_VELOCITY_BURST_KICK | 422
STAT-01736 | -0.7391 | 0.0000 | 60.0630 | LOCAL_MINIMA_BOTTLENECK_HAZARD | TRIGGER_DYNAMIC_VELOCITY_BURST_KICK | 422
STAT-01737 | -0.7391 | 0.0000 | 0.4090 | CONVERGING_GLOBAL_MINIMA_TARGET | COMMIT_OPTIMIZED_MATRIX_WEIGHT_STEP | 200
STAT-01738 | -0.7391 | 0.0000 | 16.6400 | LOCAL_MINIMA_BOTTLENECK_HAZARD | TRIGGER_DYNAMIC_VELOCITY_BURST_KICK | 422
STAT-01739 | -0.7391 | 0.0000 | 6.6610 | LOCAL_MINIMA_BOTTLENECK_HAZARD | TRIGGER_DYNAMIC_VELOCITY_BURST_KICK | 422
STAT-01740 | -0.7391 | -0.0000 | 5.2680 | LOCAL_MINIMA_BOTTLENECK_HAZARD | TRIGGER_DYNAMIC_VELOCITY_BURST_KICK | 422
STAT-01741 | -0.7391 | -0.0000 | 26.0990 | LOCAL_MINIMA_BOTTLENECK_HAZARD | TRIGGER_DYNAMIC_VELOCITY_BURST_KICK | 422
STAT-01742 | -0.7391 | -0.0000 | 49.5040 | LOCAL_MINIMA_BOTTLENECK_HAZARD | TRIGGER_DYNAMIC_VELOCITY_BURST_KICK | 422
STAT-01743 | -0.7391 | -0.0000 | 71.7820 | LOCAL_MINIMA_BOTTLENECK_HAZARD | TRIGGER_DYNAMIC_VELOCITY_BURST_KICK | 422
STAT-01744 | -0.7391 | -0.0000 | 98.7770 | LOCAL_MINIMA_BOTTLENECK_HAZARD | TRIGGER_DYNAMIC_VELOCITY_BURST_KICK | 422
STAT-01745 | -0.7391 | 0.0000 | 24.7800 | LOCAL_MINIMA_BOTTLENECK_HAZARD | TRIGGER_DYNAMIC_VELOCITY_BURST_KICK | 422
STAT-01746 | -0.7391 | 0.0000 | 60.1930 | LOCAL_MINIMA_BOTTLENECK_HAZARD | TRIGGER_DYNAMIC_VELOCITY_BURST_KICK | 422
STAT-01747 | -0.7391 | 0.0000 | 50.6610 | LOCAL_MINIMA_BOTTLENECK_HAZARD | TRIGGER_DYNAMIC_VELOCITY_BURST_KICK | 422
STAT-01748 | -0.7391 | 0.0000 | 70.6230 | LOCAL_MINIMA_BOTTLENECK_HAZARD | TRIGGER_DYNAMIC_VELOCITY_BURST_KICK | 422
STAT-01749 | -0.7391 | 0.0000 | 11.9160 | LOCAL_MINIMA_BOTTLENECK_HAZARD | TRIGGER_DYNAMIC_VELOCITY_BURST_KICK | 422
STAT-01750 | -0.7391 | -0.0000 | 39.4600 | LOCAL_MINIMA_BOTTLENECK_HAZARD | TRIGGER_DYNAMIC_VELOCITY_BURST_KICK | 422
STAT-01751 | -0.7391 | -0.0000 | 8.0320 | LOCAL_MINIMA_BOTTLENECK_HAZARD | TRIGGER_DYNAMIC_VELOCITY_BURST_KICK | 422
STAT-01752 | -0.7391 | -0.0000 | 9.1890 | LOCAL_MINIMA_BOTTLENECK_HAZARD | TRIGGER_DYNAMIC_VELOCITY_BURST_KICK | 422
STAT-01753 | -0.7391 | -0.0000 | 33.8410 | LOCAL_MINIMA_BOTTLENECK_HAZARD | TRIGGER_DYNAMIC_VELOCITY_BURST_KICK | 422
STAT-01754 | -0.7391 | -0.0000 | 7.7240 | LOCAL_MINIMA_BOTTLENECK_HAZARD | TRIGGER_DYNAMIC_VELOCITY_BURST_KICK | 422
STAT-01755 | -0.7391 | 0.0000 | 64.3040 | LOCAL_MINIMA_BOTTLENECK_HAZARD | TRIGGER_DYNAMIC_VELOCITY_BURST_KICK | 422
STAT-01756 | -0.7391 | 0.0000 | 49.1660 | LOCAL_MINIMA_BOTTLENECK_HAZARD | TRIGGER_DYNAMIC_VELOCITY_BURST_KICK | 422
STAT-01757 | -0.7391 | 0.0000 | 93.8070 | LOCAL_MINIMA_BOTTLENECK_HAZARD | TRIGGER_DYNAMIC_VELOCITY_BURST_KICK | 422
STAT-01758 | -0.7391 | 0.0000 | 24.8960 | LOCAL_MINIMA_BOTTLENECK_HAZARD | TRIGGER_DYNAMIC_VELOCITY_BURST_KICK | 422
STAT-01759 | -0.7391 | 0.0000 | 17.8230 | LOCAL_MINIMA_BOTTLENECK_HAZARD | TRIGGER_DYNAMIC_VELOCITY_BURST_KICK | 422
STAT-01760 | -0.7391 | -0.0000 | 72.4290 | LOCAL_MINIMA_BOTTLENECK_HAZARD | TRIGGER_DYNAMIC_VELOCITY_BURST_KICK | 422
STAT-01761 | -0.7391 | -0.0000 | 0.7040 | CONVERGING_GLOBAL_MINIMA_TARGET | COMMIT_OPTIMIZED_MATRIX_WEIGHT_STEP | 200
STAT-01762 | -0.7391 | -0.0000 | 84.0190 | LOCAL_MINIMA_BOTTLENECK_HAZARD | TRIGGER_DYNAMIC_VELOCITY_BURST_KICK | 422
STAT-01763 | -0.7391 | -0.0000 | 34.6100 | LOCAL_MINIMA_BOTTLENECK_HAZARD | TRIGGER_DYNAMIC_VELOCITY_BURST_KICK | 422
STAT-01764 | -0.7391 | -0.0000 | 20.1550 | LOCAL_MINIMA_BOTTLENECK_HAZARD | TRIGGER_DYNAMIC_VELOCITY_BURST_KICK | 422
STAT-01765 | -0.7391 | 0.0000 | 14.6380 | LOCAL_MINIMA_BOTTLENECK_HAZARD | TRIGGER_DYNAMIC_VELOCITY_BURST_KICK | 422
STAT-01766 | -0.7391 | 0.0000 | 76.7170 | LOCAL_MINIMA_BOTTLENECK_HAZARD | TRIGGER_DYNAMIC_VELOCITY_BURST_KICK | 422
STAT-01767 | -0.7391 | 0.0000 | 43.4890 | LOCAL_MINIMA_BOTTLENECK_HAZARD | TRIGGER_DYNAMIC_VELOCITY_BURST_KICK | 422
STAT-01768 | -0.7391 | 0.0000 | 49.6140 | LOCAL_MINIMA_BOTTLENECK_HAZARD | TRIGGER_DYNAMIC_VELOCITY_BURST_KICK | 422
STAT-01769 | -0.7391 | -0.0000 | 16.6270 | LOCAL_MINIMA_BOTTLENECK_HAZARD | TRIGGER_DYNAMIC_VELOCITY_BURST_KICK | 422
STAT-01770 | -0.7391 | -0.0000 | 8.4170 | LOCAL_MINIMA_BOTTLENECK_HAZARD | TRIGGER_DYNAMIC_VELOCITY_BURST_KICK | 422
STAT-01771 | -0.7391 | -0.0000 | 73.9340 | LOCAL_MINIMA_BOTTLENECK_HAZARD | TRIGGER_DYNAMIC_VELOCITY_BURST_KICK | 422
STAT-01772 | -0.7391 | -0.0000 | 11.3610 | LOCAL_MINIMA_BOTTLENECK_HAZARD | TRIGGER_DYNAMIC_VELOCITY_BURST_KICK | 422
STAT-01773 | -0.7391 | -0.0000 | 39.0540 | LOCAL_MINIMA_BOTTLENECK_HAZARD | TRIGGER_DYNAMIC_VELOCITY_BURST_KICK | 422
STAT-01774 | -0.7391 | 0.0000 | 53.8810 | LOCAL_MINIMA_BOTTLENECK_HAZARD | TRIGGER_DYNAMIC_VELOCITY_BURST_KICK | 422
STAT-01775 | -0.7391 | 0.0000 | 17.5750 | LOCAL_MINIMA_BOTTLENECK_HAZARD | TRIGGER_DYNAMIC_VELOCITY_BURST_KICK | 422
STAT-01776 | -0.7391 | 0.0000 | 38.5430 | LOCAL_MINIMA_BOTTLENECK_HAZARD | TRIGGER_DYNAMIC_VELOCITY_BURST_KICK | 422
STAT-01777 | -0.7391 | 0.0000 | 79.0790 | LOCAL_MINIMA_BOTTLENECK_HAZARD | TRIGGER_DYNAMIC_VELOCITY_BURST_KICK | 422
STAT-01778 | -0.7391 | 0.0000 | 13.3840 | LOCAL_MINIMA_BOTTLENECK_HAZARD | TRIGGER_DYNAMIC_VELOCITY_BURST_KICK | 422
STAT-01779 | -0.7391 | -0.0000 | 28.7750 | LOCAL_MINIMA_BOTTLENECK_HAZARD | TRIGGER_DYNAMIC_VELOCITY_BURST_KICK | 422
STAT-01780 | -0.7391 | -0.0000 | 34.6260 | LOCAL_MINIMA_BOTTLENECK_HAZARD | TRIGGER_DYNAMIC_VELOCITY_BURST_KICK | 422
STAT-01781 | -0.7391 | -0.0000 | 76.8990 | LOCAL_MINIMA_BOTTLENECK_HAZARD | TRIGGER_DYNAMIC_VELOCITY_BURST_KICK | 422
STAT-01782 | -0.7391 | -0.0000 | 47.6930 | LOCAL_MINIMA_BOTTLENECK_HAZARD | TRIGGER_DYNAMIC_VELOCITY_BURST_KICK | 422
STAT-01783 | -0.7391 | -0.0000 | 1.3090 | CONVERGING_GLOBAL_MINIMA_TARGET | COMMIT_OPTIMIZED_MATRIX_WEIGHT_STEP | 200
STAT-01784 | -0.7391 | 0.0000 | 14.4240 | LOCAL_MINIMA_BOTTLENECK_HAZARD | TRIGGER_DYNAMIC_VELOCITY_BURST_KICK | 422
STAT-01785 | -0.7391 | 0.0000 | 7.5890 | LOCAL_MINIMA_BOTTLENECK_HAZARD | TRIGGER_DYNAMIC_VELOCITY_BURST_KICK | 422
STAT-01786 | -0.7391 | 0.0000 | 20.5510 | LOCAL_MINIMA_BOTTLENECK_HAZARD | TRIGGER_DYNAMIC_VELOCITY_BURST_KICK | 422
STAT-01787 | -0.7391 | 0.0000 | 42.1120 | LOCAL_MINIMA_BOTTLENECK_HAZARD | TRIGGER_DYNAMIC_VELOCITY_BURST_KICK | 422
STAT-01788 | -0.7391 | 0.0000 | 50.4360 | LOCAL_MINIMA_BOTTLENECK_HAZARD | TRIGGER_DYNAMIC_VELOCITY_BURST_KICK | 422
STAT-01789 | -0.7391 | -0.0000 | 21.2740 | LOCAL_MINIMA_BOTTLENECK_HAZARD | TRIGGER_DYNAMIC_VELOCITY_BURST_KICK | 422
STAT-01790 | -0.7391 | -0.0000 | 9.4050 | LOCAL_MINIMA_BOTTLENECK_HAZARD | TRIGGER_DYNAMIC_VELOCITY_BURST_KICK | 422
STAT-01791 | -0.7391 | -0.0000 | 58.7450 | LOCAL_MINIMA_BOTTLENECK_HAZARD | TRIGGER_DYNAMIC_VELOCITY_BURST_KICK | 422
STAT-01792 | -0.7391 | -0.0000 | 68.2680 | LOCAL_MINIMA_BOTTLENECK_HAZARD | TRIGGER_DYNAMIC_VELOCITY_BURST_KICK | 422
STAT-01793 | -0.7391 | -0.0000 | 59.3200 | LOCAL_MINIMA_BOTTLENECK_HAZARD | TRIGGER_DYNAMIC_VELOCITY_BURST_KICK | 422
STAT-01794 | -0.7391 | 0.0000 | 15.6230 | LOCAL_MINIMA_BOTTLENECK_HAZARD | TRIGGER_DYNAMIC_VELOCITY_BURST_KICK | 422
STAT-01795 | -0.7391 | 0.0000 | 33.0110 | LOCAL_MINIMA_BOTTLENECK_HAZARD | TRIGGER_DYNAMIC_VELOCITY_BURST_KICK | 422
STAT-01796 | -0.7391 | 0.0000 | 27.3190 | LOCAL_MINIMA_BOTTLENECK_HAZARD | TRIGGER_DYNAMIC_VELOCITY_BURST_KICK | 422
STAT-01797 | -0.7391 | 0.0000 | 37.6810 | LOCAL_MINIMA_BOTTLENECK_HAZARD | TRIGGER_DYNAMIC_VELOCITY_BURST_KICK | 422
STAT-01798 | -0.7391 | 0.0000 | 41.0360 | LOCAL_MINIMA_BOTTLENECK_HAZARD | TRIGGER_DYNAMIC_VELOCITY_BURST_KICK | 422
STAT-01799 | -0.7391 | -0.0000 | 60.7560 | LOCAL_MINIMA_BOTTLENECK_HAZARD | TRIGGER_DYNAMIC_VELOCITY_BURST_KICK | 422
STAT-01800 | -0.7391 | -0.0000 | 30.7290 | LOCAL_MINIMA_BOTTLENECK_HAZARD | TRIGGER_DYNAMIC_VELOCITY_BURST_KICK | 422
STAT-01801 | -0.7391 | -0.0000 | 66.4680 | LOCAL_MINIMA_BOTTLENECK_HAZARD | TRIGGER_DYNAMIC_VELOCITY_BURST_KICK | 422
STAT-01802 | -0.7391 | -0.0000 | 61.8390 | LOCAL_MINIMA_BOTTLENECK_HAZARD | TRIGGER_DYNAMIC_VELOCITY_BURST_KICK | 422
STAT-01803 | -0.7391 | -0.0000 | 54.0540 | LOCAL_MINIMA_BOTTLENECK_HAZARD | TRIGGER_DYNAMIC_VELOCITY_BURST_KICK | 422
STAT-01804 | -0.7391 | 0.0000 | 35.9440 | LOCAL_MINIMA_BOTTLENECK_HAZARD | TRIGGER_DYNAMIC_VELOCITY_BURST_KICK | 422
STAT-01805 | -0.7391 | 0.0000 | 35.5350 | LOCAL_MINIMA_BOTTLENECK_HAZARD | TRIGGER_DYNAMIC_VELOCITY_BURST_KICK | 422
STAT-01806 | -0.7391 | 0.0000 | 9.9840 | LOCAL_MINIMA_BOTTLENECK_HAZARD | TRIGGER_DYNAMIC_VELOCITY_BURST_KICK | 422
STAT-01807 | -0.7391 | 0.0000 | 55.6660 | LOCAL_MINIMA_BOTTLENECK_HAZARD | TRIGGER_DYNAMIC_VELOCITY_BURST_KICK | 422
STAT-01808 | -0.7391 | 0.0000 | 72.4270 | LOCAL_MINIMA_BOTTLENECK_HAZARD | TRIGGER_DYNAMIC_VELOCITY_BURST_KICK | 422
STAT-01809 | -0.7391 | -0.0000 | 30.5780 | LOCAL_MINIMA_BOTTLENECK_HAZARD | TRIGGER_DYNAMIC_VELOCITY_BURST_KICK | 422
STAT-01810 | -0.7391 | -0.0000 | 53.0170 | LOCAL_MINIMA_BOTTLENECK_HAZARD | TRIGGER_DYNAMIC_VELOCITY_BURST_KICK | 422
STAT-01811 | -0.7391 | -0.0000 | 33.4310 | LOCAL_MINIMA_BOTTLENECK_HAZARD | TRIGGER_DYNAMIC_VELOCITY_BURST_KICK | 422
STAT-01812 | -0.7391 | -0.0000 | 44.4040 | LOCAL_MINIMA_BOTTLENECK_HAZARD | TRIGGER_DYNAMIC_VELOCITY_BURST_KICK | 422
STAT-01813 | -0.7391 | -0.0000 | 77.2260 | LOCAL_MINIMA_BOTTLENECK_HAZARD | TRIGGER_DYNAMIC_VELOCITY_BURST_KICK | 422
STAT-01814 | -0.7391 | 0.0000 | 25.5870 | LOCAL_MINIMA_BOTTLENECK_HAZARD | TRIGGER_DYNAMIC_VELOCITY_BURST_KICK | 422
STAT-01815 | -0.7391 | 0.0000 | 37.6970 | LOCAL_MINIMA_BOTTLENECK_HAZARD | TRIGGER_DYNAMIC_VELOCITY_BURST_KICK | 422
STAT-01816 | -0.7391 | 0.0000 | 79.7080 | LOCAL_MINIMA_BOTTLENECK_HAZARD | TRIGGER_DYNAMIC_VELOCITY_BURST_KICK | 422
STAT-01817 | -0.7391 | 0.0000 | 56.4490 | LOCAL_MINIMA_BOTTLENECK_HAZARD | TRIGGER_DYNAMIC_VELOCITY_BURST_KICK | 422
STAT-01818 | -0.7391 | 0.0000 | 38.1210 | LOCAL_MINIMA_BOTTLENECK_HAZARD | TRIGGER_DYNAMIC_VELOCITY_BURST_KICK | 422
STAT-01819 | -0.7391 | -0.0000 | 46.1550 | LOCAL_MINIMA_BOTTLENECK_HAZARD | TRIGGER_DYNAMIC_VELOCITY_BURST_KICK | 422
STAT-01820 | -0.7391 | -0.0000 | 31.7470 | LOCAL_MINIMA_BOTTLENECK_HAZARD | TRIGGER_DYNAMIC_VELOCITY_BURST_KICK | 422
STAT-01821 | -0.7391 | -0.0000 | 23.8530 | LOCAL_MINIMA_BOTTLENECK_HAZARD | TRIGGER_DYNAMIC_VELOCITY_BURST_KICK | 422
STAT-01822 | -0.7391 | -0.0000 | 27.5050 | LOCAL_MINIMA_BOTTLENECK_HAZARD | TRIGGER_DYNAMIC_VELOCITY_BURST_KICK | 422
STAT-01823 | -0.7391 | -0.0000 | 7.1290 | LOCAL_MINIMA_BOTTLENECK_HAZARD | TRIGGER_DYNAMIC_VELOCITY_BURST_KICK | 422
STAT-01824 | -0.7391 | 0.0000 | 11.4280 | LOCAL_MINIMA_BOTTLENECK_HAZARD | TRIGGER_DYNAMIC_VELOCITY_BURST_KICK | 422
STAT-01825 | -0.7391 | 0.0000 | 5.2020 | LOCAL_MINIMA_BOTTLENECK_HAZARD | TRIGGER_DYNAMIC_VELOCITY_BURST_KICK | 422
STAT-01826 | -0.7391 | 0.0000 | 35.5770 | LOCAL_MINIMA_BOTTLENECK_HAZARD | TRIGGER_DYNAMIC_VELOCITY_BURST_KICK | 422
STAT-01827 | -0.7391 | 0.0000 | 32.4330 | LOCAL_MINIMA_BOTTLENECK_HAZARD | TRIGGER_DYNAMIC_VELOCITY_BURST_KICK | 422
STAT-01828 | -0.7391 | 0.0000 | 58.5700 | LOCAL_MINIMA_BOTTLENECK_HAZARD | TRIGGER_DYNAMIC_VELOCITY_BURST_KICK | 422
STAT-01829 | -0.7391 | -0.0000 | 20.2690 | LOCAL_MINIMA_BOTTLENECK_HAZARD | TRIGGER_DYNAMIC_VELOCITY_BURST_KICK | 422
STAT-01830 | -0.7391 | -0.0000 | 4.0160 | CONVERGING_GLOBAL_MINIMA_TARGET | COMMIT_OPTIMIZED_MATRIX_WEIGHT_STEP | 200
STAT-01831 | -0.7391 | -0.0000 | 52.0660 | LOCAL_MINIMA_BOTTLENECK_HAZARD | TRIGGER_DYNAMIC_VELOCITY_BURST_KICK | 422
STAT-01832 | -0.7391 | -0.0000 | 18.5290 | LOCAL_MINIMA_BOTTLENECK_HAZARD | TRIGGER_DYNAMIC_VELOCITY_BURST_KICK | 422
STAT-01833 | -0.7391 | -0.0000 | 7.9930 | LOCAL_MINIMA_BOTTLENECK_HAZARD | TRIGGER_DYNAMIC_VELOCITY_BURST_KICK | 422
STAT-01834 | -0.7391 | 0.0000 | 41.6840 | LOCAL_MINIMA_BOTTLENECK_HAZARD | TRIGGER_DYNAMIC_VELOCITY_BURST_KICK | 422
STAT-01835 | -0.7391 | 0.0000 | 11.9650 | LOCAL_MINIMA_BOTTLENECK_HAZARD | TRIGGER_DYNAMIC_VELOCITY_BURST_KICK | 422
STAT-01836 | -0.7391 | 0.0000 | 53.1050 | LOCAL_MINIMA_BOTTLENECK_HAZARD | TRIGGER_DYNAMIC_VELOCITY_BURST_KICK | 422
STAT-01837 | -0.7391 | 0.0000 | 19.6220 | LOCAL_MINIMA_BOTTLENECK_HAZARD | TRIGGER_DYNAMIC_VELOCITY_BURST_KICK | 422
STAT-01838 | -0.7391 | 0.0000 | 5.0090 | LOCAL_MINIMA_BOTTLENECK_HAZARD | TRIGGER_DYNAMIC_VELOCITY_BURST_KICK | 422
STAT-01839 | -0.7391 | -0.0000 | 82.7920 | LOCAL_MINIMA_BOTTLENECK_HAZARD | TRIGGER_DYNAMIC_VELOCITY_BURST_KICK | 422
STAT-01840 | -0.7391 | -0.0000 | 23.5300 | LOCAL_MINIMA_BOTTLENECK_HAZARD | TRIGGER_DYNAMIC_VELOCITY_BURST_KICK | 422
STAT-01841 | -0.7391 | -0.0000 | 66.0890 | LOCAL_MINIMA_BOTTLENECK_HAZARD | TRIGGER_DYNAMIC_VELOCITY_BURST_KICK | 422
STAT-01842 | -0.7391 | -0.0000 | 62.9820 | LOCAL_MINIMA_BOTTLENECK_HAZARD | TRIGGER_DYNAMIC_VELOCITY_BURST_KICK | 422
STAT-01843 | -0.7391 | -0.0000 | 7.6830 | LOCAL_MINIMA_BOTTLENECK_HAZARD | TRIGGER_DYNAMIC_VELOCITY_BURST_KICK | 422
STAT-01844 | -0.7391 | 0.0000 | 65.0230 | LOCAL_MINIMA_BOTTLENECK_HAZARD | TRIGGER_DYNAMIC_VELOCITY_BURST_KICK | 422
STAT-01845 | -0.7391 | 0.0000 | 52.9390 | LOCAL_MINIMA_BOTTLENECK_HAZARD | TRIGGER_DYNAMIC_VELOCITY_BURST_KICK | 422
STAT-01846 | -0.7391 | 0.0000 | 10.0130 | LOCAL_MINIMA_BOTTLENECK_HAZARD | TRIGGER_DYNAMIC_VELOCITY_BURST_KICK | 422
STAT-01847 | -0.7391 | 0.0000 | 75.1270 | LOCAL_MINIMA_BOTTLENECK_HAZARD | TRIGGER_DYNAMIC_VELOCITY_BURST_KICK | 422
STAT-01848 | -0.7391 | 0.0000 | 47.8880 | LOCAL_MINIMA_BOTTLENECK_HAZARD | TRIGGER_DYNAMIC_VELOCITY_BURST_KICK | 422
STAT-01849 | -0.7391 | -0.0000 | 37.6240 | LOCAL_MINIMA_BOTTLENECK_HAZARD | TRIGGER_DYNAMIC_VELOCITY_BURST_KICK | 422
STAT-01850 | -0.7391 | -0.0000 | 47.5640 | LOCAL_MINIMA_BOTTLENECK_HAZARD | TRIGGER_DYNAMIC_VELOCITY_BURST_KICK | 422
STAT-01851 | -0.7391 | -0.0000 | 74.5640 | LOCAL_MINIMA_BOTTLENECK_HAZARD | TRIGGER_DYNAMIC_VELOCITY_BURST_KICK | 422
STAT-01852 | -0.7391 | -0.0000 | 14.2020 | LOCAL_MINIMA_BOTTLENECK_HAZARD | TRIGGER_DYNAMIC_VELOCITY_BURST_KICK | 422
STAT-01853 | -0.7391 | -0.0000 | 38.2250 | LOCAL_MINIMA_BOTTLENECK_HAZARD | TRIGGER_DYNAMIC_VELOCITY_BURST_KICK | 422
STAT-01854 | -0.7391 | 0.0000 | 20.2950 | LOCAL_MINIMA_BOTTLENECK_HAZARD | TRIGGER_DYNAMIC_VELOCITY_BURST_KICK | 422
STAT-01855 | -0.7391 | 0.0000 | 23.4540 | LOCAL_MINIMA_BOTTLENECK_HAZARD | TRIGGER_DYNAMIC_VELOCITY_BURST_KICK | 422
STAT-01856 | -0.7391 | 0.0000 | 36.4960 | LOCAL_MINIMA_BOTTLENECK_HAZARD | TRIGGER_DYNAMIC_VELOCITY_BURST_KICK | 422
STAT-01857 | -0.7391 | 0.0000 | 43.4290 | LOCAL_MINIMA_BOTTLENECK_HAZARD | TRIGGER_DYNAMIC_VELOCITY_BURST_KICK | 422
STAT-01858 | -0.7391 | 0.0000 | 58.9120 | LOCAL_MINIMA_BOTTLENECK_HAZARD | TRIGGER_DYNAMIC_VELOCITY_BURST_KICK | 422
STAT-01859 | -0.7391 | -0.0000 | 64.9990 | LOCAL_MINIMA_BOTTLENECK_HAZARD | TRIGGER_DYNAMIC_VELOCITY_BURST_KICK | 422
STAT-01860 | -0.7391 | -0.0000 | 49.3490 | LOCAL_MINIMA_BOTTLENECK_HAZARD | TRIGGER_DYNAMIC_VELOCITY_BURST_KICK | 422
STAT-01861 | -0.7391 | -0.0000 | 14.1270 | LOCAL_MINIMA_BOTTLENECK_HAZARD | TRIGGER_DYNAMIC_VELOCITY_BURST_KICK | 422
STAT-01862 | -0.7391 | -0.0000 | 29.4410 | LOCAL_MINIMA_BOTTLENECK_HAZARD | TRIGGER_DYNAMIC_VELOCITY_BURST_KICK | 422
STAT-01863 | -0.7391 | -0.0000 | 65.9390 | LOCAL_MINIMA_BOTTLENECK_HAZARD | TRIGGER_DYNAMIC_VELOCITY_BURST_KICK | 422
STAT-01864 | -0.7391 | 0.0000 | 9.7860 | LOCAL_MINIMA_BOTTLENECK_HAZARD | TRIGGER_DYNAMIC_VELOCITY_BURST_KICK | 422
STAT-01865 | -0.7391 | 0.0000 | 35.0220 | LOCAL_MINIMA_BOTTLENECK_HAZARD | TRIGGER_DYNAMIC_VELOCITY_BURST_KICK | 422
STAT-01866 | -0.7391 | 0.0000 | 24.7470 | LOCAL_MINIMA_BOTTLENECK_HAZARD | TRIGGER_DYNAMIC_VELOCITY_BURST_KICK | 422
STAT-01867 | -0.7391 | 0.0000 | 27.2690 | LOCAL_MINIMA_BOTTLENECK_HAZARD | TRIGGER_DYNAMIC_VELOCITY_BURST_KICK | 422
STAT-01868 | -0.7391 | 0.0000 | 49.5820 | LOCAL_MINIMA_BOTTLENECK_HAZARD | TRIGGER_DYNAMIC_VELOCITY_BURST_KICK | 422
STAT-01869 | -0.7391 | -0.0000 | 17.0970 | LOCAL_MINIMA_BOTTLENECK_HAZARD | TRIGGER_DYNAMIC_VELOCITY_BURST_KICK | 422
STAT-01870 | -0.7391 | -0.0000 | 34.0440 | LOCAL_MINIMA_BOTTLENECK_HAZARD | TRIGGER_DYNAMIC_VELOCITY_BURST_KICK | 422
STAT-01871 | -0.7391 | -0.0000 | 15.4970 | LOCAL_MINIMA_BOTTLENECK_HAZARD | TRIGGER_DYNAMIC_VELOCITY_BURST_KICK | 422
STAT-01872 | -0.7391 | -0.0000 | 50.2570 | LOCAL_MINIMA_BOTTLENECK_HAZARD | TRIGGER_DYNAMIC_VELOCITY_BURST_KICK | 422
STAT-01873 | -0.7391 | -0.0000 | 28.2580 | LOCAL_MINIMA_BOTTLENECK_HAZARD | TRIGGER_DYNAMIC_VELOCITY_BURST_KICK | 422
STAT-01874 | -0.7391 | 0.0000 | 32.6890 | LOCAL_MINIMA_BOTTLENECK_HAZARD | TRIGGER_DYNAMIC_VELOCITY_BURST_KICK | 422
STAT-01875 | -0.7391 | 0.0000 | 17.2220 | LOCAL_MINIMA_BOTTLENECK_HAZARD | TRIGGER_DYNAMIC_VELOCITY_BURST_KICK | 422
STAT-01876 | -0.7391 | 0.0000 | 7.3070 | LOCAL_MINIMA_BOTTLENECK_HAZARD | TRIGGER_DYNAMIC_VELOCITY_BURST_KICK | 422
STAT-01877 | -0.7391 | 0.0000 | 5.1170 | LOCAL_MINIMA_BOTTLENECK_HAZARD | TRIGGER_DYNAMIC_VELOCITY_BURST_KICK | 422
STAT-01878 | -0.7391 | 0.0000 | 12.3800 | LOCAL_MINIMA_BOTTLENECK_HAZARD | TRIGGER_DYNAMIC_VELOCITY_BURST_KICK | 422
STAT-01879 | -0.7391 | -0.0000 | 10.5620 | LOCAL_MINIMA_BOTTLENECK_HAZARD | TRIGGER_DYNAMIC_VELOCITY_BURST_KICK | 422
STAT-01880 | -0.7391 | -0.0000 | 31.9930 | LOCAL_MINIMA_BOTTLENECK_HAZARD | TRIGGER_DYNAMIC_VELOCITY_BURST_KICK | 422
STAT-01881 | -0.7391 | -0.0000 | 28.1570 | LOCAL_MINIMA_BOTTLENECK_HAZARD | TRIGGER_DYNAMIC_VELOCITY_BURST_KICK | 422
STAT-01882 | -0.7391 | -0.0000 | 15.0610 | LOCAL_MINIMA_BOTTLENECK_HAZARD | TRIGGER_DYNAMIC_VELOCITY_BURST_KICK | 422
STAT-01883 | -0.7391 | -0.0000 | 28.2720 | LOCAL_MINIMA_BOTTLENECK_HAZARD | TRIGGER_DYNAMIC_VELOCITY_BURST_KICK | 422
STAT-01884 | -0.7391 | 0.0000 | 37.2980 | LOCAL_MINIMA_BOTTLENECK_HAZARD | TRIGGER_DYNAMIC_VELOCITY_BURST_KICK | 422
STAT-01885 | -0.7391 | 0.0000 | 58.1930 | LOCAL_MINIMA_BOTTLENECK_HAZARD | TRIGGER_DYNAMIC_VELOCITY_BURST_KICK | 422
STAT-01886 | -0.7391 | 0.0000 | 46.8710 | LOCAL_MINIMA_BOTTLENECK_HAZARD | TRIGGER_DYNAMIC_VELOCITY_BURST_KICK | 422
STAT-01887 | -0.7391 | 0.0000 | 31.5590 | LOCAL_MINIMA_BOTTLENECK_HAZARD | TRIGGER_DYNAMIC_VELOCITY_BURST_KICK | 422
STAT-01888 | -0.7391 | 0.0000 | 17.5510 | LOCAL_MINIMA_BOTTLENECK_HAZARD | TRIGGER_DYNAMIC_VELOCITY_BURST_KICK | 422
STAT-01889 | -0.7391 | -0.0000 | 72.3810 | LOCAL_MINIMA_BOTTLENECK_HAZARD | TRIGGER_DYNAMIC_VELOCITY_BURST_KICK | 422
STAT-01890 | -0.7391 | -0.0000 | 36.5540 | LOCAL_MINIMA_BOTTLENECK_HAZARD | TRIGGER_DYNAMIC_VELOCITY_BURST_KICK | 422
STAT-01891 | -0.7391 | -0.0000 | 26.7910 | LOCAL_MINIMA_BOTTLENECK_HAZARD | TRIGGER_DYNAMIC_VELOCITY_BURST_KICK | 422
STAT-01892 | -0.7391 | -0.0000 | 61.4060 | LOCAL_MINIMA_BOTTLENECK_HAZARD | TRIGGER_DYNAMIC_VELOCITY_BURST_KICK | 422
STAT-01893 | -0.7391 | -0.0000 | 13.2230 | LOCAL_MINIMA_BOTTLENECK_HAZARD | TRIGGER_DYNAMIC_VELOCITY_BURST_KICK | 422
STAT-01894 | -0.7391 | 0.0000 | 28.9990 | LOCAL_MINIMA_BOTTLENECK_HAZARD | TRIGGER_DYNAMIC_VELOCITY_BURST_KICK | 422
STAT-01895 | -0.7391 | 0.0000 | 5.5800 | LOCAL_MINIMA_BOTTLENECK_HAZARD | TRIGGER_DYNAMIC_VELOCITY_BURST_KICK | 422
STAT-01896 | -0.7391 | 0.0000 | 59.0170 | LOCAL_MINIMA_BOTTLENECK_HAZARD | TRIGGER_DYNAMIC_VELOCITY_BURST_KICK | 422
STAT-01897 | -0.7391 | 0.0000 | 37.5010 | LOCAL_MINIMA_BOTTLENECK_HAZARD | TRIGGER_DYNAMIC_VELOCITY_BURST_KICK | 422
STAT-01898 | -0.7391 | 0.0000 | 23.0170 | LOCAL_MINIMA_BOTTLENECK_HAZARD | TRIGGER_DYNAMIC_VELOCITY_BURST_KICK | 422
STAT-01899 | -0.7391 | -0.0000 | 53.7340 | LOCAL_MINIMA_BOTTLENECK_HAZARD | TRIGGER_DYNAMIC_VELOCITY_BURST_KICK | 422
STAT-01900 | -0.7391 | -0.0000 | 59.3770 | LOCAL_MINIMA_BOTTLENECK_HAZARD | TRIGGER_DYNAMIC_VELOCITY_BURST_KICK | 422
STAT-01901 | -0.7391 | -0.0000 | 74.3280 | LOCAL_MINIMA_BOTTLENECK_HAZARD | TRIGGER_DYNAMIC_VELOCITY_BURST_KICK | 422
STAT-01902 | -0.7391 | -0.0000 | 26.8970 | LOCAL_MINIMA_BOTTLENECK_HAZARD | TRIGGER_DYNAMIC_VELOCITY_BURST_KICK | 422
STAT-01903 | -0.7391 | -0.0000 | 48.9930 | LOCAL_MINIMA_BOTTLENECK_HAZARD | TRIGGER_DYNAMIC_VELOCITY_BURST_KICK | 422
STAT-01904 | -0.7391 | 0.0000 | 32.6050 | LOCAL_MINIMA_BOTTLENECK_HAZARD | TRIGGER_DYNAMIC_VELOCITY_BURST_KICK | 422
STAT-01905 | -0.7391 | 0.0000 | 60.9370 | LOCAL_MINIMA_BOTTLENECK_HAZARD | TRIGGER_DYNAMIC_VELOCITY_BURST_KICK | 422
STAT-01906 | -0.7391 | 0.0000 | 43.6540 | LOCAL_MINIMA_BOTTLENECK_HAZARD | TRIGGER_DYNAMIC_VELOCITY_BURST_KICK | 422
STAT-01907 | -0.7391 | 0.0000 | 86.7930 | LOCAL_MINIMA_BOTTLENECK_HAZARD | TRIGGER_DYNAMIC_VELOCITY_BURST_KICK | 422
STAT-01908 | -0.7391 | 0.0000 | 30.3910 | LOCAL_MINIMA_BOTTLENECK_HAZARD | TRIGGER_DYNAMIC_VELOCITY_BURST_KICK | 422
STAT-01909 | -0.7391 | -0.0000 | 22.2300 | LOCAL_MINIMA_BOTTLENECK_HAZARD | TRIGGER_DYNAMIC_VELOCITY_BURST_KICK | 422
STAT-01910 | -0.7391 | -0.0000 | 15.3260 | LOCAL_MINIMA_BOTTLENECK_HAZARD | TRIGGER_DYNAMIC_VELOCITY_BURST_KICK | 422
STAT-01911 | -0.7391 | -0.0000 | 49.9210 | LOCAL_MINIMA_BOTTLENECK_HAZARD | TRIGGER_DYNAMIC_VELOCITY_BURST_KICK | 422
STAT-01912 | -0.7391 | -0.0000 | 14.5240 | LOCAL_MINIMA_BOTTLENECK_HAZARD | TRIGGER_DYNAMIC_VELOCITY_BURST_KICK | 422
STAT-01913 | -0.7391 | -0.0000 | 23.4820 | LOCAL_MINIMA_BOTTLENECK_HAZARD | TRIGGER_DYNAMIC_VELOCITY_BURST_KICK | 422
STAT-01914 | -0.7391 | 0.0000 | 33.1850 | LOCAL_MINIMA_BOTTLENECK_HAZARD | TRIGGER_DYNAMIC_VELOCITY_BURST_KICK | 422
STAT-01915 | -0.7391 | 0.0000 | 35.7270 | LOCAL_MINIMA_BOTTLENECK_HAZARD | TRIGGER_DYNAMIC_VELOCITY_BURST_KICK | 422
STAT-01916 | -0.7391 | 0.0000 | 56.4740 | LOCAL_MINIMA_BOTTLENECK_HAZARD | TRIGGER_DYNAMIC_VELOCITY_BURST_KICK | 422
STAT-01917 | -0.7391 | 0.0000 | 25.3590 | LOCAL_MINIMA_BOTTLENECK_HAZARD | TRIGGER_DYNAMIC_VELOCITY_BURST_KICK | 422
STAT-01918 | -0.7391 | 0.0000 | 7.1370 | LOCAL_MINIMA_BOTTLENECK_HAZARD | TRIGGER_DYNAMIC_VELOCITY_BURST_KICK | 422
STAT-01919 | -0.7391 | -0.0000 | 23.8720 | LOCAL_MINIMA_BOTTLENECK_HAZARD | TRIGGER_DYNAMIC_VELOCITY_BURST_KICK | 422
STAT-01920 | -0.7391 | -0.0000 | 9.2480 | LOCAL_MINIMA_BOTTLENECK_HAZARD | TRIGGER_DYNAMIC_VELOCITY_BURST_KICK | 422
STAT-01921 | -0.7391 | -0.0000 | 65.2080 | LOCAL_MINIMA_BOTTLENECK_HAZARD | TRIGGER_DYNAMIC_VELOCITY_BURST_KICK | 422
STAT-01922 | -0.7391 | -0.0000 | 41.2320 | LOCAL_MINIMA_BOTTLENECK_HAZARD | TRIGGER_DYNAMIC_VELOCITY_BURST_KICK | 422
STAT-01923 | -0.7391 | -0.0000 | 5.8520 | LOCAL_MINIMA_BOTTLENECK_HAZARD | TRIGGER_DYNAMIC_VELOCITY_BURST_KICK | 422
STAT-01924 | -0.7391 | 0.0000 | 48.8800 | LOCAL_MINIMA_BOTTLENECK_HAZARD | TRIGGER_DYNAMIC_VELOCITY_BURST_KICK | 422
STAT-01925 | -0.7391 | 0.0000 | 69.5960 | LOCAL_MINIMA_BOTTLENECK_HAZARD | TRIGGER_DYNAMIC_VELOCITY_BURST_KICK | 422
STAT-01926 | -0.7391 | 0.0000 | 34.6280 | LOCAL_MINIMA_BOTTLENECK_HAZARD | TRIGGER_DYNAMIC_VELOCITY_BURST_KICK | 422
STAT-01927 | -0.7391 | 0.0000 | 3.3410 | CONVERGING_GLOBAL_MINIMA_TARGET | COMMIT_OPTIMIZED_MATRIX_WEIGHT_STEP | 200
STAT-01928 | -0.7391 | 0.0000 | 23.6960 | LOCAL_MINIMA_BOTTLENECK_HAZARD | TRIGGER_DYNAMIC_VELOCITY_BURST_KICK | 422
STAT-01929 | -0.7391 | -0.0000 | 19.5800 | LOCAL_MINIMA_BOTTLENECK_HAZARD | TRIGGER_DYNAMIC_VELOCITY_BURST_KICK | 422
STAT-01930 | -0.7391 | -0.0000 | 71.2110 | LOCAL_MINIMA_BOTTLENECK_HAZARD | TRIGGER_DYNAMIC_VELOCITY_BURST_KICK | 422
STAT-01931 | -0.7391 | -0.0000 | 4.6540 | CONVERGING_GLOBAL_MINIMA_TARGET | COMMIT_OPTIMIZED_MATRIX_WEIGHT_STEP | 200
STAT-01932 | -0.7391 | -0.0000 | 7.2930 | LOCAL_MINIMA_BOTTLENECK_HAZARD | TRIGGER_DYNAMIC_VELOCITY_BURST_KICK | 422
STAT-01933 | -0.7391 | -0.0000 | 64.6070 | LOCAL_MINIMA_BOTTLENECK_HAZARD | TRIGGER_DYNAMIC_VELOCITY_BURST_KICK | 422
STAT-01934 | -0.7391 | 0.0000 | 3.7870 | CONVERGING_GLOBAL_MINIMA_TARGET | COMMIT_OPTIMIZED_MATRIX_WEIGHT_STEP | 200
STAT-01935 | -0.7391 | 0.0000 | 5.2750 | LOCAL_MINIMA_BOTTLENECK_HAZARD | TRIGGER_DYNAMIC_VELOCITY_BURST_KICK | 422
STAT-01936 | -0.7391 | 0.0000 | 16.6140 | LOCAL_MINIMA_BOTTLENECK_HAZARD | TRIGGER_DYNAMIC_VELOCITY_BURST_KICK | 422
STAT-01937 | -0.7391 | 0.0000 | 57.4730 | LOCAL_MINIMA_BOTTLENECK_HAZARD | TRIGGER_DYNAMIC_VELOCITY_BURST_KICK | 422
STAT-01938 | -0.7391 | 0.0000 | 12.9770 | LOCAL_MINIMA_BOTTLENECK_HAZARD | TRIGGER_DYNAMIC_VELOCITY_BURST_KICK | 422
STAT-01939 | -0.7391 | -0.0000 | 21.5730 | LOCAL_MINIMA_BOTTLENECK_HAZARD | TRIGGER_DYNAMIC_VELOCITY_BURST_KICK | 422
STAT-01940 | -0.7391 | -0.0000 | 45.7520 | LOCAL_MINIMA_BOTTLENECK_HAZARD | TRIGGER_DYNAMIC_VELOCITY_BURST_KICK | 422
STAT-01941 | -0.7391 | -0.0000 | 27.9560 | LOCAL_MINIMA_BOTTLENECK_HAZARD | TRIGGER_DYNAMIC_VELOCITY_BURST_KICK | 422
STAT-01942 | -0.7391 | -0.0000 | 3.3590 | CONVERGING_GLOBAL_MINIMA_TARGET | COMMIT_OPTIMIZED_MATRIX_WEIGHT_STEP | 200
STAT-01943 | -0.7391 | -0.0000 | 45.2720 | LOCAL_MINIMA_BOTTLENECK_HAZARD | TRIGGER_DYNAMIC_VELOCITY_BURST_KICK | 422
STAT-01944 | -0.7391 | 0.0000 | 11.4660 | LOCAL_MINIMA_BOTTLENECK_HAZARD | TRIGGER_DYNAMIC_VELOCITY_BURST_KICK | 422
STAT-01945 | -0.7391 | 0.0000 | 34.5700 | LOCAL_MINIMA_BOTTLENECK_HAZARD | TRIGGER_DYNAMIC_VELOCITY_BURST_KICK | 422
STAT-01946 | -0.7391 | 0.0000 | 58.6220 | LOCAL_MINIMA_BOTTLENECK_HAZARD | TRIGGER_DYNAMIC_VELOCITY_BURST_KICK | 422
STAT-01947 | -0.7391 | 0.0000 | 5.0120 | LOCAL_MINIMA_BOTTLENECK_HAZARD | TRIGGER_DYNAMIC_VELOCITY_BURST_KICK | 422
STAT-01948 | -0.7391 | 0.0000 | 29.9100 | LOCAL_MINIMA_BOTTLENECK_HAZARD | TRIGGER_DYNAMIC_VELOCITY_BURST_KICK | 422
STAT-01949 | -0.7391 | -0.0000 | 33.4910 | LOCAL_MINIMA_BOTTLENECK_HAZARD | TRIGGER_DYNAMIC_VELOCITY_BURST_KICK | 422
STAT-01950 | -0.7391 | -0.0000 | 38.2540 | LOCAL_MINIMA_BOTTLENECK_HAZARD | TRIGGER_DYNAMIC_VELOCITY_BURST_KICK | 422
STAT-01951 | -0.7391 | -0.0000 | 22.2110 | LOCAL_MINIMA_BOTTLENECK_HAZARD | TRIGGER_DYNAMIC_VELOCITY_BURST_KICK | 422
STAT-01952 | -0.7391 | -0.0000 | 69.1430 | LOCAL_MINIMA_BOTTLENECK_HAZARD | TRIGGER_DYNAMIC_VELOCITY_BURST_KICK | 422
STAT-01953 | -0.7391 | -0.0000 | 5.5870 | LOCAL_MINIMA_BOTTLENECK_HAZARD | TRIGGER_DYNAMIC_VELOCITY_BURST_KICK | 422
STAT-01954 | -0.7391 | 0.0000 | 15.2490 | LOCAL_MINIMA_BOTTLENECK_HAZARD | TRIGGER_DYNAMIC_VELOCITY_BURST_KICK | 422
STAT-01955 | -0.7391 | 0.0000 | 24.4230 | LOCAL_MINIMA_BOTTLENECK_HAZARD | TRIGGER_DYNAMIC_VELOCITY_BURST_KICK | 422
STAT-01956 | -0.7391 | 0.0000 | 39.1670 | LOCAL_MINIMA_BOTTLENECK_HAZARD | TRIGGER_DYNAMIC_VELOCITY_BURST_KICK | 422
STAT-01957 | -0.7391 | 0.0000 | 8.3690 | LOCAL_MINIMA_BOTTLENECK_HAZARD | TRIGGER_DYNAMIC_VELOCITY_BURST_KICK | 422
STAT-01958 | -0.7391 | 0.0000 | 6.2060 | LOCAL_MINIMA_BOTTLENECK_HAZARD | TRIGGER_DYNAMIC_VELOCITY_BURST_KICK | 422
STAT-01959 | -0.7391 | -0.0000 | 30.4350 | LOCAL_MINIMA_BOTTLENECK_HAZARD | TRIGGER_DYNAMIC_VELOCITY_BURST_KICK | 422
STAT-01960 | -0.7391 | -0.0000 | 26.8160 | LOCAL_MINIMA_BOTTLENECK_HAZARD | TRIGGER_DYNAMIC_VELOCITY_BURST_KICK | 422
STAT-01961 | -0.7391 | -0.0000 | 16.9970 | LOCAL_MINIMA_BOTTLENECK_HAZARD | TRIGGER_DYNAMIC_VELOCITY_BURST_KICK | 422
STAT-01962 | -0.7391 | -0.0000 | 29.6610 | LOCAL_MINIMA_BOTTLENECK_HAZARD | TRIGGER_DYNAMIC_VELOCITY_BURST_KICK | 422
STAT-01963 | -0.7391 | -0.0000 | 25.8460 | LOCAL_MINIMA_BOTTLENECK_HAZARD | TRIGGER_DYNAMIC_VELOCITY_BURST_KICK | 422
STAT-01964 | -0.7391 | 0.0000 | 21.6070 | LOCAL_MINIMA_BOTTLENECK_HAZARD | TRIGGER_DYNAMIC_VELOCITY_BURST_KICK | 422
STAT-01965 | -0.7391 | 0.0000 | 3.2040 | CONVERGING_GLOBAL_MINIMA_TARGET | COMMIT_OPTIMIZED_MATRIX_WEIGHT_STEP | 200
STAT-01966 | -0.7391 | 0.0000 | 24.8580 | LOCAL_MINIMA_BOTTLENECK_HAZARD | TRIGGER_DYNAMIC_VELOCITY_BURST_KICK | 422
STAT-01967 | -0.7391 | 0.0000 | 75.6930 | LOCAL_MINIMA_BOTTLENECK_HAZARD | TRIGGER_DYNAMIC_VELOCITY_BURST_KICK | 422
STAT-01968 | -0.7391 | 0.0000 | 17.2470 | LOCAL_MINIMA_BOTTLENECK_HAZARD | TRIGGER_DYNAMIC_VELOCITY_BURST_KICK | 422
STAT-01969 | -0.7391 | -0.0000 | 67.1070 | LOCAL_MINIMA_BOTTLENECK_HAZARD | TRIGGER_DYNAMIC_VELOCITY_BURST_KICK | 422
STAT-01970 | -0.7391 | -0.0000 | 26.2620 | LOCAL_MINIMA_BOTTLENECK_HAZARD | TRIGGER_DYNAMIC_VELOCITY_BURST_KICK | 422
STAT-01971 | -0.7391 | -0.0000 | 24.4530 | LOCAL_MINIMA_BOTTLENECK_HAZARD | TRIGGER_DYNAMIC_VELOCITY_BURST_KICK | 422
STAT-01972 | -0.7391 | -0.0000 | 58.8470 | LOCAL_MINIMA_BOTTLENECK_HAZARD | TRIGGER_DYNAMIC_VELOCITY_BURST_KICK | 422
STAT-01973 | -0.7391 | -0.0000 | 4.5300 | CONVERGING_GLOBAL_MINIMA_TARGET | COMMIT_OPTIMIZED_MATRIX_WEIGHT_STEP | 200
STAT-01974 | -0.7391 | 0.0000 | 12.9680 | LOCAL_MINIMA_BOTTLENECK_HAZARD | TRIGGER_DYNAMIC_VELOCITY_BURST_KICK | 422
STAT-01975 | -0.7391 | 0.0000 | 24.4950 | LOCAL_MINIMA_BOTTLENECK_HAZARD | TRIGGER_DYNAMIC_VELOCITY_BURST_KICK | 422
STAT-01976 | -0.7391 | 0.0000 | 19.4450 | LOCAL_MINIMA_BOTTLENECK_HAZARD | TRIGGER_DYNAMIC_VELOCITY_BURST_KICK | 422
STAT-01977 | -0.7391 | 0.0000 | 50.9510 | LOCAL_MINIMA_BOTTLENECK_HAZARD | TRIGGER_DYNAMIC_VELOCITY_BURST_KICK | 422
STAT-01978 | -0.7391 | 0.0000 | 28.3520 | LOCAL_MINIMA_BOTTLENECK_HAZARD | TRIGGER_DYNAMIC_VELOCITY_BURST_KICK | 422
STAT-01979 | -0.7391 | -0.0000 | 89.6440 | LOCAL_MINIMA_BOTTLENECK_HAZARD | TRIGGER_DYNAMIC_VELOCITY_BURST_KICK | 422
STAT-01980 | -0.7391 | -0.0000 | 76.9480 | LOCAL_MINIMA_BOTTLENECK_HAZARD | TRIGGER_DYNAMIC_VELOCITY_BURST_KICK | 422
STAT-01981 | -0.7391 | -0.0000 | 79.7110 | LOCAL_MINIMA_BOTTLENECK_HAZARD | TRIGGER_DYNAMIC_VELOCITY_BURST_KICK | 422
STAT-01982 | -0.7391 | -0.0000 | 29.8230 | LOCAL_MINIMA_BOTTLENECK_HAZARD | TRIGGER_DYNAMIC_VELOCITY_BURST_KICK | 422
STAT-01983 | -0.7391 | -0.0000 | 8.0460 | LOCAL_MINIMA_BOTTLENECK_HAZARD | TRIGGER_DYNAMIC_VELOCITY_BURST_KICK | 422
STAT-01984 | -0.7391 | 0.0000 | 35.8850 | LOCAL_MINIMA_BOTTLENECK_HAZARD | TRIGGER_DYNAMIC_VELOCITY_BURST_KICK | 422
STAT-01985 | -0.7391 | 0.0000 | 16.4030 | LOCAL_MINIMA_BOTTLENECK_HAZARD | TRIGGER_DYNAMIC_VELOCITY_BURST_KICK | 422
STAT-01986 | -0.7391 | 0.0000 | 52.7970 | LOCAL_MINIMA_BOTTLENECK_HAZARD | TRIGGER_DYNAMIC_VELOCITY_BURST_KICK | 422
STAT-01987 | -0.7391 | 0.0000 | 21.4900 | LOCAL_MINIMA_BOTTLENECK_HAZARD | TRIGGER_DYNAMIC_VELOCITY_BURST_KICK | 422
STAT-01988 | -0.7391 | 0.0000 | 4.2090 | CONVERGING_GLOBAL_MINIMA_TARGET | COMMIT_OPTIMIZED_MATRIX_WEIGHT_STEP | 200
STAT-01989 | -0.7391 | -0.0000 | 18.3250 | LOCAL_MINIMA_BOTTLENECK_HAZARD | TRIGGER_DYNAMIC_VELOCITY_BURST_KICK | 422
STAT-01990 | -0.7391 | -0.0000 | 27.0880 | LOCAL_MINIMA_BOTTLENECK_HAZARD | TRIGGER_DYNAMIC_VELOCITY_BURST_KICK | 422
STAT-01991 | -0.7391 | -0.0000 | 75.8610 | LOCAL_MINIMA_BOTTLENECK_HAZARD | TRIGGER_DYNAMIC_VELOCITY_BURST_KICK | 422
STAT-01992 | -0.7391 | -0.0000 | 13.2070 | LOCAL_MINIMA_BOTTLENECK_HAZARD | TRIGGER_DYNAMIC_VELOCITY_BURST_KICK | 422
STAT-01993 | -0.7391 | -0.0000 | 9.2670 | LOCAL_MINIMA_BOTTLENECK_HAZARD | TRIGGER_DYNAMIC_VELOCITY_BURST_KICK | 422
STAT-01994 | -0.7391 | 0.0000 | 21.3920 | LOCAL_MINIMA_BOTTLENECK_HAZARD | TRIGGER_DYNAMIC_VELOCITY_BURST_KICK | 422
STAT-01995 | -0.7391 | 0.0000 | 62.1350 | LOCAL_MINIMA_BOTTLENECK_HAZARD | TRIGGER_DYNAMIC_VELOCITY_BURST_KICK | 422
STAT-01996 | -0.7391 | 0.0000 | 49.1840 | LOCAL_MINIMA_BOTTLENECK_HAZARD | TRIGGER_DYNAMIC_VELOCITY_BURST_KICK | 422
STAT-01997 | -0.7391 | 0.0000 | 66.1470 | LOCAL_MINIMA_BOTTLENECK_HAZARD | TRIGGER_DYNAMIC_VELOCITY_BURST_KICK | 422
STAT-01998 | -0.7391 | 0.0000 | 28.8880 | LOCAL_MINIMA_BOTTLENECK_HAZARD | TRIGGER_DYNAMIC_VELOCITY_BURST_KICK | 422
STAT-01999 | -0.7391 | -0.0000 | 49.2500 | LOCAL_MINIMA_BOTTLENECK_HAZARD | TRIGGER_DYNAMIC_VELOCITY_BURST_KICK | 422
STAT-02000 | -0.7391 | -0.0000 | 7.0200 | LOCAL_MINIMA_BOTTLENECK_HAZARD | TRIGGER_DYNAMIC_VELOCITY_BURST_KICK | 422
STAT-02001 | -0.7391 | -0.0000 | 9.2790 | LOCAL_MINIMA_BOTTLENECK_HAZARD | TRIGGER_DYNAMIC_VELOCITY_BURST_KICK | 422
STAT-02002 | -0.7391 | -0.0000 | 5.9670 | LOCAL_MINIMA_BOTTLENECK_HAZARD | TRIGGER_DYNAMIC_VELOCITY_BURST_KICK | 422
STAT-02003 | -0.7391 | -0.0000 | 56.7880 | LOCAL_MINIMA_BOTTLENECK_HAZARD | TRIGGER_DYNAMIC_VELOCITY_BURST_KICK | 422
STAT-02004 | -0.7391 | 0.0000 | 15.0430 | LOCAL_MINIMA_BOTTLENECK_HAZARD | TRIGGER_DYNAMIC_VELOCITY_BURST_KICK | 422
STAT-02005 | -0.7391 | 0.0000 | 48.6890 | LOCAL_MINIMA_BOTTLENECK_HAZARD | TRIGGER_DYNAMIC_VELOCITY_BURST_KICK | 422
STAT-02006 | -0.7391 | 0.0000 | 58.0030 | LOCAL_MINIMA_BOTTLENECK_HAZARD | TRIGGER_DYNAMIC_VELOCITY_BURST_KICK | 422
STAT-02007 | -0.7391 | 0.0000 | 26.4030 | LOCAL_MINIMA_BOTTLENECK_HAZARD | TRIGGER_DYNAMIC_VELOCITY_BURST_KICK | 422
STAT-02008 | -0.7391 | 0.0000 | 43.4900 | LOCAL_MINIMA_BOTTLENECK_HAZARD | TRIGGER_DYNAMIC_VELOCITY_BURST_KICK | 422
STAT-02009 | -0.7391 | -0.0000 | 47.3420 | LOCAL_MINIMA_BOTTLENECK_HAZARD | TRIGGER_DYNAMIC_VELOCITY_BURST_KICK | 422
STAT-02010 | -0.7391 | -0.0000 | 1.8850 | CONVERGING_GLOBAL_MINIMA_TARGET | COMMIT_OPTIMIZED_MATRIX_WEIGHT_STEP | 200
STAT-02011 | -0.7391 | -0.0000 | 53.3790 | LOCAL_MINIMA_BOTTLENECK_HAZARD | TRIGGER_DYNAMIC_VELOCITY_BURST_KICK | 422
STAT-02012 | -0.7391 | -0.0000 | 31.0910 | LOCAL_MINIMA_BOTTLENECK_HAZARD | TRIGGER_DYNAMIC_VELOCITY_BURST_KICK | 422
STAT-02013 | -0.7391 | -0.0000 | 15.6980 | LOCAL_MINIMA_BOTTLENECK_HAZARD | TRIGGER_DYNAMIC_VELOCITY_BURST_KICK | 422
STAT-02014 | -0.7391 | 0.0000 | 19.0420 | LOCAL_MINIMA_BOTTLENECK_HAZARD | TRIGGER_DYNAMIC_VELOCITY_BURST_KICK | 422
STAT-02015 | -0.7391 | 0.0000 | 27.4310 | LOCAL_MINIMA_BOTTLENECK_HAZARD | TRIGGER_DYNAMIC_VELOCITY_BURST_KICK | 422
STAT-02016 | -0.7391 | 0.0000 | 28.2790 | LOCAL_MINIMA_BOTTLENECK_HAZARD | TRIGGER_DYNAMIC_VELOCITY_BURST_KICK | 422
STAT-02017 | -0.7391 | 0.0000 | 66.2000 | LOCAL_MINIMA_BOTTLENECK_HAZARD | TRIGGER_DYNAMIC_VELOCITY_BURST_KICK | 422
STAT-02018 | -0.7391 | 0.0000 | 26.5090 | LOCAL_MINIMA_BOTTLENECK_HAZARD | TRIGGER_DYNAMIC_VELOCITY_BURST_KICK | 422
STAT-02019 | -0.7391 | -0.0000 | 26.8340 | LOCAL_MINIMA_BOTTLENECK_HAZARD | TRIGGER_DYNAMIC_VELOCITY_BURST_KICK | 422
STAT-02020 | -0.7391 | -0.0000 | 39.7280 | LOCAL_MINIMA_BOTTLENECK_HAZARD | TRIGGER_DYNAMIC_VELOCITY_BURST_KICK | 422
STAT-02021 | -0.7391 | -0.0000 | 30.6980 | LOCAL_MINIMA_BOTTLENECK_HAZARD | TRIGGER_DYNAMIC_VELOCITY_BURST_KICK | 422
STAT-02022 | -0.7391 | -0.0000 | 3.5020 | CONVERGING_GLOBAL_MINIMA_TARGET | COMMIT_OPTIMIZED_MATRIX_WEIGHT_STEP | 200
STAT-02023 | -0.7391 | -0.0000 | 80.8460 | LOCAL_MINIMA_BOTTLENECK_HAZARD | TRIGGER_DYNAMIC_VELOCITY_BURST_KICK | 422
STAT-02024 | -0.7391 | 0.0000 | 32.9440 | LOCAL_MINIMA_BOTTLENECK_HAZARD | TRIGGER_DYNAMIC_VELOCITY_BURST_KICK | 422
STAT-02025 | -0.7391 | 0.0000 | 57.7260 | LOCAL_MINIMA_BOTTLENECK_HAZARD | TRIGGER_DYNAMIC_VELOCITY_BURST_KICK | 422
STAT-02026 | -0.7391 | 0.0000 | 5.7260 | LOCAL_MINIMA_BOTTLENECK_HAZARD | TRIGGER_DYNAMIC_VELOCITY_BURST_KICK | 422
STAT-02027 | -0.7391 | 0.0000 | 23.4970 | LOCAL_MINIMA_BOTTLENECK_HAZARD | TRIGGER_DYNAMIC_VELOCITY_BURST_KICK | 422
STAT-02028 | -0.7391 | 0.0000 | 84.5080 | LOCAL_MINIMA_BOTTLENECK_HAZARD | TRIGGER_DYNAMIC_VELOCITY_BURST_KICK | 422
STAT-02029 | -0.7391 | -0.0000 | 23.3000 | LOCAL_MINIMA_BOTTLENECK_HAZARD | TRIGGER_DYNAMIC_VELOCITY_BURST_KICK | 422
STAT-02030 | -0.7391 | -0.0000 | 44.5070 | LOCAL_MINIMA_BOTTLENECK_HAZARD | TRIGGER_DYNAMIC_VELOCITY_BURST_KICK | 422
STAT-02031 | -0.7391 | -0.0000 | 21.8290 | LOCAL_MINIMA_BOTTLENECK_HAZARD | TRIGGER_DYNAMIC_VELOCITY_BURST_KICK | 422
STAT-02032 | -0.7391 | -0.0000 | 3.5300 | CONVERGING_GLOBAL_MINIMA_TARGET | COMMIT_OPTIMIZED_MATRIX_WEIGHT_STEP | 200
STAT-02033 | -0.7391 | -0.0000 | 0.5500 | CONVERGING_GLOBAL_MINIMA_TARGET | COMMIT_OPTIMIZED_MATRIX_WEIGHT_STEP | 200
STAT-02034 | -0.7391 | 0.0000 | 25.2510 | LOCAL_MINIMA_BOTTLENECK_HAZARD | TRIGGER_DYNAMIC_VELOCITY_BURST_KICK | 422
STAT-02035 | -0.7391 | 0.0000 | 34.7270 | LOCAL_MINIMA_BOTTLENECK_HAZARD | TRIGGER_DYNAMIC_VELOCITY_BURST_KICK | 422
STAT-02036 | -0.7391 | 0.0000 | 6.8280 | LOCAL_MINIMA_BOTTLENECK_HAZARD | TRIGGER_DYNAMIC_VELOCITY_BURST_KICK | 422
STAT-02037 | -0.7391 | 0.0000 | 21.1500 | LOCAL_MINIMA_BOTTLENECK_HAZARD | TRIGGER_DYNAMIC_VELOCITY_BURST_KICK | 422
STAT-02038 | -0.7391 | 0.0000 | 78.8590 | LOCAL_MINIMA_BOTTLENECK_HAZARD | TRIGGER_DYNAMIC_VELOCITY_BURST_KICK | 422
STAT-02039 | -0.7391 | -0.0000 | 24.3740 | LOCAL_MINIMA_BOTTLENECK_HAZARD | TRIGGER_DYNAMIC_VELOCITY_BURST_KICK | 422
STAT-02040 | -0.7391 | -0.0000 | 61.1640 | LOCAL_MINIMA_BOTTLENECK_HAZARD | TRIGGER_DYNAMIC_VELOCITY_BURST_KICK | 422
STAT-02041 | -0.7391 | -0.0000 | 33.2310 | LOCAL_MINIMA_BOTTLENECK_HAZARD | TRIGGER_DYNAMIC_VELOCITY_BURST_KICK | 422
STAT-02042 | -0.7391 | -0.0000 | 3.8140 | CONVERGING_GLOBAL_MINIMA_TARGET | COMMIT_OPTIMIZED_MATRIX_WEIGHT_STEP | 200
STAT-02043 | -0.7391 | -0.0000 | 28.2990 | LOCAL_MINIMA_BOTTLENECK_HAZARD | TRIGGER_DYNAMIC_VELOCITY_BURST_KICK | 422
STAT-02044 | -0.7391 | 0.0000 | 24.2620 | LOCAL_MINIMA_BOTTLENECK_HAZARD | TRIGGER_DYNAMIC_VELOCITY_BURST_KICK | 422
STAT-02045 | -0.7391 | 0.0000 | 18.4800 | LOCAL_MINIMA_BOTTLENECK_HAZARD | TRIGGER_DYNAMIC_VELOCITY_BURST_KICK | 422
STAT-02046 | -0.7391 | 0.0000 | 9.9000 | LOCAL_MINIMA_BOTTLENECK_HAZARD | TRIGGER_DYNAMIC_VELOCITY_BURST_KICK | 422
STAT-02047 | -0.7391 | 0.0000 | 21.7760 | LOCAL_MINIMA_BOTTLENECK_HAZARD | TRIGGER_DYNAMIC_VELOCITY_BURST_KICK | 422
STAT-02048 | -0.7391 | 0.0000 | 6.9610 | LOCAL_MINIMA_BOTTLENECK_HAZARD | TRIGGER_DYNAMIC_VELOCITY_BURST_KICK | 422
STAT-02049 | -0.7391 | -0.0000 | 9.7430 | LOCAL_MINIMA_BOTTLENECK_HAZARD | TRIGGER_DYNAMIC_VELOCITY_BURST_KICK | 422
STAT-02050 | -0.7391 | -0.0000 | 20.1070 | LOCAL_MINIMA_BOTTLENECK_HAZARD | TRIGGER_DYNAMIC_VELOCITY_BURST_KICK | 422
STAT-02051 | -0.7391 | -0.0000 | 29.2500 | LOCAL_MINIMA_BOTTLENECK_HAZARD | TRIGGER_DYNAMIC_VELOCITY_BURST_KICK | 422
STAT-02052 | -0.7391 | -0.0000 | 28.9350 | LOCAL_MINIMA_BOTTLENECK_HAZARD | TRIGGER_DYNAMIC_VELOCITY_BURST_KICK | 422
STAT-02053 | -0.7391 | -0.0000 | 41.5360 | LOCAL_MINIMA_BOTTLENECK_HAZARD | TRIGGER_DYNAMIC_VELOCITY_BURST_KICK | 422
STAT-02054 | -0.7391 | 0.0000 | 73.1620 | LOCAL_MINIMA_BOTTLENECK_HAZARD | TRIGGER_DYNAMIC_VELOCITY_BURST_KICK | 422
STAT-02055 | -0.7391 | 0.0000 | 14.1930 | LOCAL_MINIMA_BOTTLENECK_HAZARD | TRIGGER_DYNAMIC_VELOCITY_BURST_KICK | 422
STAT-02056 | -0.7391 | 0.0000 | 10.5860 | LOCAL_MINIMA_BOTTLENECK_HAZARD | TRIGGER_DYNAMIC_VELOCITY_BURST_KICK | 422
STAT-02057 | -0.7391 | 0.0000 | 0.9590 | CONVERGING_GLOBAL_MINIMA_TARGET | COMMIT_OPTIMIZED_MATRIX_WEIGHT_STEP | 200
STAT-02058 | -0.7391 | 0.0000 | 17.8240 | LOCAL_MINIMA_BOTTLENECK_HAZARD | TRIGGER_DYNAMIC_VELOCITY_BURST_KICK | 422
STAT-02059 | -0.7391 | -0.0000 | 5.7190 | LOCAL_MINIMA_BOTTLENECK_HAZARD | TRIGGER_DYNAMIC_VELOCITY_BURST_KICK | 422
STAT-02060 | -0.7391 | -0.0000 | 7.8390 | LOCAL_MINIMA_BOTTLENECK_HAZARD | TRIGGER_DYNAMIC_VELOCITY_BURST_KICK | 422
STAT-02061 | -0.7391 | -0.0000 | 75.9120 | LOCAL_MINIMA_BOTTLENECK_HAZARD | TRIGGER_DYNAMIC_VELOCITY_BURST_KICK | 422
STAT-02062 | -0.7391 | -0.0000 | 53.9850 | LOCAL_MINIMA_BOTTLENECK_HAZARD | TRIGGER_DYNAMIC_VELOCITY_BURST_KICK | 422
STAT-02063 | -0.7391 | -0.0000 | 10.2460 | LOCAL_MINIMA_BOTTLENECK_HAZARD | TRIGGER_DYNAMIC_VELOCITY_BURST_KICK | 422
STAT-02064 | -0.7391 | 0.0000 | 10.6730 | LOCAL_MINIMA_BOTTLENECK_HAZARD | TRIGGER_DYNAMIC_VELOCITY_BURST_KICK | 422
STAT-02065 | -0.7391 | 0.0000 | 37.1170 | LOCAL_MINIMA_BOTTLENECK_HAZARD | TRIGGER_DYNAMIC_VELOCITY_BURST_KICK | 422
STAT-02066 | -0.7391 | 0.0000 | 74.1290 | LOCAL_MINIMA_BOTTLENECK_HAZARD | TRIGGER_DYNAMIC_VELOCITY_BURST_KICK | 422
STAT-02067 | -0.7391 | 0.0000 | 9.4700 | LOCAL_MINIMA_BOTTLENECK_HAZARD | TRIGGER_DYNAMIC_VELOCITY_BURST_KICK | 422
STAT-02068 | -0.7391 | -0.0000 | 15.3670 | LOCAL_MINIMA_BOTTLENECK_HAZARD | TRIGGER_DYNAMIC_VELOCITY_BURST_KICK | 422
STAT-02069 | -0.7391 | -0.0000 | 64.4200 | LOCAL_MINIMA_BOTTLENECK_HAZARD | TRIGGER_DYNAMIC_VELOCITY_BURST_KICK | 422
STAT-02070 | -0.7391 | -0.0000 | 74.3420 | LOCAL_MINIMA_BOTTLENECK_HAZARD | TRIGGER_DYNAMIC_VELOCITY_BURST_KICK | 422
STAT-02071 | -0.7391 | -0.0000 | 7.9930 | LOCAL_MINIMA_BOTTLENECK_HAZARD | TRIGGER_DYNAMIC_VELOCITY_BURST_KICK | 422
STAT-02072 | -0.7391 | -0.0000 | 18.7650 | LOCAL_MINIMA_BOTTLENECK_HAZARD | TRIGGER_DYNAMIC_VELOCITY_BURST_KICK | 422
STAT-02073 | -0.7391 | 0.0000 | 8.7720 | LOCAL_MINIMA_BOTTLENECK_HAZARD | TRIGGER_DYNAMIC_VELOCITY_BURST_KICK | 422
STAT-02074 | -0.7391 | 0.0000 | 67.2190 | LOCAL_MINIMA_BOTTLENECK_HAZARD | TRIGGER_DYNAMIC_VELOCITY_BURST_KICK | 422
STAT-02075 | -0.7391 | 0.0000 | 81.7050 | LOCAL_MINIMA_BOTTLENECK_HAZARD | TRIGGER_DYNAMIC_VELOCITY_BURST_KICK | 422
STAT-02076 | -0.7391 | 0.0000 | 13.9270 | LOCAL_MINIMA_BOTTLENECK_HAZARD | TRIGGER_DYNAMIC_VELOCITY_BURST_KICK | 422
STAT-02077 | -0.7391 | 0.0000 | 10.9270 | LOCAL_MINIMA_BOTTLENECK_HAZARD | TRIGGER_DYNAMIC_VELOCITY_BURST_KICK | 422
STAT-02078 | -0.7391 | -0.0000 | 22.0180 | LOCAL_MINIMA_BOTTLENECK_HAZARD | TRIGGER_DYNAMIC_VELOCITY_BURST_KICK | 422
STAT-02079 | -0.7391 | -0.0000 | 22.6710 | LOCAL_MINIMA_BOTTLENECK_HAZARD | TRIGGER_DYNAMIC_VELOCITY_BURST_KICK | 422
STAT-02080 | -0.7391 | -0.0000 | 9.6100 | LOCAL_MINIMA_BOTTLENECK_HAZARD | TRIGGER_DYNAMIC_VELOCITY_BURST_KICK | 422
STAT-02081 | -0.7391 | -0.0000 | 76.0630 | LOCAL_MINIMA_BOTTLENECK_HAZARD | TRIGGER_DYNAMIC_VELOCITY_BURST_KICK | 422
STAT-02082 | -0.7391 | -0.0000 | 63.8790 | LOCAL_MINIMA_BOTTLENECK_HAZARD | TRIGGER_DYNAMIC_VELOCITY_BURST_KICK | 422
STAT-02083 | -0.7391 | 0.0000 | 35.0720 | LOCAL_MINIMA_BOTTLENECK_HAZARD | TRIGGER_DYNAMIC_VELOCITY_BURST_KICK | 422
STAT-02084 | -0.7391 | 0.0000 | 39.3410 | LOCAL_MINIMA_BOTTLENECK_HAZARD | TRIGGER_DYNAMIC_VELOCITY_BURST_KICK | 422
STAT-02085 | -0.7391 | 0.0000 | 27.1320 | LOCAL_MINIMA_BOTTLENECK_HAZARD | TRIGGER_DYNAMIC_VELOCITY_BURST_KICK | 422
STAT-02086 | -0.7391 | 0.0000 | 0.0240 | CONVERGING_GLOBAL_MINIMA_TARGET | COMMIT_OPTIMIZED_MATRIX_WEIGHT_STEP | 200
STAT-02087 | -0.7391 | 0.0000 | 36.7390 | LOCAL_MINIMA_BOTTLENECK_HAZARD | TRIGGER_DYNAMIC_VELOCITY_BURST_KICK | 422
STAT-02088 | -0.7391 | -0.0000 | 59.9030 | LOCAL_MINIMA_BOTTLENECK_HAZARD | TRIGGER_DYNAMIC_VELOCITY_BURST_KICK | 422
STAT-02089 | -0.7391 | -0.0000 | 13.8280 | LOCAL_MINIMA_BOTTLENECK_HAZARD | TRIGGER_DYNAMIC_VELOCITY_BURST_KICK | 422
STAT-02090 | -0.7391 | -0.0000 | 48.1110 | LOCAL_MINIMA_BOTTLENECK_HAZARD | TRIGGER_DYNAMIC_VELOCITY_BURST_KICK | 422
STAT-02091 | -0.7391 | -0.0000 | 72.3660 | LOCAL_MINIMA_BOTTLENECK_HAZARD | TRIGGER_DYNAMIC_VELOCITY_BURST_KICK | 422
STAT-02092 | -0.7391 | -0.0000 | 83.1390 | LOCAL_MINIMA_BOTTLENECK_HAZARD | TRIGGER_DYNAMIC_VELOCITY_BURST_KICK | 422
STAT-02093 | -0.7391 | 0.0000 | 43.8000 | LOCAL_MINIMA_BOTTLENECK_HAZARD | TRIGGER_DYNAMIC_VELOCITY_BURST_KICK | 422
STAT-02094 | -0.7391 | 0.0000 | 43.9800 | LOCAL_MINIMA_BOTTLENECK_HAZARD | TRIGGER_DYNAMIC_VELOCITY_BURST_KICK | 422
STAT-02095 | -0.7391 | 0.0000 | 66.9270 | LOCAL_MINIMA_BOTTLENECK_HAZARD | TRIGGER_DYNAMIC_VELOCITY_BURST_KICK | 422
STAT-02096 | -0.7391 | 0.0000 | 10.8720 | LOCAL_MINIMA_BOTTLENECK_HAZARD | TRIGGER_DYNAMIC_VELOCITY_BURST_KICK | 422
STAT-02097 | -0.7391 | 0.0000 | 35.4770 | LOCAL_MINIMA_BOTTLENECK_HAZARD | TRIGGER_DYNAMIC_VELOCITY_BURST_KICK | 422
STAT-02098 | -0.7391 | -0.0000 | 17.9240 | LOCAL_MINIMA_BOTTLENECK_HAZARD | TRIGGER_DYNAMIC_VELOCITY_BURST_KICK | 422
STAT-02099 | -0.7391 | -0.0000 | 11.9650 | LOCAL_MINIMA_BOTTLENECK_HAZARD | TRIGGER_DYNAMIC_VELOCITY_BURST_KICK | 422
STAT-02100 | -0.7391 | -0.0000 | 65.2010 | LOCAL_MINIMA_BOTTLENECK_HAZARD | TRIGGER_DYNAMIC_VELOCITY_BURST_KICK | 422
STAT-02101 | -0.7391 | -0.0000 | 16.7550 | LOCAL_MINIMA_BOTTLENECK_HAZARD | TRIGGER_DYNAMIC_VELOCITY_BURST_KICK | 422
STAT-02102 | -0.7391 | -0.0000 | 3.2350 | CONVERGING_GLOBAL_MINIMA_TARGET | COMMIT_OPTIMIZED_MATRIX_WEIGHT_STEP | 200
STAT-02103 | -0.7391 | 0.0000 | 14.6200 | LOCAL_MINIMA_BOTTLENECK_HAZARD | TRIGGER_DYNAMIC_VELOCITY_BURST_KICK | 422
STAT-02104 | -0.7391 | 0.0000 | 12.2810 | LOCAL_MINIMA_BOTTLENECK_HAZARD | TRIGGER_DYNAMIC_VELOCITY_BURST_KICK | 422
STAT-02105 | -0.7391 | 0.0000 | 19.9610 | LOCAL_MINIMA_BOTTLENECK_HAZARD | TRIGGER_DYNAMIC_VELOCITY_BURST_KICK | 422
STAT-02106 | -0.7391 | 0.0000 | 51.0540 | LOCAL_MINIMA_BOTTLENECK_HAZARD | TRIGGER_DYNAMIC_VELOCITY_BURST_KICK | 422
STAT-02107 | -0.7391 | 0.0000 | 18.3950 | LOCAL_MINIMA_BOTTLENECK_HAZARD | TRIGGER_DYNAMIC_VELOCITY_BURST_KICK | 422
STAT-02108 | -0.7391 | -0.0000 | 66.3220 | LOCAL_MINIMA_BOTTLENECK_HAZARD | TRIGGER_DYNAMIC_VELOCITY_BURST_KICK | 422
STAT-02109 | -0.7391 | -0.0000 | 28.1870 | LOCAL_MINIMA_BOTTLENECK_HAZARD | TRIGGER_DYNAMIC_VELOCITY_BURST_KICK | 422
STAT-02110 | -0.7391 | -0.0000 | 89.2200 | LOCAL_MINIMA_BOTTLENECK_HAZARD | TRIGGER_DYNAMIC_VELOCITY_BURST_KICK | 422
STAT-02111 | -0.7391 | -0.0000 | 80.9260 | LOCAL_MINIMA_BOTTLENECK_HAZARD | TRIGGER_DYNAMIC_VELOCITY_BURST_KICK | 422
STAT-02112 | -0.7391 | -0.0000 | 49.5190 | LOCAL_MINIMA_BOTTLENECK_HAZARD | TRIGGER_DYNAMIC_VELOCITY_BURST_KICK | 422
STAT-02113 | -0.7391 | 0.0000 | 15.0580 | LOCAL_MINIMA_BOTTLENECK_HAZARD | TRIGGER_DYNAMIC_VELOCITY_BURST_KICK | 422
STAT-02114 | -0.7391 | 0.0000 | 29.2540 | LOCAL_MINIMA_BOTTLENECK_HAZARD | TRIGGER_DYNAMIC_VELOCITY_BURST_KICK | 422
STAT-02115 | -0.7391 | 0.0000 | 15.9780 | LOCAL_MINIMA_BOTTLENECK_HAZARD | TRIGGER_DYNAMIC_VELOCITY_BURST_KICK | 422
STAT-02116 | -0.7391 | 0.0000 | 18.4450 | LOCAL_MINIMA_BOTTLENECK_HAZARD | TRIGGER_DYNAMIC_VELOCITY_BURST_KICK | 422
STAT-02117 | -0.7391 | 0.0000 | 1.9970 | CONVERGING_GLOBAL_MINIMA_TARGET | COMMIT_OPTIMIZED_MATRIX_WEIGHT_STEP | 200
STAT-02118 | -0.7391 | -0.0000 | 3.5290 | CONVERGING_GLOBAL_MINIMA_TARGET | COMMIT_OPTIMIZED_MATRIX_WEIGHT_STEP | 200
STAT-02119 | -0.7391 | -0.0000 | 36.0820 | LOCAL_MINIMA_BOTTLENECK_HAZARD | TRIGGER_DYNAMIC_VELOCITY_BURST_KICK | 422
STAT-02120 | -0.7391 | -0.0000 | 30.0380 | LOCAL_MINIMA_BOTTLENECK_HAZARD | TRIGGER_DYNAMIC_VELOCITY_BURST_KICK | 422
STAT-02121 | -0.7391 | -0.0000 | 19.9160 | LOCAL_MINIMA_BOTTLENECK_HAZARD | TRIGGER_DYNAMIC_VELOCITY_BURST_KICK | 422
STAT-02122 | -0.7391 | -0.0000 | 53.9900 | LOCAL_MINIMA_BOTTLENECK_HAZARD | TRIGGER_DYNAMIC_VELOCITY_BURST_KICK | 422
STAT-02123 | -0.7391 | 0.0000 | 82.2560 | LOCAL_MINIMA_BOTTLENECK_HAZARD | TRIGGER_DYNAMIC_VELOCITY_BURST_KICK | 422
STAT-02124 | -0.7391 | 0.0000 | 0.9360 | CONVERGING_GLOBAL_MINIMA_TARGET | COMMIT_OPTIMIZED_MATRIX_WEIGHT_STEP | 200
STAT-02125 | -0.7391 | 0.0000 | 76.5290 | LOCAL_MINIMA_BOTTLENECK_HAZARD | TRIGGER_DYNAMIC_VELOCITY_BURST_KICK | 422
STAT-02126 | -0.7391 | 0.0000 | 8.0240 | LOCAL_MINIMA_BOTTLENECK_HAZARD | TRIGGER_DYNAMIC_VELOCITY_BURST_KICK | 422
STAT-02127 | -0.7391 | 0.0000 | 4.6950 | CONVERGING_GLOBAL_MINIMA_TARGET | COMMIT_OPTIMIZED_MATRIX_WEIGHT_STEP | 200
STAT-02128 | -0.7391 | -0.0000 | 30.8800 | LOCAL_MINIMA_BOTTLENECK_HAZARD | TRIGGER_DYNAMIC_VELOCITY_BURST_KICK | 422
STAT-02129 | -0.7391 | -0.0000 | 22.3390 | LOCAL_MINIMA_BOTTLENECK_HAZARD | TRIGGER_DYNAMIC_VELOCITY_BURST_KICK | 422
STAT-02130 | -0.7391 | -0.0000 | 40.6640 | LOCAL_MINIMA_BOTTLENECK_HAZARD | TRIGGER_DYNAMIC_VELOCITY_BURST_KICK | 422
STAT-02131 | -0.7391 | -0.0000 | 14.6160 | LOCAL_MINIMA_BOTTLENECK_HAZARD | TRIGGER_DYNAMIC_VELOCITY_BURST_KICK | 422
STAT-02132 | -0.7391 | -0.0000 | 26.7020 | LOCAL_MINIMA_BOTTLENECK_HAZARD | TRIGGER_DYNAMIC_VELOCITY_BURST_KICK | 422
STAT-02133 | -0.7391 | 0.0000 | 48.5210 | LOCAL_MINIMA_BOTTLENECK_HAZARD | TRIGGER_DYNAMIC_VELOCITY_BURST_KICK | 422
STAT-02134 | -0.7391 | 0.0000 | 71.7290 | LOCAL_MINIMA_BOTTLENECK_HAZARD | TRIGGER_DYNAMIC_VELOCITY_BURST_KICK | 422
STAT-02135 | -0.7391 | 0.0000 | 70.5390 | LOCAL_MINIMA_BOTTLENECK_HAZARD | TRIGGER_DYNAMIC_VELOCITY_BURST_KICK | 422
STAT-02136 | -0.7391 | 0.0000 | 19.7070 | LOCAL_MINIMA_BOTTLENECK_HAZARD | TRIGGER_DYNAMIC_VELOCITY_BURST_KICK | 422
STAT-02137 | -0.7391 | 0.0000 | 22.3210 | LOCAL_MINIMA_BOTTLENECK_HAZARD | TRIGGER_DYNAMIC_VELOCITY_BURST_KICK | 422
STAT-02138 | -0.7391 | -0.0000 | 57.7730 | LOCAL_MINIMA_BOTTLENECK_HAZARD | TRIGGER_DYNAMIC_VELOCITY_BURST_KICK | 422
STAT-02139 | -0.7391 | -0.0000 | 20.8440 | LOCAL_MINIMA_BOTTLENECK_HAZARD | TRIGGER_DYNAMIC_VELOCITY_BURST_KICK | 422
STAT-02140 | -0.7391 | -0.0000 | 70.4190 | LOCAL_MINIMA_BOTTLENECK_HAZARD | TRIGGER_DYNAMIC_VELOCITY_BURST_KICK | 422
STAT-02141 | -0.7391 | -0.0000 | 11.9520 | LOCAL_MINIMA_BOTTLENECK_HAZARD | TRIGGER_DYNAMIC_VELOCITY_BURST_KICK | 422
STAT-02142 | -0.7391 | -0.0000 | 42.0210 | LOCAL_MINIMA_BOTTLENECK_HAZARD | TRIGGER_DYNAMIC_VELOCITY_BURST_KICK | 422
STAT-02143 | -0.7391 | 0.0000 | 7.7310 | LOCAL_MINIMA_BOTTLENECK_HAZARD | TRIGGER_DYNAMIC_VELOCITY_BURST_KICK | 422
STAT-02144 | -0.7391 | 0.0000 | 26.7840 | LOCAL_MINIMA_BOTTLENECK_HAZARD | TRIGGER_DYNAMIC_VELOCITY_BURST_KICK | 422
STAT-02145 | -0.7391 | 0.0000 | 3.4500 | CONVERGING_GLOBAL_MINIMA_TARGET | COMMIT_OPTIMIZED_MATRIX_WEIGHT_STEP | 200
STAT-02146 | -0.7391 | 0.0000 | 54.1810 | LOCAL_MINIMA_BOTTLENECK_HAZARD | TRIGGER_DYNAMIC_VELOCITY_BURST_KICK | 422
STAT-02147 | -0.7391 | 0.0000 | 7.3820 | LOCAL_MINIMA_BOTTLENECK_HAZARD | TRIGGER_DYNAMIC_VELOCITY_BURST_KICK | 422
STAT-02148 | -0.7391 | -0.0000 | 51.1330 | LOCAL_MINIMA_BOTTLENECK_HAZARD | TRIGGER_DYNAMIC_VELOCITY_BURST_KICK | 422
STAT-02149 | -0.7391 | -0.0000 | 5.4360 | LOCAL_MINIMA_BOTTLENECK_HAZARD | TRIGGER_DYNAMIC_VELOCITY_BURST_KICK | 422
STAT-02150 | -0.7391 | -0.0000 | 52.5780 | LOCAL_MINIMA_BOTTLENECK_HAZARD | TRIGGER_DYNAMIC_VELOCITY_BURST_KICK | 422
STAT-02151 | -0.7391 | -0.0000 | 14.6680 | LOCAL_MINIMA_BOTTLENECK_HAZARD | TRIGGER_DYNAMIC_VELOCITY_BURST_KICK | 422
STAT-02152 | -0.7391 | -0.0000 | 37.7900 | LOCAL_MINIMA_BOTTLENECK_HAZARD | TRIGGER_DYNAMIC_VELOCITY_BURST_KICK | 422
STAT-02153 | -0.7391 | 0.0000 | 54.5310 | LOCAL_MINIMA_BOTTLENECK_HAZARD | TRIGGER_DYNAMIC_VELOCITY_BURST_KICK | 422
STAT-02154 | -0.7391 | 0.0000 | 31.5650 | LOCAL_MINIMA_BOTTLENECK_HAZARD | TRIGGER_DYNAMIC_VELOCITY_BURST_KICK | 422
STAT-02155 | -0.7391 | 0.0000 | 25.0580 | LOCAL_MINIMA_BOTTLENECK_HAZARD | TRIGGER_DYNAMIC_VELOCITY_BURST_KICK | 422
STAT-02156 | -0.7391 | 0.0000 | 20.7740 | LOCAL_MINIMA_BOTTLENECK_HAZARD | TRIGGER_DYNAMIC_VELOCITY_BURST_KICK | 422
STAT-02157 | -0.7391 | 0.0000 | 42.4020 | LOCAL_MINIMA_BOTTLENECK_HAZARD | TRIGGER_DYNAMIC_VELOCITY_BURST_KICK | 422
STAT-02158 | -0.7391 | -0.0000 | 24.4690 | LOCAL_MINIMA_BOTTLENECK_HAZARD | TRIGGER_DYNAMIC_VELOCITY_BURST_KICK | 422
STAT-02159 | -0.7391 | -0.0000 | 0.8320 | CONVERGING_GLOBAL_MINIMA_TARGET | COMMIT_OPTIMIZED_MATRIX_WEIGHT_STEP | 200
STAT-02160 | -0.7391 | -0.0000 | 30.1940 | LOCAL_MINIMA_BOTTLENECK_HAZARD | TRIGGER_DYNAMIC_VELOCITY_BURST_KICK | 422
STAT-02161 | -0.7391 | -0.0000 | 7.3290 | LOCAL_MINIMA_BOTTLENECK_HAZARD | TRIGGER_DYNAMIC_VELOCITY_BURST_KICK | 422
STAT-02162 | -0.7391 | -0.0000 | 65.6600 | LOCAL_MINIMA_BOTTLENECK_HAZARD | TRIGGER_DYNAMIC_VELOCITY_BURST_KICK | 422
STAT-02163 | -0.7391 | 0.0000 | 12.0240 | LOCAL_MINIMA_BOTTLENECK_HAZARD | TRIGGER_DYNAMIC_VELOCITY_BURST_KICK | 422
STAT-02164 | -0.7391 | 0.0000 | 11.9740 | LOCAL_MINIMA_BOTTLENECK_HAZARD | TRIGGER_DYNAMIC_VELOCITY_BURST_KICK | 422
STAT-02165 | -0.7391 | 0.0000 | 38.2300 | LOCAL_MINIMA_BOTTLENECK_HAZARD | TRIGGER_DYNAMIC_VELOCITY_BURST_KICK | 422
STAT-02166 | -0.7391 | 0.0000 | 93.3930 | LOCAL_MINIMA_BOTTLENECK_HAZARD | TRIGGER_DYNAMIC_VELOCITY_BURST_KICK | 422
STAT-02167 | -0.7391 | 0.0000 | 26.0720 | LOCAL_MINIMA_BOTTLENECK_HAZARD | TRIGGER_DYNAMIC_VELOCITY_BURST_KICK | 422
STAT-02168 | -0.7391 | -0.0000 | 54.0690 | LOCAL_MINIMA_BOTTLENECK_HAZARD | TRIGGER_DYNAMIC_VELOCITY_BURST_KICK | 422
STAT-02169 | -0.7391 | -0.0000 | 28.8130 | LOCAL_MINIMA_BOTTLENECK_HAZARD | TRIGGER_DYNAMIC_VELOCITY_BURST_KICK | 422
STAT-02170 | -0.7391 | -0.0000 | 27.3770 | LOCAL_MINIMA_BOTTLENECK_HAZARD | TRIGGER_DYNAMIC_VELOCITY_BURST_KICK | 422
STAT-02171 | -0.7391 | -0.0000 | 7.5570 | LOCAL_MINIMA_BOTTLENECK_HAZARD | TRIGGER_DYNAMIC_VELOCITY_BURST_KICK | 422
STAT-02172 | -0.7391 | -0.0000 | 21.8290 | LOCAL_MINIMA_BOTTLENECK_HAZARD | TRIGGER_DYNAMIC_VELOCITY_BURST_KICK | 422
STAT-02173 | -0.7391 | 0.0000 | 80.0340 | LOCAL_MINIMA_BOTTLENECK_HAZARD | TRIGGER_DYNAMIC_VELOCITY_BURST_KICK | 422
STAT-02174 | -0.7391 | 0.0000 | 78.6720 | LOCAL_MINIMA_BOTTLENECK_HAZARD | TRIGGER_DYNAMIC_VELOCITY_BURST_KICK | 422
STAT-02175 | -0.7391 | 0.0000 | 7.8540 | LOCAL_MINIMA_BOTTLENECK_HAZARD | TRIGGER_DYNAMIC_VELOCITY_BURST_KICK | 422
STAT-02176 | -0.7391 | 0.0000 | 42.5160 | LOCAL_MINIMA_BOTTLENECK_HAZARD | TRIGGER_DYNAMIC_VELOCITY_BURST_KICK | 422
STAT-02177 | -0.7391 | 0.0000 | 50.9850 | LOCAL_MINIMA_BOTTLENECK_HAZARD | TRIGGER_DYNAMIC_VELOCITY_BURST_KICK | 422
STAT-02178 | -0.7391 | -0.0000 | 52.5570 | LOCAL_MINIMA_BOTTLENECK_HAZARD | TRIGGER_DYNAMIC_VELOCITY_BURST_KICK | 422
STAT-02179 | -0.7391 | -0.0000 | 5.6860 | LOCAL_MINIMA_BOTTLENECK_HAZARD | TRIGGER_DYNAMIC_VELOCITY_BURST_KICK | 422
STAT-02180 | -0.7391 | -0.0000 | 52.5760 | LOCAL_MINIMA_BOTTLENECK_HAZARD | TRIGGER_DYNAMIC_VELOCITY_BURST_KICK | 422
STAT-02181 | -0.7391 | -0.0000 | 7.2030 | LOCAL_MINIMA_BOTTLENECK_HAZARD | TRIGGER_DYNAMIC_VELOCITY_BURST_KICK | 422
STAT-02182 | -0.7391 | -0.0000 | 42.7480 | LOCAL_MINIMA_BOTTLENECK_HAZARD | TRIGGER_DYNAMIC_VELOCITY_BURST_KICK | 422
STAT-02183 | -0.7391 | 0.0000 | 61.6480 | LOCAL_MINIMA_BOTTLENECK_HAZARD | TRIGGER_DYNAMIC_VELOCITY_BURST_KICK | 422
STAT-02184 | -0.7391 | 0.0000 | 61.5210 | LOCAL_MINIMA_BOTTLENECK_HAZARD | TRIGGER_DYNAMIC_VELOCITY_BURST_KICK | 422
STAT-02185 | -0.7391 | 0.0000 | 19.9490 | LOCAL_MINIMA_BOTTLENECK_HAZARD | TRIGGER_DYNAMIC_VELOCITY_BURST_KICK | 422
STAT-02186 | -0.7391 | 0.0000 | 80.2830 | LOCAL_MINIMA_BOTTLENECK_HAZARD | TRIGGER_DYNAMIC_VELOCITY_BURST_KICK | 422
STAT-02187 | -0.7391 | 0.0000 | 25.0240 | LOCAL_MINIMA_BOTTLENECK_HAZARD | TRIGGER_DYNAMIC_VELOCITY_BURST_KICK | 422
STAT-02188 | -0.7391 | -0.0000 | 13.6500 | LOCAL_MINIMA_BOTTLENECK_HAZARD | TRIGGER_DYNAMIC_VELOCITY_BURST_KICK | 422
STAT-02189 | -0.7391 | -0.0000 | 66.6860 | LOCAL_MINIMA_BOTTLENECK_HAZARD | TRIGGER_DYNAMIC_VELOCITY_BURST_KICK | 422
STAT-02190 | -0.7391 | -0.0000 | 17.0750 | LOCAL_MINIMA_BOTTLENECK_HAZARD | TRIGGER_DYNAMIC_VELOCITY_BURST_KICK | 422
STAT-02191 | -0.7391 | -0.0000 | 15.3590 | LOCAL_MINIMA_BOTTLENECK_HAZARD | TRIGGER_DYNAMIC_VELOCITY_BURST_KICK | 422
STAT-02192 | -0.7391 | -0.0000 | 29.8000 | LOCAL_MINIMA_BOTTLENECK_HAZARD | TRIGGER_DYNAMIC_VELOCITY_BURST_KICK | 422
STAT-02193 | -0.7391 | 0.0000 | 22.0680 | LOCAL_MINIMA_BOTTLENECK_HAZARD | TRIGGER_DYNAMIC_VELOCITY_BURST_KICK | 422
STAT-02194 | -0.7391 | 0.0000 | 55.3600 | LOCAL_MINIMA_BOTTLENECK_HAZARD | TRIGGER_DYNAMIC_VELOCITY_BURST_KICK | 422
STAT-02195 | -0.7391 | 0.0000 | 40.7500 | LOCAL_MINIMA_BOTTLENECK_HAZARD | TRIGGER_DYNAMIC_VELOCITY_BURST_KICK | 422
STAT-02196 | -0.7391 | 0.0000 | 28.1540 | LOCAL_MINIMA_BOTTLENECK_HAZARD | TRIGGER_DYNAMIC_VELOCITY_BURST_KICK | 422
STAT-02197 | -0.7391 | 0.0000 | 18.5580 | LOCAL_MINIMA_BOTTLENECK_HAZARD | TRIGGER_DYNAMIC_VELOCITY_BURST_KICK | 422
STAT-02198 | -0.7391 | -0.0000 | 70.9680 | LOCAL_MINIMA_BOTTLENECK_HAZARD | TRIGGER_DYNAMIC_VELOCITY_BURST_KICK | 422
STAT-02199 | -0.7391 | -0.0000 | 4.8290 | CONVERGING_GLOBAL_MINIMA_TARGET | COMMIT_OPTIMIZED_MATRIX_WEIGHT_STEP | 200
STAT-02200 | -0.7391 | -0.0000 | 17.8690 | LOCAL_MINIMA_BOTTLENECK_HAZARD | TRIGGER_DYNAMIC_VELOCITY_BURST_KICK | 422
STAT-02201 | -0.7391 | -0.0000 | 35.8740 | LOCAL_MINIMA_BOTTLENECK_HAZARD | TRIGGER_DYNAMIC_VELOCITY_BURST_KICK | 422
STAT-02202 | -0.7391 | -0.0000 | 86.0810 | LOCAL_MINIMA_BOTTLENECK_HAZARD | TRIGGER_DYNAMIC_VELOCITY_BURST_KICK | 422
STAT-02203 | -0.7391 | 0.0000 | 7.7570 | LOCAL_MINIMA_BOTTLENECK_HAZARD | TRIGGER_DYNAMIC_VELOCITY_BURST_KICK | 422
STAT-02204 | -0.7391 | 0.0000 | 35.1010 | LOCAL_MINIMA_BOTTLENECK_HAZARD | TRIGGER_DYNAMIC_VELOCITY_BURST_KICK | 422
STAT-02205 | -0.7391 | 0.0000 | 75.5020 | LOCAL_MINIMA_BOTTLENECK_HAZARD | TRIGGER_DYNAMIC_VELOCITY_BURST_KICK | 422
STAT-02206 | -0.7391 | 0.0000 | 21.9940 | LOCAL_MINIMA_BOTTLENECK_HAZARD | TRIGGER_DYNAMIC_VELOCITY_BURST_KICK | 422
STAT-02207 | -0.7391 | 0.0000 | 34.3620 | LOCAL_MINIMA_BOTTLENECK_HAZARD | TRIGGER_DYNAMIC_VELOCITY_BURST_KICK | 422
STAT-02208 | -0.7391 | -0.0000 | 13.5990 | LOCAL_MINIMA_BOTTLENECK_HAZARD | TRIGGER_DYNAMIC_VELOCITY_BURST_KICK | 422
STAT-02209 | -0.7391 | -0.0000 | 47.3570 | LOCAL_MINIMA_BOTTLENECK_HAZARD | TRIGGER_DYNAMIC_VELOCITY_BURST_KICK | 422
STAT-02210 | -0.7391 | -0.0000 | 50.3940 | LOCAL_MINIMA_BOTTLENECK_HAZARD | TRIGGER_DYNAMIC_VELOCITY_BURST_KICK | 422
STAT-02211 | -0.7391 | -0.0000 | 67.7630 | LOCAL_MINIMA_BOTTLENECK_HAZARD | TRIGGER_DYNAMIC_VELOCITY_BURST_KICK | 422
STAT-02212 | -0.7391 | -0.0000 | 34.1300 | LOCAL_MINIMA_BOTTLENECK_HAZARD | TRIGGER_DYNAMIC_VELOCITY_BURST_KICK | 422
STAT-02213 | -0.7391 | 0.0000 | 31.8650 | LOCAL_MINIMA_BOTTLENECK_HAZARD | TRIGGER_DYNAMIC_VELOCITY_BURST_KICK | 422
STAT-02214 | -0.7391 | 0.0000 | 44.1200 | LOCAL_MINIMA_BOTTLENECK_HAZARD | TRIGGER_DYNAMIC_VELOCITY_BURST_KICK | 422
STAT-02215 | -0.7391 | 0.0000 | 9.1530 | LOCAL_MINIMA_BOTTLENECK_HAZARD | TRIGGER_DYNAMIC_VELOCITY_BURST_KICK | 422
STAT-02216 | -0.7391 | 0.0000 | 7.7040 | LOCAL_MINIMA_BOTTLENECK_HAZARD | TRIGGER_DYNAMIC_VELOCITY_BURST_KICK | 422
STAT-02217 | -0.7391 | 0.0000 | 12.1310 | LOCAL_MINIMA_BOTTLENECK_HAZARD | TRIGGER_DYNAMIC_VELOCITY_BURST_KICK | 422
STAT-02218 | -0.7391 | -0.0000 | 24.7800 | LOCAL_MINIMA_BOTTLENECK_HAZARD | TRIGGER_DYNAMIC_VELOCITY_BURST_KICK | 422
STAT-02219 | -0.7391 | -0.0000 | 37.1780 | LOCAL_MINIMA_BOTTLENECK_HAZARD | TRIGGER_DYNAMIC_VELOCITY_BURST_KICK | 422
STAT-02220 | -0.7391 | -0.0000 | 74.4920 | LOCAL_MINIMA_BOTTLENECK_HAZARD | TRIGGER_DYNAMIC_VELOCITY_BURST_KICK | 422
STAT-02221 | -0.7391 | -0.0000 | 15.4810 | LOCAL_MINIMA_BOTTLENECK_HAZARD | TRIGGER_DYNAMIC_VELOCITY_BURST_KICK | 422
STAT-02222 | -0.7391 | -0.0000 | 1.5960 | CONVERGING_GLOBAL_MINIMA_TARGET | COMMIT_OPTIMIZED_MATRIX_WEIGHT_STEP | 200
STAT-02223 | -0.7391 | 0.0000 | 48.1100 | LOCAL_MINIMA_BOTTLENECK_HAZARD | TRIGGER_DYNAMIC_VELOCITY_BURST_KICK | 422
STAT-02224 | -0.7391 | 0.0000 | 12.7850 | LOCAL_MINIMA_BOTTLENECK_HAZARD | TRIGGER_DYNAMIC_VELOCITY_BURST_KICK | 422
STAT-02225 | -0.7391 | 0.0000 | 28.6900 | LOCAL_MINIMA_BOTTLENECK_HAZARD | TRIGGER_DYNAMIC_VELOCITY_BURST_KICK | 422
STAT-02226 | -0.7391 | 0.0000 | 60.7460 | LOCAL_MINIMA_BOTTLENECK_HAZARD | TRIGGER_DYNAMIC_VELOCITY_BURST_KICK | 422
STAT-02227 | -0.7391 | 0.0000 | 6.9360 | LOCAL_MINIMA_BOTTLENECK_HAZARD | TRIGGER_DYNAMIC_VELOCITY_BURST_KICK | 422
STAT-02228 | -0.7391 | -0.0000 | 44.8610 | LOCAL_MINIMA_BOTTLENECK_HAZARD | TRIGGER_DYNAMIC_VELOCITY_BURST_KICK | 422
STAT-02229 | -0.7391 | -0.0000 | 43.5470 | LOCAL_MINIMA_BOTTLENECK_HAZARD | TRIGGER_DYNAMIC_VELOCITY_BURST_KICK | 422
STAT-02230 | -0.7391 | -0.0000 | 6.7750 | LOCAL_MINIMA_BOTTLENECK_HAZARD | TRIGGER_DYNAMIC_VELOCITY_BURST_KICK | 422
STAT-02231 | -0.7391 | -0.0000 | 15.0070 | LOCAL_MINIMA_BOTTLENECK_HAZARD | TRIGGER_DYNAMIC_VELOCITY_BURST_KICK | 422
STAT-02232 | -0.7391 | -0.0000 | 24.3570 | LOCAL_MINIMA_BOTTLENECK_HAZARD | TRIGGER_DYNAMIC_VELOCITY_BURST_KICK | 422
STAT-02233 | -0.7391 | 0.0000 | 29.9240 | LOCAL_MINIMA_BOTTLENECK_HAZARD | TRIGGER_DYNAMIC_VELOCITY_BURST_KICK | 422
STAT-02234 | -0.7391 | 0.0000 | 15.4030 | LOCAL_MINIMA_BOTTLENECK_HAZARD | TRIGGER_DYNAMIC_VELOCITY_BURST_KICK | 422
STAT-02235 | -0.7391 | 0.0000 | 5.3200 | LOCAL_MINIMA_BOTTLENECK_HAZARD | TRIGGER_DYNAMIC_VELOCITY_BURST_KICK | 422
STAT-02236 | -0.7391 | 0.0000 | 74.7830 | LOCAL_MINIMA_BOTTLENECK_HAZARD | TRIGGER_DYNAMIC_VELOCITY_BURST_KICK | 422
STAT-02237 | -0.7391 | 0.0000 | 27.6670 | LOCAL_MINIMA_BOTTLENECK_HAZARD | TRIGGER_DYNAMIC_VELOCITY_BURST_KICK | 422
STAT-02238 | -0.7391 | -0.0000 | 18.9250 | LOCAL_MINIMA_BOTTLENECK_HAZARD | TRIGGER_DYNAMIC_VELOCITY_BURST_KICK | 422
STAT-02239 | -0.7391 | -0.0000 | 81.7480 | LOCAL_MINIMA_BOTTLENECK_HAZARD | TRIGGER_DYNAMIC_VELOCITY_BURST_KICK | 422
STAT-02240 | -0.7391 | -0.0000 | 12.5120 | LOCAL_MINIMA_BOTTLENECK_HAZARD | TRIGGER_DYNAMIC_VELOCITY_BURST_KICK | 422
STAT-02241 | -0.7391 | -0.0000 | 79.3060 | LOCAL_MINIMA_BOTTLENECK_HAZARD | TRIGGER_DYNAMIC_VELOCITY_BURST_KICK | 422
STAT-02242 | -0.7391 | -0.0000 | 26.3230 | LOCAL_MINIMA_BOTTLENECK_HAZARD | TRIGGER_DYNAMIC_VELOCITY_BURST_KICK | 422
STAT-02243 | -0.7391 | 0.0000 | 3.6350 | CONVERGING_GLOBAL_MINIMA_TARGET | COMMIT_OPTIMIZED_MATRIX_WEIGHT_STEP | 200
STAT-02244 | -0.7391 | 0.0000 | 76.8890 | LOCAL_MINIMA_BOTTLENECK_HAZARD | TRIGGER_DYNAMIC_VELOCITY_BURST_KICK | 422
STAT-02245 | -0.7391 | 0.0000 | 28.2310 | LOCAL_MINIMA_BOTTLENECK_HAZARD | TRIGGER_DYNAMIC_VELOCITY_BURST_KICK | 422
STAT-02246 | -0.7391 | 0.0000 | 3.6590 | CONVERGING_GLOBAL_MINIMA_TARGET | COMMIT_OPTIMIZED_MATRIX_WEIGHT_STEP | 200
STAT-02247 | -0.7391 | 0.0000 | 45.3740 | LOCAL_MINIMA_BOTTLENECK_HAZARD | TRIGGER_DYNAMIC_VELOCITY_BURST_KICK | 422
STAT-02248 | -0.7391 | -0.0000 | 50.9350 | LOCAL_MINIMA_BOTTLENECK_HAZARD | TRIGGER_DYNAMIC_VELOCITY_BURST_KICK | 422
STAT-02249 | -0.7391 | -0.0000 | 3.1990 | CONVERGING_GLOBAL_MINIMA_TARGET | COMMIT_OPTIMIZED_MATRIX_WEIGHT_STEP | 200
STAT-02250 | -0.7391 | -0.0000 | 17.7310 | LOCAL_MINIMA_BOTTLENECK_HAZARD | TRIGGER_DYNAMIC_VELOCITY_BURST_KICK | 422
STAT-02251 | -0.7391 | -0.0000 | 21.7180 | LOCAL_MINIMA_BOTTLENECK_HAZARD | TRIGGER_DYNAMIC_VELOCITY_BURST_KICK | 422
STAT-02252 | -0.7391 | -0.0000 | 82.6630 | LOCAL_MINIMA_BOTTLENECK_HAZARD | TRIGGER_DYNAMIC_VELOCITY_BURST_KICK | 422
STAT-02253 | -0.7391 | 0.0000 | 13.9240 | LOCAL_MINIMA_BOTTLENECK_HAZARD | TRIGGER_DYNAMIC_VELOCITY_BURST_KICK | 422
STAT-02254 | -0.7391 | 0.0000 | 63.6340 | LOCAL_MINIMA_BOTTLENECK_HAZARD | TRIGGER_DYNAMIC_VELOCITY_BURST_KICK | 422
STAT-02255 | -0.7391 | 0.0000 | 55.0510 | LOCAL_MINIMA_BOTTLENECK_HAZARD | TRIGGER_DYNAMIC_VELOCITY_BURST_KICK | 422
STAT-02256 | -0.7391 | 0.0000 | 3.7660 | CONVERGING_GLOBAL_MINIMA_TARGET | COMMIT_OPTIMIZED_MATRIX_WEIGHT_STEP | 200
STAT-02257 | -0.7391 | 0.0000 | 56.4770 | LOCAL_MINIMA_BOTTLENECK_HAZARD | TRIGGER_DYNAMIC_VELOCITY_BURST_KICK | 422
STAT-02258 | -0.7391 | -0.0000 | 0.8710 | CONVERGING_GLOBAL_MINIMA_TARGET | COMMIT_OPTIMIZED_MATRIX_WEIGHT_STEP | 200
STAT-02259 | -0.7391 | -0.0000 | 5.1980 | LOCAL_MINIMA_BOTTLENECK_HAZARD | TRIGGER_DYNAMIC_VELOCITY_BURST_KICK | 422
STAT-02260 | -0.7391 | -0.0000 | 45.4970 | LOCAL_MINIMA_BOTTLENECK_HAZARD | TRIGGER_DYNAMIC_VELOCITY_BURST_KICK | 422
STAT-02261 | -0.7391 | -0.0000 | 34.2900 | LOCAL_MINIMA_BOTTLENECK_HAZARD | TRIGGER_DYNAMIC_VELOCITY_BURST_KICK | 422
STAT-02262 | -0.7391 | -0.0000 | 32.6600 | LOCAL_MINIMA_BOTTLENECK_HAZARD | TRIGGER_DYNAMIC_VELOCITY_BURST_KICK | 422
STAT-02263 | -0.7391 | 0.0000 | 15.7080 | LOCAL_MINIMA_BOTTLENECK_HAZARD | TRIGGER_DYNAMIC_VELOCITY_BURST_KICK | 422
STAT-02264 | -0.7391 | 0.0000 | 60.7580 | LOCAL_MINIMA_BOTTLENECK_HAZARD | TRIGGER_DYNAMIC_VELOCITY_BURST_KICK | 422
STAT-02265 | -0.7391 | 0.0000 | 69.1340 | LOCAL_MINIMA_BOTTLENECK_HAZARD | TRIGGER_DYNAMIC_VELOCITY_BURST_KICK | 422
STAT-02266 | -0.7391 | 0.0000 | 4.2280 | CONVERGING_GLOBAL_MINIMA_TARGET | COMMIT_OPTIMIZED_MATRIX_WEIGHT_STEP | 200
STAT-02267 | -0.7391 | 0.0000 | 13.9700 | LOCAL_MINIMA_BOTTLENECK_HAZARD | TRIGGER_DYNAMIC_VELOCITY_BURST_KICK | 422
STAT-02268 | -0.7391 | -0.0000 | 7.1000 | LOCAL_MINIMA_BOTTLENECK_HAZARD | TRIGGER_DYNAMIC_VELOCITY_BURST_KICK | 422
STAT-02269 | -0.7391 | -0.0000 | 47.4000 | LOCAL_MINIMA_BOTTLENECK_HAZARD | TRIGGER_DYNAMIC_VELOCITY_BURST_KICK | 422
STAT-02270 | -0.7391 | -0.0000 | 11.2550 | LOCAL_MINIMA_BOTTLENECK_HAZARD | TRIGGER_DYNAMIC_VELOCITY_BURST_KICK | 422
STAT-02271 | -0.7391 | -0.0000 | 43.7030 | LOCAL_MINIMA_BOTTLENECK_HAZARD | TRIGGER_DYNAMIC_VELOCITY_BURST_KICK | 422
STAT-02272 | -0.7391 | -0.0000 | 44.8370 | LOCAL_MINIMA_BOTTLENECK_HAZARD | TRIGGER_DYNAMIC_VELOCITY_BURST_KICK | 422
STAT-02273 | -0.7391 | 0.0000 | 13.5350 | LOCAL_MINIMA_BOTTLENECK_HAZARD | TRIGGER_DYNAMIC_VELOCITY_BURST_KICK | 422
STAT-02274 | -0.7391 | 0.0000 | 25.1520 | LOCAL_MINIMA_BOTTLENECK_HAZARD | TRIGGER_DYNAMIC_VELOCITY_BURST_KICK | 422
STAT-02275 | -0.7391 | 0.0000 | 20.2650 | LOCAL_MINIMA_BOTTLENECK_HAZARD | TRIGGER_DYNAMIC_VELOCITY_BURST_KICK | 422
STAT-02276 | -0.7391 | 0.0000 | 23.2250 | LOCAL_MINIMA_BOTTLENECK_HAZARD | TRIGGER_DYNAMIC_VELOCITY_BURST_KICK | 422
STAT-02277 | -0.7391 | 0.0000 | 39.5660 | LOCAL_MINIMA_BOTTLENECK_HAZARD | TRIGGER_DYNAMIC_VELOCITY_BURST_KICK | 422
STAT-02278 | -0.7391 | -0.0000 | 9.9080 | LOCAL_MINIMA_BOTTLENECK_HAZARD | TRIGGER_DYNAMIC_VELOCITY_BURST_KICK | 422
STAT-02279 | -0.7391 | -0.0000 | 60.2050 | LOCAL_MINIMA_BOTTLENECK_HAZARD | TRIGGER_DYNAMIC_VELOCITY_BURST_KICK | 422
STAT-02280 | -0.7391 | -0.0000 | 26.6210 | LOCAL_MINIMA_BOTTLENECK_HAZARD | TRIGGER_DYNAMIC_VELOCITY_BURST_KICK | 422
STAT-02281 | -0.7391 | -0.0000 | 78.5370 | LOCAL_MINIMA_BOTTLENECK_HAZARD | TRIGGER_DYNAMIC_VELOCITY_BURST_KICK | 422
STAT-02282 | -0.7391 | -0.0000 | 1.1980 | CONVERGING_GLOBAL_MINIMA_TARGET | COMMIT_OPTIMIZED_MATRIX_WEIGHT_STEP | 200
STAT-02283 | -0.7391 | 0.0000 | 32.1450 | LOCAL_MINIMA_BOTTLENECK_HAZARD | TRIGGER_DYNAMIC_VELOCITY_BURST_KICK | 422
STAT-02284 | -0.7391 | 0.0000 | 66.1280 | LOCAL_MINIMA_BOTTLENECK_HAZARD | TRIGGER_DYNAMIC_VELOCITY_BURST_KICK | 422
STAT-02285 | -0.7391 | 0.0000 | 15.0290 | LOCAL_MINIMA_BOTTLENECK_HAZARD | TRIGGER_DYNAMIC_VELOCITY_BURST_KICK | 422
STAT-02286 | -0.7391 | 0.0000 | 19.3360 | LOCAL_MINIMA_BOTTLENECK_HAZARD | TRIGGER_DYNAMIC_VELOCITY_BURST_KICK | 422
STAT-02287 | -0.7391 | 0.0000 | 93.6250 | LOCAL_MINIMA_BOTTLENECK_HAZARD | TRIGGER_DYNAMIC_VELOCITY_BURST_KICK | 422
STAT-02288 | -0.7391 | -0.0000 | 64.7980 | LOCAL_MINIMA_BOTTLENECK_HAZARD | TRIGGER_DYNAMIC_VELOCITY_BURST_KICK | 422
STAT-02289 | -0.7391 | -0.0000 | 50.8790 | LOCAL_MINIMA_BOTTLENECK_HAZARD | TRIGGER_DYNAMIC_VELOCITY_BURST_KICK | 422
STAT-02290 | -0.7391 | -0.0000 | 23.9260 | LOCAL_MINIMA_BOTTLENECK_HAZARD | TRIGGER_DYNAMIC_VELOCITY_BURST_KICK | 422
STAT-02291 | -0.7391 | -0.0000 | 15.0030 | LOCAL_MINIMA_BOTTLENECK_HAZARD | TRIGGER_DYNAMIC_VELOCITY_BURST_KICK | 422
STAT-02292 | -0.7391 | -0.0000 | 37.1520 | LOCAL_MINIMA_BOTTLENECK_HAZARD | TRIGGER_DYNAMIC_VELOCITY_BURST_KICK | 422
STAT-02293 | -0.7391 | 0.0000 | 73.6560 | LOCAL_MINIMA_BOTTLENECK_HAZARD | TRIGGER_DYNAMIC_VELOCITY_BURST_KICK | 422
STAT-02294 | -0.7391 | 0.0000 | 69.6400 | LOCAL_MINIMA_BOTTLENECK_HAZARD | TRIGGER_DYNAMIC_VELOCITY_BURST_KICK | 422
STAT-02295 | -0.7391 | 0.0000 | 46.2160 | LOCAL_MINIMA_BOTTLENECK_HAZARD | TRIGGER_DYNAMIC_VELOCITY_BURST_KICK | 422
STAT-02296 | -0.7391 | 0.0000 | 62.8660 | LOCAL_MINIMA_BOTTLENECK_HAZARD | TRIGGER_DYNAMIC_VELOCITY_BURST_KICK | 422
STAT-02297 | -0.7391 | 0.0000 | 7.8090 | LOCAL_MINIMA_BOTTLENECK_HAZARD | TRIGGER_DYNAMIC_VELOCITY_BURST_KICK | 422
STAT-02298 | -0.7391 | -0.0000 | 26.7660 | LOCAL_MINIMA_BOTTLENECK_HAZARD | TRIGGER_DYNAMIC_VELOCITY_BURST_KICK | 422
STAT-02299 | -0.7391 | -0.0000 | 18.0820 | LOCAL_MINIMA_BOTTLENECK_HAZARD | TRIGGER_DYNAMIC_VELOCITY_BURST_KICK | 422
STAT-02300 | -0.7391 | -0.0000 | 70.1870 | LOCAL_MINIMA_BOTTLENECK_HAZARD | TRIGGER_DYNAMIC_VELOCITY_BURST_KICK | 422
STAT-02301 | -0.7391 | -0.0000 | 34.0990 | LOCAL_MINIMA_BOTTLENECK_HAZARD | TRIGGER_DYNAMIC_VELOCITY_BURST_KICK | 422
STAT-02302 | -0.7391 | -0.0000 | 72.9480 | LOCAL_MINIMA_BOTTLENECK_HAZARD | TRIGGER_DYNAMIC_VELOCITY_BURST_KICK | 422
STAT-02303 | -0.7391 | 0.0000 | 21.9770 | LOCAL_MINIMA_BOTTLENECK_HAZARD | TRIGGER_DYNAMIC_VELOCITY_BURST_KICK | 422
STAT-02304 | -0.7391 | 0.0000 | 53.3220 | LOCAL_MINIMA_BOTTLENECK_HAZARD | TRIGGER_DYNAMIC_VELOCITY_BURST_KICK | 422
STAT-02305 | -0.7391 | 0.0000 | 18.5640 | LOCAL_MINIMA_BOTTLENECK_HAZARD | TRIGGER_DYNAMIC_VELOCITY_BURST_KICK | 422
STAT-02306 | -0.7391 | 0.0000 | 0.1670 | CONVERGING_GLOBAL_MINIMA_TARGET | COMMIT_OPTIMIZED_MATRIX_WEIGHT_STEP | 200
STAT-02307 | -0.7391 | 0.0000 | 18.4920 | LOCAL_MINIMA_BOTTLENECK_HAZARD | TRIGGER_DYNAMIC_VELOCITY_BURST_KICK | 422
STAT-02308 | -0.7391 | -0.0000 | 6.2850 | LOCAL_MINIMA_BOTTLENECK_HAZARD | TRIGGER_DYNAMIC_VELOCITY_BURST_KICK | 422
STAT-02309 | -0.7391 | -0.0000 | 60.1450 | LOCAL_MINIMA_BOTTLENECK_HAZARD | TRIGGER_DYNAMIC_VELOCITY_BURST_KICK | 422
STAT-02310 | -0.7391 | -0.0000 | 50.9410 | LOCAL_MINIMA_BOTTLENECK_HAZARD | TRIGGER_DYNAMIC_VELOCITY_BURST_KICK | 422
STAT-02311 | -0.7391 | -0.0000 | 9.1130 | LOCAL_MINIMA_BOTTLENECK_HAZARD | TRIGGER_DYNAMIC_VELOCITY_BURST_KICK | 422
STAT-02312 | -0.7391 | -0.0000 | 17.5550 | LOCAL_MINIMA_BOTTLENECK_HAZARD | TRIGGER_DYNAMIC_VELOCITY_BURST_KICK | 422
STAT-02313 | -0.7391 | 0.0000 | 55.9340 | LOCAL_MINIMA_BOTTLENECK_HAZARD | TRIGGER_DYNAMIC_VELOCITY_BURST_KICK | 422
STAT-02314 | -0.7391 | 0.0000 | 68.4990 | LOCAL_MINIMA_BOTTLENECK_HAZARD | TRIGGER_DYNAMIC_VELOCITY_BURST_KICK | 422
STAT-02315 | -0.7391 | 0.0000 | 23.1720 | LOCAL_MINIMA_BOTTLENECK_HAZARD | TRIGGER_DYNAMIC_VELOCITY_BURST_KICK | 422
STAT-02316 | -0.7391 | 0.0000 | 15.9240 | LOCAL_MINIMA_BOTTLENECK_HAZARD | TRIGGER_DYNAMIC_VELOCITY_BURST_KICK | 422
STAT-02317 | -0.7391 | 0.0000 | 20.8630 | LOCAL_MINIMA_BOTTLENECK_HAZARD | TRIGGER_DYNAMIC_VELOCITY_BURST_KICK | 422
STAT-02318 | -0.7391 | -0.0000 | 64.7190 | LOCAL_MINIMA_BOTTLENECK_HAZARD | TRIGGER_DYNAMIC_VELOCITY_BURST_KICK | 422
STAT-02319 | -0.7391 | -0.0000 | 41.4510 | LOCAL_MINIMA_BOTTLENECK_HAZARD | TRIGGER_DYNAMIC_VELOCITY_BURST_KICK | 422
STAT-02320 | -0.7391 | -0.0000 | 2.6200 | CONVERGING_GLOBAL_MINIMA_TARGET | COMMIT_OPTIMIZED_MATRIX_WEIGHT_STEP | 200
STAT-02321 | -0.7391 | -0.0000 | 33.0390 | LOCAL_MINIMA_BOTTLENECK_HAZARD | TRIGGER_DYNAMIC_VELOCITY_BURST_KICK | 422
STAT-02322 | -0.7391 | -0.0000 | 19.1910 | LOCAL_MINIMA_BOTTLENECK_HAZARD | TRIGGER_DYNAMIC_VELOCITY_BURST_KICK | 422
STAT-02323 | -0.7391 | 0.0000 | 5.7710 | LOCAL_MINIMA_BOTTLENECK_HAZARD | TRIGGER_DYNAMIC_VELOCITY_BURST_KICK | 422
STAT-02324 | -0.7391 | 0.0000 | 77.6960 | LOCAL_MINIMA_BOTTLENECK_HAZARD | TRIGGER_DYNAMIC_VELOCITY_BURST_KICK | 422
STAT-02325 | -0.7391 | 0.0000 | 70.6160 | LOCAL_MINIMA_BOTTLENECK_HAZARD | TRIGGER_DYNAMIC_VELOCITY_BURST_KICK | 422
STAT-02326 | -0.7391 | 0.0000 | 21.9500 | LOCAL_MINIMA_BOTTLENECK_HAZARD | TRIGGER_DYNAMIC_VELOCITY_BURST_KICK | 422
STAT-02327 | -0.7391 | 0.0000 | 64.4400 | LOCAL_MINIMA_BOTTLENECK_HAZARD | TRIGGER_DYNAMIC_VELOCITY_BURST_KICK | 422
STAT-02328 | -0.7391 | -0.0000 | 59.9620 | LOCAL_MINIMA_BOTTLENECK_HAZARD | TRIGGER_DYNAMIC_VELOCITY_BURST_KICK | 422
STAT-02329 | -0.7391 | -0.0000 | 6.1360 | LOCAL_MINIMA_BOTTLENECK_HAZARD | TRIGGER_DYNAMIC_VELOCITY_BURST_KICK | 422
STAT-02330 | -0.7391 | -0.0000 | 23.2200 | LOCAL_MINIMA_BOTTLENECK_HAZARD | TRIGGER_DYNAMIC_VELOCITY_BURST_KICK | 422
STAT-02331 | -0.7391 | -0.0000 | 24.7560 | LOCAL_MINIMA_BOTTLENECK_HAZARD | TRIGGER_DYNAMIC_VELOCITY_BURST_KICK | 422
STAT-02332 | -0.7391 | -0.0000 | 29.8690 | LOCAL_MINIMA_BOTTLENECK_HAZARD | TRIGGER_DYNAMIC_VELOCITY_BURST_KICK | 422
STAT-02333 | -0.7391 | 0.0000 | 52.2280 | LOCAL_MINIMA_BOTTLENECK_HAZARD | TRIGGER_DYNAMIC_VELOCITY_BURST_KICK | 422
STAT-02334 | -0.7391 | 0.0000 | 14.6900 | LOCAL_MINIMA_BOTTLENECK_HAZARD | TRIGGER_DYNAMIC_VELOCITY_BURST_KICK | 422
STAT-02335 | -0.7391 | 0.0000 | 80.7130 | LOCAL_MINIMA_BOTTLENECK_HAZARD | TRIGGER_DYNAMIC_VELOCITY_BURST_KICK | 422
STAT-02336 | -0.7391 | 0.0000 | 61.8580 | LOCAL_MINIMA_BOTTLENECK_HAZARD | TRIGGER_DYNAMIC_VELOCITY_BURST_KICK | 422
STAT-02337 | -0.7391 | 0.0000 | 10.0430 | LOCAL_MINIMA_BOTTLENECK_HAZARD | TRIGGER_DYNAMIC_VELOCITY_BURST_KICK | 422
STAT-02338 | -0.7391 | -0.0000 | 1.5140 | CONVERGING_GLOBAL_MINIMA_TARGET | COMMIT_OPTIMIZED_MATRIX_WEIGHT_STEP | 200
STAT-02339 | -0.7391 | -0.0000 | 65.3990 | LOCAL_MINIMA_BOTTLENECK_HAZARD | TRIGGER_DYNAMIC_VELOCITY_BURST_KICK | 422
STAT-02340 | -0.7391 | -0.0000 | 73.8210 | LOCAL_MINIMA_BOTTLENECK_HAZARD | TRIGGER_DYNAMIC_VELOCITY_BURST_KICK | 422
STAT-02341 | -0.7391 | -0.0000 | 34.2040 | LOCAL_MINIMA_BOTTLENECK_HAZARD | TRIGGER_DYNAMIC_VELOCITY_BURST_KICK | 422
STAT-02342 | -0.7391 | -0.0000 | 79.6910 | LOCAL_MINIMA_BOTTLENECK_HAZARD | TRIGGER_DYNAMIC_VELOCITY_BURST_KICK | 422
STAT-02343 | -0.7391 | 0.0000 | 67.8760 | LOCAL_MINIMA_BOTTLENECK_HAZARD | TRIGGER_DYNAMIC_VELOCITY_BURST_KICK | 422
STAT-02344 | -0.7391 | 0.0000 | 39.8500 | LOCAL_MINIMA_BOTTLENECK_HAZARD | TRIGGER_DYNAMIC_VELOCITY_BURST_KICK | 422
STAT-02345 | -0.7391 | 0.0000 | 84.6000 | LOCAL_MINIMA_BOTTLENECK_HAZARD | TRIGGER_DYNAMIC_VELOCITY_BURST_KICK | 422
STAT-02346 | -0.7391 | 0.0000 | 6.9440 | LOCAL_MINIMA_BOTTLENECK_HAZARD | TRIGGER_DYNAMIC_VELOCITY_BURST_KICK | 422
STAT-02347 | -0.7391 | 0.0000 | 75.3580 | LOCAL_MINIMA_BOTTLENECK_HAZARD | TRIGGER_DYNAMIC_VELOCITY_BURST_KICK | 422
STAT-02348 | -0.7391 | -0.0000 | 21.7310 | LOCAL_MINIMA_BOTTLENECK_HAZARD | TRIGGER_DYNAMIC_VELOCITY_BURST_KICK | 422
STAT-02349 | -0.7391 | -0.0000 | 4.0150 | CONVERGING_GLOBAL_MINIMA_TARGET | COMMIT_OPTIMIZED_MATRIX_WEIGHT_STEP | 200
STAT-02350 | -0.7391 | -0.0000 | 35.8950 | LOCAL_MINIMA_BOTTLENECK_HAZARD | TRIGGER_DYNAMIC_VELOCITY_BURST_KICK | 422
STAT-02351 | -0.7391 | -0.0000 | 17.2240 | LOCAL_MINIMA_BOTTLENECK_HAZARD | TRIGGER_DYNAMIC_VELOCITY_BURST_KICK | 422
STAT-02352 | -0.7391 | -0.0000 | 90.7880 | LOCAL_MINIMA_BOTTLENECK_HAZARD | TRIGGER_DYNAMIC_VELOCITY_BURST_KICK | 422
STAT-02353 | -0.7391 | 0.0000 | 14.5090 | LOCAL_MINIMA_BOTTLENECK_HAZARD | TRIGGER_DYNAMIC_VELOCITY_BURST_KICK | 422
STAT-02354 | -0.7391 | 0.0000 | 13.1110 | LOCAL_MINIMA_BOTTLENECK_HAZARD | TRIGGER_DYNAMIC_VELOCITY_BURST_KICK | 422
STAT-02355 | -0.7391 | 0.0000 | 7.7020 | LOCAL_MINIMA_BOTTLENECK_HAZARD | TRIGGER_DYNAMIC_VELOCITY_BURST_KICK | 422
STAT-02356 | -0.7391 | 0.0000 | 17.6390 | LOCAL_MINIMA_BOTTLENECK_HAZARD | TRIGGER_DYNAMIC_VELOCITY_BURST_KICK | 422
STAT-02357 | -0.7391 | 0.0000 | 51.3840 | LOCAL_MINIMA_BOTTLENECK_HAZARD | TRIGGER_DYNAMIC_VELOCITY_BURST_KICK | 422
STAT-02358 | -0.7391 | -0.0000 | 88.5360 | LOCAL_MINIMA_BOTTLENECK_HAZARD | TRIGGER_DYNAMIC_VELOCITY_BURST_KICK | 422
STAT-02359 | -0.7391 | -0.0000 | 37.5120 | LOCAL_MINIMA_BOTTLENECK_HAZARD | TRIGGER_DYNAMIC_VELOCITY_BURST_KICK | 422
STAT-02360 | -0.7391 | -0.0000 | 15.2930 | LOCAL_MINIMA_BOTTLENECK_HAZARD | TRIGGER_DYNAMIC_VELOCITY_BURST_KICK | 422
STAT-02361 | -0.7391 | -0.0000 | 28.1220 | LOCAL_MINIMA_BOTTLENECK_HAZARD | TRIGGER_DYNAMIC_VELOCITY_BURST_KICK | 422
STAT-02362 | -0.7391 | -0.0000 | 25.6080 | LOCAL_MINIMA_BOTTLENECK_HAZARD | TRIGGER_DYNAMIC_VELOCITY_BURST_KICK | 422
STAT-02363 | -0.7391 | 0.0000 | 4.3070 | CONVERGING_GLOBAL_MINIMA_TARGET | COMMIT_OPTIMIZED_MATRIX_WEIGHT_STEP | 200
STAT-02364 | -0.7391 | 0.0000 | 11.4700 | LOCAL_MINIMA_BOTTLENECK_HAZARD | TRIGGER_DYNAMIC_VELOCITY_BURST_KICK | 422
STAT-02365 | -0.7391 | 0.0000 | 4.2010 | CONVERGING_GLOBAL_MINIMA_TARGET | COMMIT_OPTIMIZED_MATRIX_WEIGHT_STEP | 200
STAT-02366 | -0.7391 | 0.0000 | 94.0750 | LOCAL_MINIMA_BOTTLENECK_HAZARD | TRIGGER_DYNAMIC_VELOCITY_BURST_KICK | 422
STAT-02367 | -0.7391 | -0.0000 | 18.8130 | LOCAL_MINIMA_BOTTLENECK_HAZARD | TRIGGER_DYNAMIC_VELOCITY_BURST_KICK | 422
STAT-02368 | -0.7391 | -0.0000 | 5.7420 | LOCAL_MINIMA_BOTTLENECK_HAZARD | TRIGGER_DYNAMIC_VELOCITY_BURST_KICK | 422
STAT-02369 | -0.7391 | -0.0000 | 27.1970 | LOCAL_MINIMA_BOTTLENECK_HAZARD | TRIGGER_DYNAMIC_VELOCITY_BURST_KICK | 422
STAT-02370 | -0.7391 | -0.0000 | 37.0830 | LOCAL_MINIMA_BOTTLENECK_HAZARD | TRIGGER_DYNAMIC_VELOCITY_BURST_KICK | 422
STAT-02371 | -0.7391 | -0.0000 | 7.9800 | LOCAL_MINIMA_BOTTLENECK_HAZARD | TRIGGER_DYNAMIC_VELOCITY_BURST_KICK | 422
STAT-02372 | -0.7391 | 0.0000 | 19.5980 | LOCAL_MINIMA_BOTTLENECK_HAZARD | TRIGGER_DYNAMIC_VELOCITY_BURST_KICK | 422
STAT-02373 | -0.7391 | 0.0000 | 7.6740 | LOCAL_MINIMA_BOTTLENECK_HAZARD | TRIGGER_DYNAMIC_VELOCITY_BURST_KICK | 422
STAT-02374 | -0.7391 | 0.0000 | 26.1410 | LOCAL_MINIMA_BOTTLENECK_HAZARD | TRIGGER_DYNAMIC_VELOCITY_BURST_KICK | 422
STAT-02375 | -0.7391 | 0.0000 | 4.8510 | CONVERGING_GLOBAL_MINIMA_TARGET | COMMIT_OPTIMIZED_MATRIX_WEIGHT_STEP | 200
STAT-02376 | -0.7391 | 0.0000 | 33.2340 | LOCAL_MINIMA_BOTTLENECK_HAZARD | TRIGGER_DYNAMIC_VELOCITY_BURST_KICK | 422
STAT-02377 | -0.7391 | -0.0000 | 3.7770 | CONVERGING_GLOBAL_MINIMA_TARGET | COMMIT_OPTIMIZED_MATRIX_WEIGHT_STEP | 200
STAT-02378 | -0.7391 | -0.0000 | 16.8080 | LOCAL_MINIMA_BOTTLENECK_HAZARD | TRIGGER_DYNAMIC_VELOCITY_BURST_KICK | 422
STAT-02379 | -0.7391 | -0.0000 | 30.4450 | LOCAL_MINIMA_BOTTLENECK_HAZARD | TRIGGER_DYNAMIC_VELOCITY_BURST_KICK | 422
STAT-02380 | -0.7391 | -0.0000 | 30.0610 | LOCAL_MINIMA_BOTTLENECK_HAZARD | TRIGGER_DYNAMIC_VELOCITY_BURST_KICK | 422
STAT-02381 | -0.7391 | -0.0000 | 34.7960 | LOCAL_MINIMA_BOTTLENECK_HAZARD | TRIGGER_DYNAMIC_VELOCITY_BURST_KICK | 422
STAT-02382 | -0.7391 | 0.0000 | 12.2780 | LOCAL_MINIMA_BOTTLENECK_HAZARD | TRIGGER_DYNAMIC_VELOCITY_BURST_KICK | 422
STAT-02383 | -0.7391 | 0.0000 | 37.0990 | LOCAL_MINIMA_BOTTLENECK_HAZARD | TRIGGER_DYNAMIC_VELOCITY_BURST_KICK | 422
STAT-02384 | -0.7391 | 0.0000 | 73.1100 | LOCAL_MINIMA_BOTTLENECK_HAZARD | TRIGGER_DYNAMIC_VELOCITY_BURST_KICK | 422
STAT-02385 | -0.7391 | 0.0000 | 11.3860 | LOCAL_MINIMA_BOTTLENECK_HAZARD | TRIGGER_DYNAMIC_VELOCITY_BURST_KICK | 422
STAT-02386 | -0.7391 | 0.0000 | 2.7870 | CONVERGING_GLOBAL_MINIMA_TARGET | COMMIT_OPTIMIZED_MATRIX_WEIGHT_STEP | 200
STAT-02387 | -0.7391 | -0.0000 | 1.2880 | CONVERGING_GLOBAL_MINIMA_TARGET | COMMIT_OPTIMIZED_MATRIX_WEIGHT_STEP | 200
STAT-02388 | -0.7391 | -0.0000 | 67.5120 | LOCAL_MINIMA_BOTTLENECK_HAZARD | TRIGGER_DYNAMIC_VELOCITY_BURST_KICK | 422
STAT-02389 | -0.7391 | -0.0000 | 7.6700 | LOCAL_MINIMA_BOTTLENECK_HAZARD | TRIGGER_DYNAMIC_VELOCITY_BURST_KICK | 422
STAT-02390 | -0.7391 | -0.0000 | 41.8780 | LOCAL_MINIMA_BOTTLENECK_HAZARD | TRIGGER_DYNAMIC_VELOCITY_BURST_KICK | 422
STAT-02391 | -0.7391 | -0.0000 | 42.8340 | LOCAL_MINIMA_BOTTLENECK_HAZARD | TRIGGER_DYNAMIC_VELOCITY_BURST_KICK | 422
STAT-02392 | -0.7391 | 0.0000 | 13.6040 | LOCAL_MINIMA_BOTTLENECK_HAZARD | TRIGGER_DYNAMIC_VELOCITY_BURST_KICK | 422
STAT-02393 | -0.7391 | 0.0000 | 43.6770 | LOCAL_MINIMA_BOTTLENECK_HAZARD | TRIGGER_DYNAMIC_VELOCITY_BURST_KICK | 422
STAT-02394 | -0.7391 | 0.0000 | 15.2450 | LOCAL_MINIMA_BOTTLENECK_HAZARD | TRIGGER_DYNAMIC_VELOCITY_BURST_KICK | 422
STAT-02395 | -0.7391 | 0.0000 | 31.0770 | LOCAL_MINIMA_BOTTLENECK_HAZARD | TRIGGER_DYNAMIC_VELOCITY_BURST_KICK | 422
STAT-02396 | -0.7391 | 0.0000 | 7.8270 | LOCAL_MINIMA_BOTTLENECK_HAZARD | TRIGGER_DYNAMIC_VELOCITY_BURST_KICK | 422
STAT-02397 | -0.7391 | -0.0000 | 62.3000 | LOCAL_MINIMA_BOTTLENECK_HAZARD | TRIGGER_DYNAMIC_VELOCITY_BURST_KICK | 422
STAT-02398 | -0.7391 | -0.0000 | 26.3320 | LOCAL_MINIMA_BOTTLENECK_HAZARD | TRIGGER_DYNAMIC_VELOCITY_BURST_KICK | 422
STAT-02399 | -0.7391 | -0.0000 | 7.2100 | LOCAL_MINIMA_BOTTLENECK_HAZARD | TRIGGER_DYNAMIC_VELOCITY_BURST_KICK | 422
STAT-02400 | -0.7391 | -0.0000 | 41.3110 | LOCAL_MINIMA_BOTTLENECK_HAZARD | TRIGGER_DYNAMIC_VELOCITY_BURST_KICK | 422
STAT-02401 | -0.7391 | -0.0000 | 24.9700 | LOCAL_MINIMA_BOTTLENECK_HAZARD | TRIGGER_DYNAMIC_VELOCITY_BURST_KICK | 422
STAT-02402 | -0.7391 | 0.0000 | 84.4640 | LOCAL_MINIMA_BOTTLENECK_HAZARD | TRIGGER_DYNAMIC_VELOCITY_BURST_KICK | 422
STAT-02403 | -0.7391 | 0.0000 | 64.5950 | LOCAL_MINIMA_BOTTLENECK_HAZARD | TRIGGER_DYNAMIC_VELOCITY_BURST_KICK | 422
STAT-02404 | -0.7391 | 0.0000 | 25.2790 | LOCAL_MINIMA_BOTTLENECK_HAZARD | TRIGGER_DYNAMIC_VELOCITY_BURST_KICK | 422
STAT-02405 | -0.7391 | 0.0000 | 10.6390 | LOCAL_MINIMA_BOTTLENECK_HAZARD | TRIGGER_DYNAMIC_VELOCITY_BURST_KICK | 422
STAT-02406 | -0.7391 | 0.0000 | 47.3570 | LOCAL_MINIMA_BOTTLENECK_HAZARD | TRIGGER_DYNAMIC_VELOCITY_BURST_KICK | 422
STAT-02407 | -0.7391 | -0.0000 | 67.7820 | LOCAL_MINIMA_BOTTLENECK_HAZARD | TRIGGER_DYNAMIC_VELOCITY_BURST_KICK | 422
STAT-02408 | -0.7391 | -0.0000 | 9.8640 | LOCAL_MINIMA_BOTTLENECK_HAZARD | TRIGGER_DYNAMIC_VELOCITY_BURST_KICK | 422
STAT-02409 | -0.7391 | -0.0000 | 33.0500 | LOCAL_MINIMA_BOTTLENECK_HAZARD | TRIGGER_DYNAMIC_VELOCITY_BURST_KICK | 422
STAT-02410 | -0.7391 | -0.0000 | 0.5570 | CONVERGING_GLOBAL_MINIMA_TARGET | COMMIT_OPTIMIZED_MATRIX_WEIGHT_STEP | 200
STAT-02411 | -0.7391 | -0.0000 | 14.3650 | LOCAL_MINIMA_BOTTLENECK_HAZARD | TRIGGER_DYNAMIC_VELOCITY_BURST_KICK | 422
STAT-02412 | -0.7391 | 0.0000 | 27.7150 | LOCAL_MINIMA_BOTTLENECK_HAZARD | TRIGGER_DYNAMIC_VELOCITY_BURST_KICK | 422
STAT-02413 | -0.7391 | 0.0000 | 17.9570 | LOCAL_MINIMA_BOTTLENECK_HAZARD | TRIGGER_DYNAMIC_VELOCITY_BURST_KICK | 422
STAT-02414 | -0.7391 | 0.0000 | 83.2100 | LOCAL_MINIMA_BOTTLENECK_HAZARD | TRIGGER_DYNAMIC_VELOCITY_BURST_KICK | 422
STAT-02415 | -0.7391 | 0.0000 | 62.0170 | LOCAL_MINIMA_BOTTLENECK_HAZARD | TRIGGER_DYNAMIC_VELOCITY_BURST_KICK | 422
STAT-02416 | -0.7391 | 0.0000 | 24.0470 | LOCAL_MINIMA_BOTTLENECK_HAZARD | TRIGGER_DYNAMIC_VELOCITY_BURST_KICK | 422
STAT-02417 | -0.7391 | -0.0000 | 9.0730 | LOCAL_MINIMA_BOTTLENECK_HAZARD | TRIGGER_DYNAMIC_VELOCITY_BURST_KICK | 422
STAT-02418 | -0.7391 | -0.0000 | 31.3460 | LOCAL_MINIMA_BOTTLENECK_HAZARD | TRIGGER_DYNAMIC_VELOCITY_BURST_KICK | 422
STAT-02419 | -0.7391 | -0.0000 | 25.1600 | LOCAL_MINIMA_BOTTLENECK_HAZARD | TRIGGER_DYNAMIC_VELOCITY_BURST_KICK | 422
STAT-02420 | -0.7391 | -0.0000 | 12.4630 | LOCAL_MINIMA_BOTTLENECK_HAZARD | TRIGGER_DYNAMIC_VELOCITY_BURST_KICK | 422
STAT-02421 | -0.7391 | -0.0000 | 39.8230 | LOCAL_MINIMA_BOTTLENECK_HAZARD | TRIGGER_DYNAMIC_VELOCITY_BURST_KICK | 422
STAT-02422 | -0.7391 | 0.0000 | 34.0850 | LOCAL_MINIMA_BOTTLENECK_HAZARD | TRIGGER_DYNAMIC_VELOCITY_BURST_KICK | 422
STAT-02423 | -0.7391 | 0.0000 | 74.8730 | LOCAL_MINIMA_BOTTLENECK_HAZARD | TRIGGER_DYNAMIC_VELOCITY_BURST_KICK | 422
STAT-02424 | -0.7391 | 0.0000 | 1.8000 | CONVERGING_GLOBAL_MINIMA_TARGET | COMMIT_OPTIMIZED_MATRIX_WEIGHT_STEP | 200
STAT-02425 | -0.7391 | 0.0000 | 5.2810 | LOCAL_MINIMA_BOTTLENECK_HAZARD | TRIGGER_DYNAMIC_VELOCITY_BURST_KICK | 422
STAT-02426 | -0.7391 | 0.0000 | 17.0860 | LOCAL_MINIMA_BOTTLENECK_HAZARD | TRIGGER_DYNAMIC_VELOCITY_BURST_KICK | 422
STAT-02427 | -0.7391 | -0.0000 | 85.3490 | LOCAL_MINIMA_BOTTLENECK_HAZARD | TRIGGER_DYNAMIC_VELOCITY_BURST_KICK | 422
STAT-02428 | -0.7391 | -0.0000 | 43.0940 | LOCAL_MINIMA_BOTTLENECK_HAZARD | TRIGGER_DYNAMIC_VELOCITY_BURST_KICK | 422
STAT-02429 | -0.7391 | -0.0000 | 14.7160 | LOCAL_MINIMA_BOTTLENECK_HAZARD | TRIGGER_DYNAMIC_VELOCITY_BURST_KICK | 422
STAT-02430 | -0.7391 | -0.0000 | 30.6040 | LOCAL_MINIMA_BOTTLENECK_HAZARD | TRIGGER_DYNAMIC_VELOCITY_BURST_KICK | 422
STAT-02431 | -0.7391 | -0.0000 | 6.4080 | LOCAL_MINIMA_BOTTLENECK_HAZARD | TRIGGER_DYNAMIC_VELOCITY_BURST_KICK | 422
STAT-02432 | -0.7391 | 0.0000 | 61.7260 | LOCAL_MINIMA_BOTTLENECK_HAZARD | TRIGGER_DYNAMIC_VELOCITY_BURST_KICK | 422
STAT-02433 | -0.7391 | 0.0000 | 33.6320 | LOCAL_MINIMA_BOTTLENECK_HAZARD | TRIGGER_DYNAMIC_VELOCITY_BURST_KICK | 422
STAT-02434 | -0.7391 | 0.0000 | 62.8160 | LOCAL_MINIMA_BOTTLENECK_HAZARD | TRIGGER_DYNAMIC_VELOCITY_BURST_KICK | 422
STAT-02435 | -0.7391 | 0.0000 | 24.6490 | LOCAL_MINIMA_BOTTLENECK_HAZARD | TRIGGER_DYNAMIC_VELOCITY_BURST_KICK | 422
STAT-02436 | -0.7391 | 0.0000 | 20.4980 | LOCAL_MINIMA_BOTTLENECK_HAZARD | TRIGGER_DYNAMIC_VELOCITY_BURST_KICK | 422
STAT-02437 | -0.7391 | -0.0000 | 29.4800 | LOCAL_MINIMA_BOTTLENECK_HAZARD | TRIGGER_DYNAMIC_VELOCITY_BURST_KICK | 422
STAT-02438 | -0.7391 | -0.0000 | 40.3040 | LOCAL_MINIMA_BOTTLENECK_HAZARD | TRIGGER_DYNAMIC_VELOCITY_BURST_KICK | 422
STAT-02439 | -0.7391 | -0.0000 | 66.8880 | LOCAL_MINIMA_BOTTLENECK_HAZARD | TRIGGER_DYNAMIC_VELOCITY_BURST_KICK | 422
STAT-02440 | -0.7391 | -0.0000 | 47.5050 | LOCAL_MINIMA_BOTTLENECK_HAZARD | TRIGGER_DYNAMIC_VELOCITY_BURST_KICK | 422
STAT-02441 | -0.7391 | -0.0000 | 2.4210 | CONVERGING_GLOBAL_MINIMA_TARGET | COMMIT_OPTIMIZED_MATRIX_WEIGHT_STEP | 200
STAT-02442 | -0.7391 | 0.0000 | 24.4340 | LOCAL_MINIMA_BOTTLENECK_HAZARD | TRIGGER_DYNAMIC_VELOCITY_BURST_KICK | 422
STAT-02443 | -0.7391 | 0.0000 | 47.7170 | LOCAL_MINIMA_BOTTLENECK_HAZARD | TRIGGER_DYNAMIC_VELOCITY_BURST_KICK | 422
STAT-02444 | -0.7391 | 0.0000 | 73.8280 | LOCAL_MINIMA_BOTTLENECK_HAZARD | TRIGGER_DYNAMIC_VELOCITY_BURST_KICK | 422
STAT-02445 | -0.7391 | 0.0000 | 57.0110 | LOCAL_MINIMA_BOTTLENECK_HAZARD | TRIGGER_DYNAMIC_VELOCITY_BURST_KICK | 422
STAT-02446 | -0.7391 | 0.0000 | 33.2110 | LOCAL_MINIMA_BOTTLENECK_HAZARD | TRIGGER_DYNAMIC_VELOCITY_BURST_KICK | 422
STAT-02447 | -0.7391 | -0.0000 | 13.2670 | LOCAL_MINIMA_BOTTLENECK_HAZARD | TRIGGER_DYNAMIC_VELOCITY_BURST_KICK | 422
STAT-02448 | -0.7391 | -0.0000 | 14.0380 | LOCAL_MINIMA_BOTTLENECK_HAZARD | TRIGGER_DYNAMIC_VELOCITY_BURST_KICK | 422
STAT-02449 | -0.7391 | -0.0000 | 22.8560 | LOCAL_MINIMA_BOTTLENECK_HAZARD | TRIGGER_DYNAMIC_VELOCITY_BURST_KICK | 422
STAT-02450 | -0.7391 | -0.0000 | 46.7950 | LOCAL_MINIMA_BOTTLENECK_HAZARD | TRIGGER_DYNAMIC_VELOCITY_BURST_KICK | 422
STAT-02451 | -0.7391 | -0.0000 | 20.4670 | LOCAL_MINIMA_BOTTLENECK_HAZARD | TRIGGER_DYNAMIC_VELOCITY_BURST_KICK | 422
STAT-02452 | -0.7391 | 0.0000 | 44.2900 | LOCAL_MINIMA_BOTTLENECK_HAZARD | TRIGGER_DYNAMIC_VELOCITY_BURST_KICK | 422
STAT-02453 | -0.7391 | 0.0000 | 24.7230 | LOCAL_MINIMA_BOTTLENECK_HAZARD | TRIGGER_DYNAMIC_VELOCITY_BURST_KICK | 422
STAT-02454 | -0.7391 | 0.0000 | 4.5860 | CONVERGING_GLOBAL_MINIMA_TARGET | COMMIT_OPTIMIZED_MATRIX_WEIGHT_STEP | 200
STAT-02455 | -0.7391 | 0.0000 | 12.2520 | LOCAL_MINIMA_BOTTLENECK_HAZARD | TRIGGER_DYNAMIC_VELOCITY_BURST_KICK | 422
STAT-02456 | -0.7391 | 0.0000 | 37.9750 | LOCAL_MINIMA_BOTTLENECK_HAZARD | TRIGGER_DYNAMIC_VELOCITY_BURST_KICK | 422
STAT-02457 | -0.7391 | -0.0000 | 6.0550 | LOCAL_MINIMA_BOTTLENECK_HAZARD | TRIGGER_DYNAMIC_VELOCITY_BURST_KICK | 422
STAT-02458 | -0.7391 | -0.0000 | 5.8320 | LOCAL_MINIMA_BOTTLENECK_HAZARD | TRIGGER_DYNAMIC_VELOCITY_BURST_KICK | 422
STAT-02459 | -0.7391 | -0.0000 | 68.9840 | LOCAL_MINIMA_BOTTLENECK_HAZARD | TRIGGER_DYNAMIC_VELOCITY_BURST_KICK | 422
STAT-02460 | -0.7391 | -0.0000 | 64.0730 | LOCAL_MINIMA_BOTTLENECK_HAZARD | TRIGGER_DYNAMIC_VELOCITY_BURST_KICK | 422
STAT-02461 | -0.7391 | -0.0000 | 54.1030 | LOCAL_MINIMA_BOTTLENECK_HAZARD | TRIGGER_DYNAMIC_VELOCITY_BURST_KICK | 422
STAT-02462 | -0.7391 | 0.0000 | 36.8250 | LOCAL_MINIMA_BOTTLENECK_HAZARD | TRIGGER_DYNAMIC_VELOCITY_BURST_KICK | 422
STAT-02463 | -0.7391 | 0.0000 | 57.9530 | LOCAL_MINIMA_BOTTLENECK_HAZARD | TRIGGER_DYNAMIC_VELOCITY_BURST_KICK | 422
STAT-02464 | -0.7391 | 0.0000 | 11.1600 | LOCAL_MINIMA_BOTTLENECK_HAZARD | TRIGGER_DYNAMIC_VELOCITY_BURST_KICK | 422
STAT-02465 | -0.7391 | 0.0000 | 17.5080 | LOCAL_MINIMA_BOTTLENECK_HAZARD | TRIGGER_DYNAMIC_VELOCITY_BURST_KICK | 422
STAT-02466 | -0.7391 | 0.0000 | 9.3730 | LOCAL_MINIMA_BOTTLENECK_HAZARD | TRIGGER_DYNAMIC_VELOCITY_BURST_KICK | 422
STAT-02467 | -0.7391 | -0.0000 | 27.5480 | LOCAL_MINIMA_BOTTLENECK_HAZARD | TRIGGER_DYNAMIC_VELOCITY_BURST_KICK | 422
STAT-02468 | -0.7391 | -0.0000 | 57.9920 | LOCAL_MINIMA_BOTTLENECK_HAZARD | TRIGGER_DYNAMIC_VELOCITY_BURST_KICK | 422
STAT-02469 | -0.7391 | -0.0000 | 37.0720 | LOCAL_MINIMA_BOTTLENECK_HAZARD | TRIGGER_DYNAMIC_VELOCITY_BURST_KICK | 422
STAT-02470 | -0.7391 | -0.0000 | 7.0650 | LOCAL_MINIMA_BOTTLENECK_HAZARD | TRIGGER_DYNAMIC_VELOCITY_BURST_KICK | 422
STAT-02471 | -0.7391 | -0.0000 | 19.3780 | LOCAL_MINIMA_BOTTLENECK_HAZARD | TRIGGER_DYNAMIC_VELOCITY_BURST_KICK | 422
STAT-02472 | -0.7391 | 0.0000 | 33.0120 | LOCAL_MINIMA_BOTTLENECK_HAZARD | TRIGGER_DYNAMIC_VELOCITY_BURST_KICK | 422
STAT-02473 | -0.7391 | 0.0000 | 75.0510 | LOCAL_MINIMA_BOTTLENECK_HAZARD | TRIGGER_DYNAMIC_VELOCITY_BURST_KICK | 422
STAT-02474 | -0.7391 | 0.0000 | 17.3180 | LOCAL_MINIMA_BOTTLENECK_HAZARD | TRIGGER_DYNAMIC_VELOCITY_BURST_KICK | 422
STAT-02475 | -0.7391 | 0.0000 | 73.2570 | LOCAL_MINIMA_BOTTLENECK_HAZARD | TRIGGER_DYNAMIC_VELOCITY_BURST_KICK | 422
STAT-02476 | -0.7391 | 0.0000 | 17.0560 | LOCAL_MINIMA_BOTTLENECK_HAZARD | TRIGGER_DYNAMIC_VELOCITY_BURST_KICK | 422
STAT-02477 | -0.7391 | -0.0000 | 22.3990 | LOCAL_MINIMA_BOTTLENECK_HAZARD | TRIGGER_DYNAMIC_VELOCITY_BURST_KICK | 422
STAT-02478 | -0.7391 | -0.0000 | 20.8700 | LOCAL_MINIMA_BOTTLENECK_HAZARD | TRIGGER_DYNAMIC_VELOCITY_BURST_KICK | 422
STAT-02479 | -0.7391 | -0.0000 | 36.3100 | LOCAL_MINIMA_BOTTLENECK_HAZARD | TRIGGER_DYNAMIC_VELOCITY_BURST_KICK | 422
STAT-02480 | -0.7391 | -0.0000 | 20.6320 | LOCAL_MINIMA_BOTTLENECK_HAZARD | TRIGGER_DYNAMIC_VELOCITY_BURST_KICK | 422
STAT-02481 | -0.7391 | -0.0000 | 35.8820 | LOCAL_MINIMA_BOTTLENECK_HAZARD | TRIGGER_DYNAMIC_VELOCITY_BURST_KICK | 422
STAT-02482 | -0.7391 | 0.0000 | 28.1120 | LOCAL_MINIMA_BOTTLENECK_HAZARD | TRIGGER_DYNAMIC_VELOCITY_BURST_KICK | 422
STAT-02483 | -0.7391 | 0.0000 | 19.7340 | LOCAL_MINIMA_BOTTLENECK_HAZARD | TRIGGER_DYNAMIC_VELOCITY_BURST_KICK | 422
STAT-02484 | -0.7391 | 0.0000 | 28.4120 | LOCAL_MINIMA_BOTTLENECK_HAZARD | TRIGGER_DYNAMIC_VELOCITY_BURST_KICK | 422
STAT-02485 | -0.7391 | 0.0000 | 12.0660 | LOCAL_MINIMA_BOTTLENECK_HAZARD | TRIGGER_DYNAMIC_VELOCITY_BURST_KICK | 422
STAT-02486 | -0.7391 | 0.0000 | 95.6520 | LOCAL_MINIMA_BOTTLENECK_HAZARD | TRIGGER_DYNAMIC_VELOCITY_BURST_KICK | 422
STAT-02487 | -0.7391 | -0.0000 | 23.2370 | LOCAL_MINIMA_BOTTLENECK_HAZARD | TRIGGER_DYNAMIC_VELOCITY_BURST_KICK | 422
STAT-02488 | -0.7391 | -0.0000 | 21.1020 | LOCAL_MINIMA_BOTTLENECK_HAZARD | TRIGGER_DYNAMIC_VELOCITY_BURST_KICK | 422
STAT-02489 | -0.7391 | -0.0000 | 6.4590 | LOCAL_MINIMA_BOTTLENECK_HAZARD | TRIGGER_DYNAMIC_VELOCITY_BURST_KICK | 422
STAT-02490 | -0.7391 | -0.0000 | 53.9190 | LOCAL_MINIMA_BOTTLENECK_HAZARD | TRIGGER_DYNAMIC_VELOCITY_BURST_KICK | 422
STAT-02491 | -0.7391 | -0.0000 | 42.3240 | LOCAL_MINIMA_BOTTLENECK_HAZARD | TRIGGER_DYNAMIC_VELOCITY_BURST_KICK | 422
STAT-02492 | -0.7391 | 0.0000 | 30.4690 | LOCAL_MINIMA_BOTTLENECK_HAZARD | TRIGGER_DYNAMIC_VELOCITY_BURST_KICK | 422
STAT-02493 | -0.7391 | 0.0000 | 9.8230 | LOCAL_MINIMA_BOTTLENECK_HAZARD | TRIGGER_DYNAMIC_VELOCITY_BURST_KICK | 422
STAT-02494 | -0.7391 | 0.0000 | 17.9040 | LOCAL_MINIMA_BOTTLENECK_HAZARD | TRIGGER_DYNAMIC_VELOCITY_BURST_KICK | 422
STAT-02495 | -0.7391 | 0.0000 | 1.1990 | CONVERGING_GLOBAL_MINIMA_TARGET | COMMIT_OPTIMIZED_MATRIX_WEIGHT_STEP | 200
STAT-02496 | -0.7391 | 0.0000 | 9.0850 | LOCAL_MINIMA_BOTTLENECK_HAZARD | TRIGGER_DYNAMIC_VELOCITY_BURST_KICK | 422
STAT-02497 | -0.7391 | -0.0000 | 4.3450 | CONVERGING_GLOBAL_MINIMA_TARGET | COMMIT_OPTIMIZED_MATRIX_WEIGHT_STEP | 200
STAT-02498 | -0.7391 | -0.0000 | 60.6140 | LOCAL_MINIMA_BOTTLENECK_HAZARD | TRIGGER_DYNAMIC_VELOCITY_BURST_KICK | 422
STAT-02499 | -0.7391 | -0.0000 | 23.3020 | LOCAL_MINIMA_BOTTLENECK_HAZARD | TRIGGER_DYNAMIC_VELOCITY_BURST_KICK | 422
STAT-02500 | -0.7391 | -0.0000 | 7.3040 | LOCAL_MINIMA_BOTTLENECK_HAZARD | TRIGGER_DYNAMIC_VELOCITY_BURST_KICK | 422
STAT-02501 | -0.7391 | -0.0000 | 11.4940 | LOCAL_MINIMA_BOTTLENECK_HAZARD | TRIGGER_DYNAMIC_VELOCITY_BURST_KICK | 422
STAT-02502 | -0.7391 | 0.0000 | 68.3860 | LOCAL_MINIMA_BOTTLENECK_HAZARD | TRIGGER_DYNAMIC_VELOCITY_BURST_KICK | 422
STAT-02503 | -0.7391 | 0.0000 | 21.2410 | LOCAL_MINIMA_BOTTLENECK_HAZARD | TRIGGER_DYNAMIC_VELOCITY_BURST_KICK | 422
STAT-02504 | -0.7391 | 0.0000 | 20.2910 | LOCAL_MINIMA_BOTTLENECK_HAZARD | TRIGGER_DYNAMIC_VELOCITY_BURST_KICK | 422
STAT-02505 | -0.7391 | 0.0000 | 20.5410 | LOCAL_MINIMA_BOTTLENECK_HAZARD | TRIGGER_DYNAMIC_VELOCITY_BURST_KICK | 422
STAT-02506 | -0.7391 | 0.0000 | 45.2050 | LOCAL_MINIMA_BOTTLENECK_HAZARD | TRIGGER_DYNAMIC_VELOCITY_BURST_KICK | 422
STAT-02507 | -0.7391 | -0.0000 | 12.0940 | LOCAL_MINIMA_BOTTLENECK_HAZARD | TRIGGER_DYNAMIC_VELOCITY_BURST_KICK | 422
STAT-02508 | -0.7391 | -0.0000 | 10.3200 | LOCAL_MINIMA_BOTTLENECK_HAZARD | TRIGGER_DYNAMIC_VELOCITY_BURST_KICK | 422
STAT-02509 | -0.7391 | -0.0000 | 31.2210 | LOCAL_MINIMA_BOTTLENECK_HAZARD | TRIGGER_DYNAMIC_VELOCITY_BURST_KICK | 422
STAT-02510 | -0.7391 | -0.0000 | 15.0920 | LOCAL_MINIMA_BOTTLENECK_HAZARD | TRIGGER_DYNAMIC_VELOCITY_BURST_KICK | 422
STAT-02511 | -0.7391 | -0.0000 | 58.2300 | LOCAL_MINIMA_BOTTLENECK_HAZARD | TRIGGER_DYNAMIC_VELOCITY_BURST_KICK | 422
STAT-02512 | -0.7391 | 0.0000 | 70.6120 | LOCAL_MINIMA_BOTTLENECK_HAZARD | TRIGGER_DYNAMIC_VELOCITY_BURST_KICK | 422
STAT-02513 | -0.7391 | 0.0000 | 42.8290 | LOCAL_MINIMA_BOTTLENECK_HAZARD | TRIGGER_DYNAMIC_VELOCITY_BURST_KICK | 422
STAT-02514 | -0.7391 | 0.0000 | 13.3280 | LOCAL_MINIMA_BOTTLENECK_HAZARD | TRIGGER_DYNAMIC_VELOCITY_BURST_KICK | 422
STAT-02515 | -0.7391 | 0.0000 | 47.5310 | LOCAL_MINIMA_BOTTLENECK_HAZARD | TRIGGER_DYNAMIC_VELOCITY_BURST_KICK | 422
STAT-02516 | -0.7391 | 0.0000 | 43.4930 | LOCAL_MINIMA_BOTTLENECK_HAZARD | TRIGGER_DYNAMIC_VELOCITY_BURST_KICK | 422
STAT-02517 | -0.7391 | -0.0000 | 49.4320 | LOCAL_MINIMA_BOTTLENECK_HAZARD | TRIGGER_DYNAMIC_VELOCITY_BURST_KICK | 422
STAT-02518 | -0.7391 | -0.0000 | 22.0390 | LOCAL_MINIMA_BOTTLENECK_HAZARD | TRIGGER_DYNAMIC_VELOCITY_BURST_KICK | 422
STAT-02519 | -0.7391 | -0.0000 | 47.7650 | LOCAL_MINIMA_BOTTLENECK_HAZARD | TRIGGER_DYNAMIC_VELOCITY_BURST_KICK | 422
STAT-02520 | -0.7391 | -0.0000 | 11.8130 | LOCAL_MINIMA_BOTTLENECK_HAZARD | TRIGGER_DYNAMIC_VELOCITY_BURST_KICK | 422
STAT-02521 | -0.7391 | -0.0000 | 36.7310 | LOCAL_MINIMA_BOTTLENECK_HAZARD | TRIGGER_DYNAMIC_VELOCITY_BURST_KICK | 422
STAT-02522 | -0.7391 | 0.0000 | 17.1470 | LOCAL_MINIMA_BOTTLENECK_HAZARD | TRIGGER_DYNAMIC_VELOCITY_BURST_KICK | 422
STAT-02523 | -0.7391 | 0.0000 | 11.4220 | LOCAL_MINIMA_BOTTLENECK_HAZARD | TRIGGER_DYNAMIC_VELOCITY_BURST_KICK | 422
STAT-02524 | -0.7391 | 0.0000 | 2.4210 | CONVERGING_GLOBAL_MINIMA_TARGET | COMMIT_OPTIMIZED_MATRIX_WEIGHT_STEP | 200
STAT-02525 | -0.7391 | 0.0000 | 10.4610 | LOCAL_MINIMA_BOTTLENECK_HAZARD | TRIGGER_DYNAMIC_VELOCITY_BURST_KICK | 422
STAT-02526 | -0.7391 | 0.0000 | 71.1520 | LOCAL_MINIMA_BOTTLENECK_HAZARD | TRIGGER_DYNAMIC_VELOCITY_BURST_KICK | 422
STAT-02527 | -0.7391 | -0.0000 | 14.5820 | LOCAL_MINIMA_BOTTLENECK_HAZARD | TRIGGER_DYNAMIC_VELOCITY_BURST_KICK | 422
STAT-02528 | -0.7391 | -0.0000 | 76.5050 | LOCAL_MINIMA_BOTTLENECK_HAZARD | TRIGGER_DYNAMIC_VELOCITY_BURST_KICK | 422
STAT-02529 | -0.7391 | -0.0000 | 28.7420 | LOCAL_MINIMA_BOTTLENECK_HAZARD | TRIGGER_DYNAMIC_VELOCITY_BURST_KICK | 422
STAT-02530 | -0.7391 | -0.0000 | 39.4170 | LOCAL_MINIMA_BOTTLENECK_HAZARD | TRIGGER_DYNAMIC_VELOCITY_BURST_KICK | 422
STAT-02531 | -0.7391 | -0.0000 | 6.5020 | LOCAL_MINIMA_BOTTLENECK_HAZARD | TRIGGER_DYNAMIC_VELOCITY_BURST_KICK | 422
STAT-02532 | -0.7391 | 0.0000 | 52.8320 | LOCAL_MINIMA_BOTTLENECK_HAZARD | TRIGGER_DYNAMIC_VELOCITY_BURST_KICK | 422
STAT-02533 | -0.7391 | 0.0000 | 16.5640 | LOCAL_MINIMA_BOTTLENECK_HAZARD | TRIGGER_DYNAMIC_VELOCITY_BURST_KICK | 422
STAT-02534 | -0.7391 | 0.0000 | 48.2280 | LOCAL_MINIMA_BOTTLENECK_HAZARD | TRIGGER_DYNAMIC_VELOCITY_BURST_KICK | 422
STAT-02535 | -0.7391 | 0.0000 | 39.5480 | LOCAL_MINIMA_BOTTLENECK_HAZARD | TRIGGER_DYNAMIC_VELOCITY_BURST_KICK | 422
STAT-02536 | -0.7391 | 0.0000 | 59.2480 | LOCAL_MINIMA_BOTTLENECK_HAZARD | TRIGGER_DYNAMIC_VELOCITY_BURST_KICK | 422
STAT-02537 | -0.7391 | -0.0000 | 43.1370 | LOCAL_MINIMA_BOTTLENECK_HAZARD | TRIGGER_DYNAMIC_VELOCITY_BURST_KICK | 422
STAT-02538 | -0.7391 | -0.0000 | 55.1330 | LOCAL_MINIMA_BOTTLENECK_HAZARD | TRIGGER_DYNAMIC_VELOCITY_BURST_KICK | 422
STAT-02539 | -0.7391 | -0.0000 | 7.6990 | LOCAL_MINIMA_BOTTLENECK_HAZARD | TRIGGER_DYNAMIC_VELOCITY_BURST_KICK | 422
STAT-02540 | -0.7391 | -0.0000 | 9.3000 | LOCAL_MINIMA_BOTTLENECK_HAZARD | TRIGGER_DYNAMIC_VELOCITY_BURST_KICK | 422
STAT-02541 | -0.7391 | -0.0000 | 48.7640 | LOCAL_MINIMA_BOTTLENECK_HAZARD | TRIGGER_DYNAMIC_VELOCITY_BURST_KICK | 422
STAT-02542 | -0.7391 | 0.0000 | 14.5490 | LOCAL_MINIMA_BOTTLENECK_HAZARD | TRIGGER_DYNAMIC_VELOCITY_BURST_KICK | 422
STAT-02543 | -0.7391 | 0.0000 | 54.6490 | LOCAL_MINIMA_BOTTLENECK_HAZARD | TRIGGER_DYNAMIC_VELOCITY_BURST_KICK | 422
STAT-02544 | -0.7391 | 0.0000 | 32.2550 | LOCAL_MINIMA_BOTTLENECK_HAZARD | TRIGGER_DYNAMIC_VELOCITY_BURST_KICK | 422
STAT-02545 | -0.7391 | 0.0000 | 22.4700 | LOCAL_MINIMA_BOTTLENECK_HAZARD | TRIGGER_DYNAMIC_VELOCITY_BURST_KICK | 422
STAT-02546 | -0.7391 | 0.0000 | 55.0100 | LOCAL_MINIMA_BOTTLENECK_HAZARD | TRIGGER_DYNAMIC_VELOCITY_BURST_KICK | 422
STAT-02547 | -0.7391 | -0.0000 | 62.3580 | LOCAL_MINIMA_BOTTLENECK_HAZARD | TRIGGER_DYNAMIC_VELOCITY_BURST_KICK | 422
STAT-02548 | -0.7391 | -0.0000 | 63.3030 | LOCAL_MINIMA_BOTTLENECK_HAZARD | TRIGGER_DYNAMIC_VELOCITY_BURST_KICK | 422
STAT-02549 | -0.7391 | -0.0000 | 20.1300 | LOCAL_MINIMA_BOTTLENECK_HAZARD | TRIGGER_DYNAMIC_VELOCITY_BURST_KICK | 422
STAT-02550 | -0.7391 | -0.0000 | 58.5090 | LOCAL_MINIMA_BOTTLENECK_HAZARD | TRIGGER_DYNAMIC_VELOCITY_BURST_KICK | 422
STAT-02551 | -0.7391 | -0.0000 | 22.8150 | LOCAL_MINIMA_BOTTLENECK_HAZARD | TRIGGER_DYNAMIC_VELOCITY_BURST_KICK | 422
STAT-02552 | -0.7391 | 0.0000 | 20.4340 | LOCAL_MINIMA_BOTTLENECK_HAZARD | TRIGGER_DYNAMIC_VELOCITY_BURST_KICK | 422
STAT-02553 | -0.7391 | 0.0000 | 69.7640 | LOCAL_MINIMA_BOTTLENECK_HAZARD | TRIGGER_DYNAMIC_VELOCITY_BURST_KICK | 422
STAT-02554 | -0.7391 | 0.0000 | 23.0940 | LOCAL_MINIMA_BOTTLENECK_HAZARD | TRIGGER_DYNAMIC_VELOCITY_BURST_KICK | 422
STAT-02555 | -0.7391 | 0.0000 | 51.5180 | LOCAL_MINIMA_BOTTLENECK_HAZARD | TRIGGER_DYNAMIC_VELOCITY_BURST_KICK | 422
STAT-02556 | -0.7391 | 0.0000 | 36.3150 | LOCAL_MINIMA_BOTTLENECK_HAZARD | TRIGGER_DYNAMIC_VELOCITY_BURST_KICK | 422
STAT-02557 | -0.7391 | -0.0000 | 45.9970 | LOCAL_MINIMA_BOTTLENECK_HAZARD | TRIGGER_DYNAMIC_VELOCITY_BURST_KICK | 422
STAT-02558 | -0.7391 | -0.0000 | 22.7950 | LOCAL_MINIMA_BOTTLENECK_HAZARD | TRIGGER_DYNAMIC_VELOCITY_BURST_KICK | 422
STAT-02559 | -0.7391 | -0.0000 | 31.2900 | LOCAL_MINIMA_BOTTLENECK_HAZARD | TRIGGER_DYNAMIC_VELOCITY_BURST_KICK | 422
STAT-02560 | -0.7391 | -0.0000 | 6.2880 | LOCAL_MINIMA_BOTTLENECK_HAZARD | TRIGGER_DYNAMIC_VELOCITY_BURST_KICK | 422
STAT-02561 | -0.7391 | -0.0000 | 16.7420 | LOCAL_MINIMA_BOTTLENECK_HAZARD | TRIGGER_DYNAMIC_VELOCITY_BURST_KICK | 422
STAT-02562 | -0.7391 | 0.0000 | 79.3620 | LOCAL_MINIMA_BOTTLENECK_HAZARD | TRIGGER_DYNAMIC_VELOCITY_BURST_KICK | 422
STAT-02563 | -0.7391 | 0.0000 | 36.4710 | LOCAL_MINIMA_BOTTLENECK_HAZARD | TRIGGER_DYNAMIC_VELOCITY_BURST_KICK | 422
STAT-02564 | -0.7391 | 0.0000 | 32.3910 | LOCAL_MINIMA_BOTTLENECK_HAZARD | TRIGGER_DYNAMIC_VELOCITY_BURST_KICK | 422
STAT-02565 | -0.7391 | 0.0000 | 57.6270 | LOCAL_MINIMA_BOTTLENECK_HAZARD | TRIGGER_DYNAMIC_VELOCITY_BURST_KICK | 422
STAT-02566 | -0.7391 | 0.0000 | 72.1780 | LOCAL_MINIMA_BOTTLENECK_HAZARD | TRIGGER_DYNAMIC_VELOCITY_BURST_KICK | 422
STAT-02567 | -0.7391 | -0.0000 | 19.5570 | LOCAL_MINIMA_BOTTLENECK_HAZARD | TRIGGER_DYNAMIC_VELOCITY_BURST_KICK | 422
STAT-02568 | -0.7391 | -0.0000 | 22.4170 | LOCAL_MINIMA_BOTTLENECK_HAZARD | TRIGGER_DYNAMIC_VELOCITY_BURST_KICK | 422
STAT-02569 | -0.7391 | -0.0000 | 43.4180 | LOCAL_MINIMA_BOTTLENECK_HAZARD | TRIGGER_DYNAMIC_VELOCITY_BURST_KICK | 422
STAT-02570 | -0.7391 | -0.0000 | 86.4370 | LOCAL_MINIMA_BOTTLENECK_HAZARD | TRIGGER_DYNAMIC_VELOCITY_BURST_KICK | 422
STAT-02571 | -0.7391 | -0.0000 | 69.2610 | LOCAL_MINIMA_BOTTLENECK_HAZARD | TRIGGER_DYNAMIC_VELOCITY_BURST_KICK | 422
STAT-02572 | -0.7391 | 0.0000 | 74.7260 | LOCAL_MINIMA_BOTTLENECK_HAZARD | TRIGGER_DYNAMIC_VELOCITY_BURST_KICK | 422
STAT-02573 | -0.7391 | 0.0000 | 37.2380 | LOCAL_MINIMA_BOTTLENECK_HAZARD | TRIGGER_DYNAMIC_VELOCITY_BURST_KICK | 422
STAT-02574 | -0.7391 | 0.0000 | 5.7060 | LOCAL_MINIMA_BOTTLENECK_HAZARD | TRIGGER_DYNAMIC_VELOCITY_BURST_KICK | 422
STAT-02575 | -0.7391 | 0.0000 | 15.2550 | LOCAL_MINIMA_BOTTLENECK_HAZARD | TRIGGER_DYNAMIC_VELOCITY_BURST_KICK | 422
STAT-02576 | -0.7391 | 0.0000 | 43.2740 | LOCAL_MINIMA_BOTTLENECK_HAZARD | TRIGGER_DYNAMIC_VELOCITY_BURST_KICK | 422
STAT-02577 | -0.7391 | -0.0000 | 29.8480 | LOCAL_MINIMA_BOTTLENECK_HAZARD | TRIGGER_DYNAMIC_VELOCITY_BURST_KICK | 422
STAT-02578 | -0.7391 | -0.0000 | 71.4160 | LOCAL_MINIMA_BOTTLENECK_HAZARD | TRIGGER_DYNAMIC_VELOCITY_BURST_KICK | 422
STAT-02579 | -0.7391 | -0.0000 | 54.5830 | LOCAL_MINIMA_BOTTLENECK_HAZARD | TRIGGER_DYNAMIC_VELOCITY_BURST_KICK | 422
STAT-02580 | -0.7391 | -0.0000 | 5.3530 | LOCAL_MINIMA_BOTTLENECK_HAZARD | TRIGGER_DYNAMIC_VELOCITY_BURST_KICK | 422
STAT-02581 | -0.7391 | -0.0000 | 78.4950 | LOCAL_MINIMA_BOTTLENECK_HAZARD | TRIGGER_DYNAMIC_VELOCITY_BURST_KICK | 422
STAT-02582 | -0.7391 | 0.0000 | 20.3610 | LOCAL_MINIMA_BOTTLENECK_HAZARD | TRIGGER_DYNAMIC_VELOCITY_BURST_KICK | 422
STAT-02583 | -0.7391 | 0.0000 | 32.1410 | LOCAL_MINIMA_BOTTLENECK_HAZARD | TRIGGER_DYNAMIC_VELOCITY_BURST_KICK | 422
STAT-02584 | -0.7391 | 0.0000 | 14.4250 | LOCAL_MINIMA_BOTTLENECK_HAZARD | TRIGGER_DYNAMIC_VELOCITY_BURST_KICK | 422
STAT-02585 | -0.7391 | 0.0000 | 2.9610 | CONVERGING_GLOBAL_MINIMA_TARGET | COMMIT_OPTIMIZED_MATRIX_WEIGHT_STEP | 200
STAT-02586 | -0.7391 | 0.0000 | 61.8660 | LOCAL_MINIMA_BOTTLENECK_HAZARD | TRIGGER_DYNAMIC_VELOCITY_BURST_KICK | 422
STAT-02587 | -0.7391 | -0.0000 | 22.2730 | LOCAL_MINIMA_BOTTLENECK_HAZARD | TRIGGER_DYNAMIC_VELOCITY_BURST_KICK | 422
STAT-02588 | -0.7391 | -0.0000 | 5.3620 | LOCAL_MINIMA_BOTTLENECK_HAZARD | TRIGGER_DYNAMIC_VELOCITY_BURST_KICK | 422
STAT-02589 | -0.7391 | -0.0000 | 63.3170 | LOCAL_MINIMA_BOTTLENECK_HAZARD | TRIGGER_DYNAMIC_VELOCITY_BURST_KICK | 422
STAT-02590 | -0.7391 | -0.0000 | 11.5600 | LOCAL_MINIMA_BOTTLENECK_HAZARD | TRIGGER_DYNAMIC_VELOCITY_BURST_KICK | 422
STAT-02591 | -0.7391 | -0.0000 | 21.6700 | LOCAL_MINIMA_BOTTLENECK_HAZARD | TRIGGER_DYNAMIC_VELOCITY_BURST_KICK | 422
STAT-02592 | -0.7391 | 0.0000 | 10.5520 | LOCAL_MINIMA_BOTTLENECK_HAZARD | TRIGGER_DYNAMIC_VELOCITY_BURST_KICK | 422
STAT-02593 | -0.7391 | 0.0000 | 57.4410 | LOCAL_MINIMA_BOTTLENECK_HAZARD | TRIGGER_DYNAMIC_VELOCITY_BURST_KICK | 422
STAT-02594 | -0.7391 | 0.0000 | 68.1970 | LOCAL_MINIMA_BOTTLENECK_HAZARD | TRIGGER_DYNAMIC_VELOCITY_BURST_KICK | 422
STAT-02595 | -0.7391 | 0.0000 | 20.1610 | LOCAL_MINIMA_BOTTLENECK_HAZARD | TRIGGER_DYNAMIC_VELOCITY_BURST_KICK | 422
STAT-02596 | -0.7391 | 0.0000 | 9.4720 | LOCAL_MINIMA_BOTTLENECK_HAZARD | TRIGGER_DYNAMIC_VELOCITY_BURST_KICK | 422
STAT-02597 | -0.7391 | -0.0000 | 11.4350 | LOCAL_MINIMA_BOTTLENECK_HAZARD | TRIGGER_DYNAMIC_VELOCITY_BURST_KICK | 422
STAT-02598 | -0.7391 | -0.0000 | 10.5750 | LOCAL_MINIMA_BOTTLENECK_HAZARD | TRIGGER_DYNAMIC_VELOCITY_BURST_KICK | 422
STAT-02599 | -0.7391 | -0.0000 | 14.9080 | LOCAL_MINIMA_BOTTLENECK_HAZARD | TRIGGER_DYNAMIC_VELOCITY_BURST_KICK | 422
STAT-02600 | -0.7391 | -0.0000 | 27.9340 | LOCAL_MINIMA_BOTTLENECK_HAZARD | TRIGGER_DYNAMIC_VELOCITY_BURST_KICK | 422
STAT-02601 | -0.7391 | -0.0000 | 18.4830 | LOCAL_MINIMA_BOTTLENECK_HAZARD | TRIGGER_DYNAMIC_VELOCITY_BURST_KICK | 422
STAT-02602 | -0.7391 | 0.0000 | 31.0330 | LOCAL_MINIMA_BOTTLENECK_HAZARD | TRIGGER_DYNAMIC_VELOCITY_BURST_KICK | 422
STAT-02603 | -0.7391 | 0.0000 | 48.2340 | LOCAL_MINIMA_BOTTLENECK_HAZARD | TRIGGER_DYNAMIC_VELOCITY_BURST_KICK | 422
STAT-02604 | -0.7391 | 0.0000 | 11.5040 | LOCAL_MINIMA_BOTTLENECK_HAZARD | TRIGGER_DYNAMIC_VELOCITY_BURST_KICK | 422
STAT-02605 | -0.7391 | 0.0000 | 89.0940 | LOCAL_MINIMA_BOTTLENECK_HAZARD | TRIGGER_DYNAMIC_VELOCITY_BURST_KICK | 422
STAT-02606 | -0.7391 | 0.0000 | 2.9310 | CONVERGING_GLOBAL_MINIMA_TARGET | COMMIT_OPTIMIZED_MATRIX_WEIGHT_STEP | 200
STAT-02607 | -0.7391 | -0.0000 | 60.6750 | LOCAL_MINIMA_BOTTLENECK_HAZARD | TRIGGER_DYNAMIC_VELOCITY_BURST_KICK | 422
STAT-02608 | -0.7391 | -0.0000 | 53.3720 | LOCAL_MINIMA_BOTTLENECK_HAZARD | TRIGGER_DYNAMIC_VELOCITY_BURST_KICK | 422
STAT-02609 | -0.7391 | -0.0000 | 7.0970 | LOCAL_MINIMA_BOTTLENECK_HAZARD | TRIGGER_DYNAMIC_VELOCITY_BURST_KICK | 422
STAT-02610 | -0.7391 | -0.0000 | 22.3600 | LOCAL_MINIMA_BOTTLENECK_HAZARD | TRIGGER_DYNAMIC_VELOCITY_BURST_KICK | 422
STAT-02611 | -0.7391 | -0.0000 | 66.6590 | LOCAL_MINIMA_BOTTLENECK_HAZARD | TRIGGER_DYNAMIC_VELOCITY_BURST_KICK | 422
STAT-02612 | -0.7391 | 0.0000 | 33.4490 | LOCAL_MINIMA_BOTTLENECK_HAZARD | TRIGGER_DYNAMIC_VELOCITY_BURST_KICK | 422
STAT-02613 | -0.7391 | 0.0000 | 39.0900 | LOCAL_MINIMA_BOTTLENECK_HAZARD | TRIGGER_DYNAMIC_VELOCITY_BURST_KICK | 422
STAT-02614 | -0.7391 | 0.0000 | 24.5430 | LOCAL_MINIMA_BOTTLENECK_HAZARD | TRIGGER_DYNAMIC_VELOCITY_BURST_KICK | 422
STAT-02615 | -0.7391 | 0.0000 | 4.2620 | CONVERGING_GLOBAL_MINIMA_TARGET | COMMIT_OPTIMIZED_MATRIX_WEIGHT_STEP | 200
STAT-02616 | -0.7391 | 0.0000 | 49.0060 | LOCAL_MINIMA_BOTTLENECK_HAZARD | TRIGGER_DYNAMIC_VELOCITY_BURST_KICK | 422
STAT-02617 | -0.7391 | -0.0000 | 46.5630 | LOCAL_MINIMA_BOTTLENECK_HAZARD | TRIGGER_DYNAMIC_VELOCITY_BURST_KICK | 422
STAT-02618 | -0.7391 | -0.0000 | 27.8270 | LOCAL_MINIMA_BOTTLENECK_HAZARD | TRIGGER_DYNAMIC_VELOCITY_BURST_KICK | 422
STAT-02619 | -0.7391 | -0.0000 | 12.3630 | LOCAL_MINIMA_BOTTLENECK_HAZARD | TRIGGER_DYNAMIC_VELOCITY_BURST_KICK | 422
STAT-02620 | -0.7391 | -0.0000 | 34.6250 | LOCAL_MINIMA_BOTTLENECK_HAZARD | TRIGGER_DYNAMIC_VELOCITY_BURST_KICK | 422
STAT-02621 | -0.7391 | -0.0000 | 56.1150 | LOCAL_MINIMA_BOTTLENECK_HAZARD | TRIGGER_DYNAMIC_VELOCITY_BURST_KICK | 422
STAT-02622 | -0.7391 | 0.0000 | 68.2460 | LOCAL_MINIMA_BOTTLENECK_HAZARD | TRIGGER_DYNAMIC_VELOCITY_BURST_KICK | 422
STAT-02623 | -0.7391 | 0.0000 | 33.9390 | LOCAL_MINIMA_BOTTLENECK_HAZARD | TRIGGER_DYNAMIC_VELOCITY_BURST_KICK | 422
STAT-02624 | -0.7391 | 0.0000 | 39.7260 | LOCAL_MINIMA_BOTTLENECK_HAZARD | TRIGGER_DYNAMIC_VELOCITY_BURST_KICK | 422
STAT-02625 | -0.7391 | 0.0000 | 63.9170 | LOCAL_MINIMA_BOTTLENECK_HAZARD | TRIGGER_DYNAMIC_VELOCITY_BURST_KICK | 422
STAT-02626 | -0.7391 | 0.0000 | 59.5750 | LOCAL_MINIMA_BOTTLENECK_HAZARD | TRIGGER_DYNAMIC_VELOCITY_BURST_KICK | 422
STAT-02627 | -0.7391 | -0.0000 | 19.5640 | LOCAL_MINIMA_BOTTLENECK_HAZARD | TRIGGER_DYNAMIC_VELOCITY_BURST_KICK | 422
STAT-02628 | -0.7391 | -0.0000 | 12.7120 | LOCAL_MINIMA_BOTTLENECK_HAZARD | TRIGGER_DYNAMIC_VELOCITY_BURST_KICK | 422
STAT-02629 | -0.7391 | -0.0000 | 0.9620 | CONVERGING_GLOBAL_MINIMA_TARGET | COMMIT_OPTIMIZED_MATRIX_WEIGHT_STEP | 200
STAT-02630 | -0.7391 | -0.0000 | 53.5490 | LOCAL_MINIMA_BOTTLENECK_HAZARD | TRIGGER_DYNAMIC_VELOCITY_BURST_KICK | 422
STAT-02631 | -0.7391 | -0.0000 | 21.2240 | LOCAL_MINIMA_BOTTLENECK_HAZARD | TRIGGER_DYNAMIC_VELOCITY_BURST_KICK | 422
STAT-02632 | -0.7391 | 0.0000 | 7.9300 | LOCAL_MINIMA_BOTTLENECK_HAZARD | TRIGGER_DYNAMIC_VELOCITY_BURST_KICK | 422
STAT-02633 | -0.7391 | 0.0000 | 53.4130 | LOCAL_MINIMA_BOTTLENECK_HAZARD | TRIGGER_DYNAMIC_VELOCITY_BURST_KICK | 422
STAT-02634 | -0.7391 | 0.0000 | 41.0590 | LOCAL_MINIMA_BOTTLENECK_HAZARD | TRIGGER_DYNAMIC_VELOCITY_BURST_KICK | 422
STAT-02635 | -0.7391 | 0.0000 | 34.4190 | LOCAL_MINIMA_BOTTLENECK_HAZARD | TRIGGER_DYNAMIC_VELOCITY_BURST_KICK | 422
STAT-02636 | -0.7391 | 0.0000 | 61.6540 | LOCAL_MINIMA_BOTTLENECK_HAZARD | TRIGGER_DYNAMIC_VELOCITY_BURST_KICK | 422
STAT-02637 | -0.7391 | -0.0000 | 22.9150 | LOCAL_MINIMA_BOTTLENECK_HAZARD | TRIGGER_DYNAMIC_VELOCITY_BURST_KICK | 422
STAT-02638 | -0.7391 | -0.0000 | 41.1350 | LOCAL_MINIMA_BOTTLENECK_HAZARD | TRIGGER_DYNAMIC_VELOCITY_BURST_KICK | 422
STAT-02639 | -0.7391 | -0.0000 | 90.8470 | LOCAL_MINIMA_BOTTLENECK_HAZARD | TRIGGER_DYNAMIC_VELOCITY_BURST_KICK | 422
STAT-02640 | -0.7391 | -0.0000 | 65.5900 | LOCAL_MINIMA_BOTTLENECK_HAZARD | TRIGGER_DYNAMIC_VELOCITY_BURST_KICK | 422
STAT-02641 | -0.7391 | -0.0000 | 4.9260 | CONVERGING_GLOBAL_MINIMA_TARGET | COMMIT_OPTIMIZED_MATRIX_WEIGHT_STEP | 200
STAT-02642 | -0.7391 | 0.0000 | 44.6040 | LOCAL_MINIMA_BOTTLENECK_HAZARD | TRIGGER_DYNAMIC_VELOCITY_BURST_KICK | 422
STAT-02643 | -0.7391 | 0.0000 | 17.8820 | LOCAL_MINIMA_BOTTLENECK_HAZARD | TRIGGER_DYNAMIC_VELOCITY_BURST_KICK | 422
STAT-02644 | -0.7391 | 0.0000 | 10.7820 | LOCAL_MINIMA_BOTTLENECK_HAZARD | TRIGGER_DYNAMIC_VELOCITY_BURST_KICK | 422
STAT-02645 | -0.7391 | 0.0000 | 25.3510 | LOCAL_MINIMA_BOTTLENECK_HAZARD | TRIGGER_DYNAMIC_VELOCITY_BURST_KICK | 422
STAT-02646 | -0.7391 | 0.0000 | 19.6080 | LOCAL_MINIMA_BOTTLENECK_HAZARD | TRIGGER_DYNAMIC_VELOCITY_BURST_KICK | 422
STAT-02647 | -0.7391 | -0.0000 | 89.1410 | LOCAL_MINIMA_BOTTLENECK_HAZARD | TRIGGER_DYNAMIC_VELOCITY_BURST_KICK | 422
STAT-02648 | -0.7391 | -0.0000 | 17.5940 | LOCAL_MINIMA_BOTTLENECK_HAZARD | TRIGGER_DYNAMIC_VELOCITY_BURST_KICK | 422
STAT-02649 | -0.7391 | -0.0000 | 6.0700 | LOCAL_MINIMA_BOTTLENECK_HAZARD | TRIGGER_DYNAMIC_VELOCITY_BURST_KICK | 422
STAT-02650 | -0.7391 | -0.0000 | 2.5670 | CONVERGING_GLOBAL_MINIMA_TARGET | COMMIT_OPTIMIZED_MATRIX_WEIGHT_STEP | 200
STAT-02651 | -0.7391 | -0.0000 | 26.9850 | LOCAL_MINIMA_BOTTLENECK_HAZARD | TRIGGER_DYNAMIC_VELOCITY_BURST_KICK | 422
STAT-02652 | -0.7391 | 0.0000 | 11.6880 | LOCAL_MINIMA_BOTTLENECK_HAZARD | TRIGGER_DYNAMIC_VELOCITY_BURST_KICK | 422
STAT-02653 | -0.7391 | 0.0000 | 30.2130 | LOCAL_MINIMA_BOTTLENECK_HAZARD | TRIGGER_DYNAMIC_VELOCITY_BURST_KICK | 422
STAT-02654 | -0.7391 | 0.0000 | 27.7110 | LOCAL_MINIMA_BOTTLENECK_HAZARD | TRIGGER_DYNAMIC_VELOCITY_BURST_KICK | 422
STAT-02655 | -0.7391 | 0.0000 | 48.9970 | LOCAL_MINIMA_BOTTLENECK_HAZARD | TRIGGER_DYNAMIC_VELOCITY_BURST_KICK | 422
STAT-02656 | -0.7391 | 0.0000 | 44.0130 | LOCAL_MINIMA_BOTTLENECK_HAZARD | TRIGGER_DYNAMIC_VELOCITY_BURST_KICK | 422
STAT-02657 | -0.7391 | -0.0000 | 20.7440 | LOCAL_MINIMA_BOTTLENECK_HAZARD | TRIGGER_DYNAMIC_VELOCITY_BURST_KICK | 422
STAT-02658 | -0.7391 | -0.0000 | 52.7090 | LOCAL_MINIMA_BOTTLENECK_HAZARD | TRIGGER_DYNAMIC_VELOCITY_BURST_KICK | 422
STAT-02659 | -0.7391 | -0.0000 | 74.0180 | LOCAL_MINIMA_BOTTLENECK_HAZARD | TRIGGER_DYNAMIC_VELOCITY_BURST_KICK | 422
STAT-02660 | -0.7391 | -0.0000 | 8.8250 | LOCAL_MINIMA_BOTTLENECK_HAZARD | TRIGGER_DYNAMIC_VELOCITY_BURST_KICK | 422
STAT-02661 | -0.7391 | 0.0000 | 30.7090 | LOCAL_MINIMA_BOTTLENECK_HAZARD | TRIGGER_DYNAMIC_VELOCITY_BURST_KICK | 422
STAT-02662 | -0.7391 | 0.0000 | 62.5860 | LOCAL_MINIMA_BOTTLENECK_HAZARD | TRIGGER_DYNAMIC_VELOCITY_BURST_KICK | 422
STAT-02663 | -0.7391 | 0.0000 | 38.8550 | LOCAL_MINIMA_BOTTLENECK_HAZARD | TRIGGER_DYNAMIC_VELOCITY_BURST_KICK | 422
STAT-02664 | -0.7391 | 0.0000 | 6.2870 | LOCAL_MINIMA_BOTTLENECK_HAZARD | TRIGGER_DYNAMIC_VELOCITY_BURST_KICK | 422
STAT-02665 | -0.7391 | 0.0000 | 7.5200 | LOCAL_MINIMA_BOTTLENECK_HAZARD | TRIGGER_DYNAMIC_VELOCITY_BURST_KICK | 422
STAT-02666 | -0.7391 | -0.0000 | 30.5120 | LOCAL_MINIMA_BOTTLENECK_HAZARD | TRIGGER_DYNAMIC_VELOCITY_BURST_KICK | 422
STAT-02667 | -0.7391 | -0.0000 | 26.1730 | LOCAL_MINIMA_BOTTLENECK_HAZARD | TRIGGER_DYNAMIC_VELOCITY_BURST_KICK | 422
STAT-02668 | -0.7391 | -0.0000 | 35.3860 | LOCAL_MINIMA_BOTTLENECK_HAZARD | TRIGGER_DYNAMIC_VELOCITY_BURST_KICK | 422
STAT-02669 | -0.7391 | -0.0000 | 64.8910 | LOCAL_MINIMA_BOTTLENECK_HAZARD | TRIGGER_DYNAMIC_VELOCITY_BURST_KICK | 422
STAT-02670 | -0.7391 | -0.0000 | 24.3810 | LOCAL_MINIMA_BOTTLENECK_HAZARD | TRIGGER_DYNAMIC_VELOCITY_BURST_KICK | 422
STAT-02671 | -0.7391 | 0.0000 | 37.9200 | LOCAL_MINIMA_BOTTLENECK_HAZARD | TRIGGER_DYNAMIC_VELOCITY_BURST_KICK | 422
STAT-02672 | -0.7391 | 0.0000 | 16.4630 | LOCAL_MINIMA_BOTTLENECK_HAZARD | TRIGGER_DYNAMIC_VELOCITY_BURST_KICK | 422
STAT-02673 | -0.7391 | 0.0000 | 11.1590 | LOCAL_MINIMA_BOTTLENECK_HAZARD | TRIGGER_DYNAMIC_VELOCITY_BURST_KICK | 422
STAT-02674 | -0.7391 | 0.0000 | 21.1170 | LOCAL_MINIMA_BOTTLENECK_HAZARD | TRIGGER_DYNAMIC_VELOCITY_BURST_KICK | 422
STAT-02675 | -0.7391 | 0.0000 | 78.9440 | LOCAL_MINIMA_BOTTLENECK_HAZARD | TRIGGER_DYNAMIC_VELOCITY_BURST_KICK | 422
STAT-02676 | -0.7391 | -0.0000 | 71.0570 | LOCAL_MINIMA_BOTTLENECK_HAZARD | TRIGGER_DYNAMIC_VELOCITY_BURST_KICK | 422
STAT-02677 | -0.7391 | -0.0000 | 2.1680 | CONVERGING_GLOBAL_MINIMA_TARGET | COMMIT_OPTIMIZED_MATRIX_WEIGHT_STEP | 200
STAT-02678 | -0.7391 | -0.0000 | 52.4060 | LOCAL_MINIMA_BOTTLENECK_HAZARD | TRIGGER_DYNAMIC_VELOCITY_BURST_KICK | 422
STAT-02679 | -0.7391 | -0.0000 | 29.2220 | LOCAL_MINIMA_BOTTLENECK_HAZARD | TRIGGER_DYNAMIC_VELOCITY_BURST_KICK | 422
STAT-02680 | -0.7391 | -0.0000 | 32.0750 | LOCAL_MINIMA_BOTTLENECK_HAZARD | TRIGGER_DYNAMIC_VELOCITY_BURST_KICK | 422
STAT-02681 | -0.7391 | 0.0000 | 28.3790 | LOCAL_MINIMA_BOTTLENECK_HAZARD | TRIGGER_DYNAMIC_VELOCITY_BURST_KICK | 422
STAT-02682 | -0.7391 | 0.0000 | 11.8430 | LOCAL_MINIMA_BOTTLENECK_HAZARD | TRIGGER_DYNAMIC_VELOCITY_BURST_KICK | 422
STAT-02683 | -0.7391 | 0.0000 | 76.0650 | LOCAL_MINIMA_BOTTLENECK_HAZARD | TRIGGER_DYNAMIC_VELOCITY_BURST_KICK | 422
STAT-02684 | -0.7391 | 0.0000 | 28.1220 | LOCAL_MINIMA_BOTTLENECK_HAZARD | TRIGGER_DYNAMIC_VELOCITY_BURST_KICK | 422
STAT-02685 | -0.7391 | 0.0000 | 43.6340 | LOCAL_MINIMA_BOTTLENECK_HAZARD | TRIGGER_DYNAMIC_VELOCITY_BURST_KICK | 422
STAT-02686 | -0.7391 | -0.0000 | 41.8750 | LOCAL_MINIMA_BOTTLENECK_HAZARD | TRIGGER_DYNAMIC_VELOCITY_BURST_KICK | 422
STAT-02687 | -0.7391 | -0.0000 | 16.0550 | LOCAL_MINIMA_BOTTLENECK_HAZARD | TRIGGER_DYNAMIC_VELOCITY_BURST_KICK | 422
STAT-02688 | -0.7391 | -0.0000 | 53.1440 | LOCAL_MINIMA_BOTTLENECK_HAZARD | TRIGGER_DYNAMIC_VELOCITY_BURST_KICK | 422
STAT-02689 | -0.7391 | -0.0000 | 38.1880 | LOCAL_MINIMA_BOTTLENECK_HAZARD | TRIGGER_DYNAMIC_VELOCITY_BURST_KICK | 422
STAT-02690 | -0.7391 | -0.0000 | 7.9180 | LOCAL_MINIMA_BOTTLENECK_HAZARD | TRIGGER_DYNAMIC_VELOCITY_BURST_KICK | 422
STAT-02691 | -0.7391 | 0.0000 | 21.1930 | LOCAL_MINIMA_BOTTLENECK_HAZARD | TRIGGER_DYNAMIC_VELOCITY_BURST_KICK | 422
STAT-02692 | -0.7391 | 0.0000 | 36.0050 | LOCAL_MINIMA_BOTTLENECK_HAZARD | TRIGGER_DYNAMIC_VELOCITY_BURST_KICK | 422
STAT-02693 | -0.7391 | 0.0000 | 33.5040 | LOCAL_MINIMA_BOTTLENECK_HAZARD | TRIGGER_DYNAMIC_VELOCITY_BURST_KICK | 422
STAT-02694 | -0.7391 | 0.0000 | 3.4170 | CONVERGING_GLOBAL_MINIMA_TARGET | COMMIT_OPTIMIZED_MATRIX_WEIGHT_STEP | 200
STAT-02695 | -0.7391 | 0.0000 | 43.2550 | LOCAL_MINIMA_BOTTLENECK_HAZARD | TRIGGER_DYNAMIC_VELOCITY_BURST_KICK | 422
STAT-02696 | -0.7391 | -0.0000 | 11.0190 | LOCAL_MINIMA_BOTTLENECK_HAZARD | TRIGGER_DYNAMIC_VELOCITY_BURST_KICK | 422
STAT-02697 | -0.7391 | -0.0000 | 6.5660 | LOCAL_MINIMA_BOTTLENECK_HAZARD | TRIGGER_DYNAMIC_VELOCITY_BURST_KICK | 422
STAT-02698 | -0.7391 | -0.0000 | 5.1280 | LOCAL_MINIMA_BOTTLENECK_HAZARD | TRIGGER_DYNAMIC_VELOCITY_BURST_KICK | 422
STAT-02699 | -0.7391 | -0.0000 | 78.7310 | LOCAL_MINIMA_BOTTLENECK_HAZARD | TRIGGER_DYNAMIC_VELOCITY_BURST_KICK | 422
STAT-02700 | -0.7391 | -0.0000 | 20.0970 | LOCAL_MINIMA_BOTTLENECK_HAZARD | TRIGGER_DYNAMIC_VELOCITY_BURST_KICK | 422
STAT-02701 | -0.7391 | 0.0000 | 13.5110 | LOCAL_MINIMA_BOTTLENECK_HAZARD | TRIGGER_DYNAMIC_VELOCITY_BURST_KICK | 422
STAT-02702 | -0.7391 | 0.0000 | 29.1130 | LOCAL_MINIMA_BOTTLENECK_HAZARD | TRIGGER_DYNAMIC_VELOCITY_BURST_KICK | 422
STAT-02703 | -0.7391 | 0.0000 | 16.7540 | LOCAL_MINIMA_BOTTLENECK_HAZARD | TRIGGER_DYNAMIC_VELOCITY_BURST_KICK | 422
STAT-02704 | -0.7391 | 0.0000 | 41.1220 | LOCAL_MINIMA_BOTTLENECK_HAZARD | TRIGGER_DYNAMIC_VELOCITY_BURST_KICK | 422
STAT-02705 | -0.7391 | 0.0000 | 59.0010 | LOCAL_MINIMA_BOTTLENECK_HAZARD | TRIGGER_DYNAMIC_VELOCITY_BURST_KICK | 422
STAT-02706 | -0.7391 | -0.0000 | 26.5800 | LOCAL_MINIMA_BOTTLENECK_HAZARD | TRIGGER_DYNAMIC_VELOCITY_BURST_KICK | 422
STAT-02707 | -0.7391 | -0.0000 | 60.6340 | LOCAL_MINIMA_BOTTLENECK_HAZARD | TRIGGER_DYNAMIC_VELOCITY_BURST_KICK | 422
STAT-02708 | -0.7391 | -0.0000 | 54.7540 | LOCAL_MINIMA_BOTTLENECK_HAZARD | TRIGGER_DYNAMIC_VELOCITY_BURST_KICK | 422
STAT-02709 | -0.7391 | -0.0000 | 32.3230 | LOCAL_MINIMA_BOTTLENECK_HAZARD | TRIGGER_DYNAMIC_VELOCITY_BURST_KICK | 422
STAT-02710 | -0.7391 | -0.0000 | 57.2140 | LOCAL_MINIMA_BOTTLENECK_HAZARD | TRIGGER_DYNAMIC_VELOCITY_BURST_KICK | 422
STAT-02711 | -0.7391 | 0.0000 | 40.4390 | LOCAL_MINIMA_BOTTLENECK_HAZARD | TRIGGER_DYNAMIC_VELOCITY_BURST_KICK | 422
STAT-02712 | -0.7391 | 0.0000 | 67.0160 | LOCAL_MINIMA_BOTTLENECK_HAZARD | TRIGGER_DYNAMIC_VELOCITY_BURST_KICK | 422
STAT-02713 | -0.7391 | 0.0000 | 1.1040 | CONVERGING_GLOBAL_MINIMA_TARGET | COMMIT_OPTIMIZED_MATRIX_WEIGHT_STEP | 200
STAT-02714 | -0.7391 | 0.0000 | 63.2800 | LOCAL_MINIMA_BOTTLENECK_HAZARD | TRIGGER_DYNAMIC_VELOCITY_BURST_KICK | 422
STAT-02715 | -0.7391 | 0.0000 | 35.0560 | LOCAL_MINIMA_BOTTLENECK_HAZARD | TRIGGER_DYNAMIC_VELOCITY_BURST_KICK | 422
STAT-02716 | -0.7391 | -0.0000 | 17.1070 | LOCAL_MINIMA_BOTTLENECK_HAZARD | TRIGGER_DYNAMIC_VELOCITY_BURST_KICK | 422
STAT-02717 | -0.7391 | -0.0000 | 30.7230 | LOCAL_MINIMA_BOTTLENECK_HAZARD | TRIGGER_DYNAMIC_VELOCITY_BURST_KICK | 422
STAT-02718 | -0.7391 | -0.0000 | 35.4790 | LOCAL_MINIMA_BOTTLENECK_HAZARD | TRIGGER_DYNAMIC_VELOCITY_BURST_KICK | 422
STAT-02719 | -0.7391 | -0.0000 | 62.6950 | LOCAL_MINIMA_BOTTLENECK_HAZARD | TRIGGER_DYNAMIC_VELOCITY_BURST_KICK | 422
STAT-02720 | -0.7391 | -0.0000 | 59.9600 | LOCAL_MINIMA_BOTTLENECK_HAZARD | TRIGGER_DYNAMIC_VELOCITY_BURST_KICK | 422
STAT-02721 | -0.7391 | 0.0000 | 64.0710 | LOCAL_MINIMA_BOTTLENECK_HAZARD | TRIGGER_DYNAMIC_VELOCITY_BURST_KICK | 422
STAT-02722 | -0.7391 | 0.0000 | 11.5500 | LOCAL_MINIMA_BOTTLENECK_HAZARD | TRIGGER_DYNAMIC_VELOCITY_BURST_KICK | 422
STAT-02723 | -0.7391 | 0.0000 | 33.6930 | LOCAL_MINIMA_BOTTLENECK_HAZARD | TRIGGER_DYNAMIC_VELOCITY_BURST_KICK | 422
STAT-02724 | -0.7391 | 0.0000 | 39.7700 | LOCAL_MINIMA_BOTTLENECK_HAZARD | TRIGGER_DYNAMIC_VELOCITY_BURST_KICK | 422
STAT-02725 | -0.7391 | 0.0000 | 43.8340 | LOCAL_MINIMA_BOTTLENECK_HAZARD | TRIGGER_DYNAMIC_VELOCITY_BURST_KICK | 422
STAT-02726 | -0.7391 | -0.0000 | 10.9860 | LOCAL_MINIMA_BOTTLENECK_HAZARD | TRIGGER_DYNAMIC_VELOCITY_BURST_KICK | 422
STAT-02727 | -0.7391 | -0.0000 | 45.0110 | LOCAL_MINIMA_BOTTLENECK_HAZARD | TRIGGER_DYNAMIC_VELOCITY_BURST_KICK | 422
STAT-02728 | -0.7391 | -0.0000 | 56.6110 | LOCAL_MINIMA_BOTTLENECK_HAZARD | TRIGGER_DYNAMIC_VELOCITY_BURST_KICK | 422
STAT-02729 | -0.7391 | -0.0000 | 41.3370 | LOCAL_MINIMA_BOTTLENECK_HAZARD | TRIGGER_DYNAMIC_VELOCITY_BURST_KICK | 422
STAT-02730 | -0.7391 | -0.0000 | 54.8200 | LOCAL_MINIMA_BOTTLENECK_HAZARD | TRIGGER_DYNAMIC_VELOCITY_BURST_KICK | 422
STAT-02731 | -0.7391 | 0.0000 | 36.1020 | LOCAL_MINIMA_BOTTLENECK_HAZARD | TRIGGER_DYNAMIC_VELOCITY_BURST_KICK | 422
STAT-02732 | -0.7391 | 0.0000 | 6.6250 | LOCAL_MINIMA_BOTTLENECK_HAZARD | TRIGGER_DYNAMIC_VELOCITY_BURST_KICK | 422
STAT-02733 | -0.7391 | 0.0000 | 28.7150 | LOCAL_MINIMA_BOTTLENECK_HAZARD | TRIGGER_DYNAMIC_VELOCITY_BURST_KICK | 422
STAT-02734 | -0.7391 | 0.0000 | 19.8990 | LOCAL_MINIMA_BOTTLENECK_HAZARD | TRIGGER_DYNAMIC_VELOCITY_BURST_KICK | 422
STAT-02735 | -0.7391 | 0.0000 | 30.0340 | LOCAL_MINIMA_BOTTLENECK_HAZARD | TRIGGER_DYNAMIC_VELOCITY_BURST_KICK | 422
STAT-02736 | -0.7391 | -0.0000 | 18.6170 | LOCAL_MINIMA_BOTTLENECK_HAZARD | TRIGGER_DYNAMIC_VELOCITY_BURST_KICK | 422
STAT-02737 | -0.7391 | -0.0000 | 29.1540 | LOCAL_MINIMA_BOTTLENECK_HAZARD | TRIGGER_DYNAMIC_VELOCITY_BURST_KICK | 422
STAT-02738 | -0.7391 | -0.0000 | 17.1240 | LOCAL_MINIMA_BOTTLENECK_HAZARD | TRIGGER_DYNAMIC_VELOCITY_BURST_KICK | 422
STAT-02739 | -0.7391 | -0.0000 | 86.6490 | LOCAL_MINIMA_BOTTLENECK_HAZARD | TRIGGER_DYNAMIC_VELOCITY_BURST_KICK | 422
STAT-02740 | -0.7391 | -0.0000 | 20.8630 | LOCAL_MINIMA_BOTTLENECK_HAZARD | TRIGGER_DYNAMIC_VELOCITY_BURST_KICK | 422
STAT-02741 | -0.7391 | 0.0000 | 49.2460 | LOCAL_MINIMA_BOTTLENECK_HAZARD | TRIGGER_DYNAMIC_VELOCITY_BURST_KICK | 422
STAT-02742 | -0.7391 | 0.0000 | 9.8370 | LOCAL_MINIMA_BOTTLENECK_HAZARD | TRIGGER_DYNAMIC_VELOCITY_BURST_KICK | 422
STAT-02743 | -0.7391 | 0.0000 | 43.3460 | LOCAL_MINIMA_BOTTLENECK_HAZARD | TRIGGER_DYNAMIC_VELOCITY_BURST_KICK | 422
STAT-02744 | -0.7391 | 0.0000 | 87.2530 | LOCAL_MINIMA_BOTTLENECK_HAZARD | TRIGGER_DYNAMIC_VELOCITY_BURST_KICK | 422
STAT-02745 | -0.7391 | 0.0000 | 33.2880 | LOCAL_MINIMA_BOTTLENECK_HAZARD | TRIGGER_DYNAMIC_VELOCITY_BURST_KICK | 422
STAT-02746 | -0.7391 | -0.0000 | 19.6270 | LOCAL_MINIMA_BOTTLENECK_HAZARD | TRIGGER_DYNAMIC_VELOCITY_BURST_KICK | 422
STAT-02747 | -0.7391 | -0.0000 | 11.2450 | LOCAL_MINIMA_BOTTLENECK_HAZARD | TRIGGER_DYNAMIC_VELOCITY_BURST_KICK | 422
STAT-02748 | -0.7391 | -0.0000 | 82.2610 | LOCAL_MINIMA_BOTTLENECK_HAZARD | TRIGGER_DYNAMIC_VELOCITY_BURST_KICK | 422
STAT-02749 | -0.7391 | -0.0000 | 81.1190 | LOCAL_MINIMA_BOTTLENECK_HAZARD | TRIGGER_DYNAMIC_VELOCITY_BURST_KICK | 422
STAT-02750 | -0.7391 | -0.0000 | 12.6810 | LOCAL_MINIMA_BOTTLENECK_HAZARD | TRIGGER_DYNAMIC_VELOCITY_BURST_KICK | 422
STAT-02751 | -0.7391 | 0.0000 | 22.9990 | LOCAL_MINIMA_BOTTLENECK_HAZARD | TRIGGER_DYNAMIC_VELOCITY_BURST_KICK | 422
STAT-02752 | -0.7391 | 0.0000 | 28.4710 | LOCAL_MINIMA_BOTTLENECK_HAZARD | TRIGGER_DYNAMIC_VELOCITY_BURST_KICK | 422
STAT-02753 | -0.7391 | 0.0000 | 53.6760 | LOCAL_MINIMA_BOTTLENECK_HAZARD | TRIGGER_DYNAMIC_VELOCITY_BURST_KICK | 422
STAT-02754 | -0.7391 | 0.0000 | 28.4100 | LOCAL_MINIMA_BOTTLENECK_HAZARD | TRIGGER_DYNAMIC_VELOCITY_BURST_KICK | 422
STAT-02755 | -0.7391 | 0.0000 | 70.3080 | LOCAL_MINIMA_BOTTLENECK_HAZARD | TRIGGER_DYNAMIC_VELOCITY_BURST_KICK | 422
STAT-02756 | -0.7391 | -0.0000 | 8.8660 | LOCAL_MINIMA_BOTTLENECK_HAZARD | TRIGGER_DYNAMIC_VELOCITY_BURST_KICK | 422
STAT-02757 | -0.7391 | -0.0000 | 5.9820 | LOCAL_MINIMA_BOTTLENECK_HAZARD | TRIGGER_DYNAMIC_VELOCITY_BURST_KICK | 422
STAT-02758 | -0.7391 | -0.0000 | 16.8350 | LOCAL_MINIMA_BOTTLENECK_HAZARD | TRIGGER_DYNAMIC_VELOCITY_BURST_KICK | 422
STAT-02759 | -0.7391 | -0.0000 | 7.5670 | LOCAL_MINIMA_BOTTLENECK_HAZARD | TRIGGER_DYNAMIC_VELOCITY_BURST_KICK | 422
STAT-02760 | -0.7391 | -0.0000 | 29.7640 | LOCAL_MINIMA_BOTTLENECK_HAZARD | TRIGGER_DYNAMIC_VELOCITY_BURST_KICK | 422
STAT-02761 | -0.7391 | 0.0000 | 32.9000 | LOCAL_MINIMA_BOTTLENECK_HAZARD | TRIGGER_DYNAMIC_VELOCITY_BURST_KICK | 422
STAT-02762 | -0.7391 | 0.0000 | 81.4270 | LOCAL_MINIMA_BOTTLENECK_HAZARD | TRIGGER_DYNAMIC_VELOCITY_BURST_KICK | 422
STAT-02763 | -0.7391 | 0.0000 | 59.6840 | LOCAL_MINIMA_BOTTLENECK_HAZARD | TRIGGER_DYNAMIC_VELOCITY_BURST_KICK | 422
STAT-02764 | -0.7391 | 0.0000 | 33.5480 | LOCAL_MINIMA_BOTTLENECK_HAZARD | TRIGGER_DYNAMIC_VELOCITY_BURST_KICK | 422
STAT-02765 | -0.7391 | 0.0000 | 55.2380 | LOCAL_MINIMA_BOTTLENECK_HAZARD | TRIGGER_DYNAMIC_VELOCITY_BURST_KICK | 422
STAT-02766 | -0.7391 | -0.0000 | 41.1730 | LOCAL_MINIMA_BOTTLENECK_HAZARD | TRIGGER_DYNAMIC_VELOCITY_BURST_KICK | 422
STAT-02767 | -0.7391 | -0.0000 | 17.3710 | LOCAL_MINIMA_BOTTLENECK_HAZARD | TRIGGER_DYNAMIC_VELOCITY_BURST_KICK | 422
STAT-02768 | -0.7391 | -0.0000 | 63.9450 | LOCAL_MINIMA_BOTTLENECK_HAZARD | TRIGGER_DYNAMIC_VELOCITY_BURST_KICK | 422
STAT-02769 | -0.7391 | -0.0000 | 17.8030 | LOCAL_MINIMA_BOTTLENECK_HAZARD | TRIGGER_DYNAMIC_VELOCITY_BURST_KICK | 422
STAT-02770 | -0.7391 | -0.0000 | 53.9780 | LOCAL_MINIMA_BOTTLENECK_HAZARD | TRIGGER_DYNAMIC_VELOCITY_BURST_KICK | 422
STAT-02771 | -0.7391 | 0.0000 | 24.8770 | LOCAL_MINIMA_BOTTLENECK_HAZARD | TRIGGER_DYNAMIC_VELOCITY_BURST_KICK | 422
STAT-02772 | -0.7391 | 0.0000 | 21.5130 | LOCAL_MINIMA_BOTTLENECK_HAZARD | TRIGGER_DYNAMIC_VELOCITY_BURST_KICK | 422
STAT-02773 | -0.7391 | 0.0000 | 27.4740 | LOCAL_MINIMA_BOTTLENECK_HAZARD | TRIGGER_DYNAMIC_VELOCITY_BURST_KICK | 422
STAT-02774 | -0.7391 | 0.0000 | 14.7400 | LOCAL_MINIMA_BOTTLENECK_HAZARD | TRIGGER_DYNAMIC_VELOCITY_BURST_KICK | 422
STAT-02775 | -0.7391 | 0.0000 | 67.9270 | LOCAL_MINIMA_BOTTLENECK_HAZARD | TRIGGER_DYNAMIC_VELOCITY_BURST_KICK | 422
STAT-02776 | -0.7391 | -0.0000 | 5.1320 | LOCAL_MINIMA_BOTTLENECK_HAZARD | TRIGGER_DYNAMIC_VELOCITY_BURST_KICK | 422
STAT-02777 | -0.7391 | -0.0000 | 26.6140 | LOCAL_MINIMA_BOTTLENECK_HAZARD | TRIGGER_DYNAMIC_VELOCITY_BURST_KICK | 422
STAT-02778 | -0.7391 | -0.0000 | 48.9300 | LOCAL_MINIMA_BOTTLENECK_HAZARD | TRIGGER_DYNAMIC_VELOCITY_BURST_KICK | 422
STAT-02779 | -0.7391 | -0.0000 | 34.3010 | LOCAL_MINIMA_BOTTLENECK_HAZARD | TRIGGER_DYNAMIC_VELOCITY_BURST_KICK | 422
STAT-02780 | -0.7391 | -0.0000 | 31.9310 | LOCAL_MINIMA_BOTTLENECK_HAZARD | TRIGGER_DYNAMIC_VELOCITY_BURST_KICK | 422
STAT-02781 | -0.7391 | 0.0000 | 28.2120 | LOCAL_MINIMA_BOTTLENECK_HAZARD | TRIGGER_DYNAMIC_VELOCITY_BURST_KICK | 422
STAT-02782 | -0.7391 | 0.0000 | 14.7350 | LOCAL_MINIMA_BOTTLENECK_HAZARD | TRIGGER_DYNAMIC_VELOCITY_BURST_KICK | 422
STAT-02783 | -0.7391 | 0.0000 | 24.9940 | LOCAL_MINIMA_BOTTLENECK_HAZARD | TRIGGER_DYNAMIC_VELOCITY_BURST_KICK | 422
STAT-02784 | -0.7391 | 0.0000 | 55.5620 | LOCAL_MINIMA_BOTTLENECK_HAZARD | TRIGGER_DYNAMIC_VELOCITY_BURST_KICK | 422
STAT-02785 | -0.7391 | 0.0000 | 84.1300 | LOCAL_MINIMA_BOTTLENECK_HAZARD | TRIGGER_DYNAMIC_VELOCITY_BURST_KICK | 422
STAT-02786 | -0.7391 | -0.0000 | 58.2740 | LOCAL_MINIMA_BOTTLENECK_HAZARD | TRIGGER_DYNAMIC_VELOCITY_BURST_KICK | 422
STAT-02787 | -0.7391 | -0.0000 | 38.0810 | LOCAL_MINIMA_BOTTLENECK_HAZARD | TRIGGER_DYNAMIC_VELOCITY_BURST_KICK | 422
STAT-02788 | -0.7391 | -0.0000 | 41.2000 | LOCAL_MINIMA_BOTTLENECK_HAZARD | TRIGGER_DYNAMIC_VELOCITY_BURST_KICK | 422
STAT-02789 | -0.7391 | -0.0000 | 95.9340 | LOCAL_MINIMA_BOTTLENECK_HAZARD | TRIGGER_DYNAMIC_VELOCITY_BURST_KICK | 422
STAT-02790 | -0.7391 | -0.0000 | 51.3560 | LOCAL_MINIMA_BOTTLENECK_HAZARD | TRIGGER_DYNAMIC_VELOCITY_BURST_KICK | 422
STAT-02791 | -0.7391 | 0.0000 | 20.7170 | LOCAL_MINIMA_BOTTLENECK_HAZARD | TRIGGER_DYNAMIC_VELOCITY_BURST_KICK | 422
STAT-02792 | -0.7391 | 0.0000 | 32.2490 | LOCAL_MINIMA_BOTTLENECK_HAZARD | TRIGGER_DYNAMIC_VELOCITY_BURST_KICK | 422
STAT-02793 | -0.7391 | 0.0000 | 66.1670 | LOCAL_MINIMA_BOTTLENECK_HAZARD | TRIGGER_DYNAMIC_VELOCITY_BURST_KICK | 422
STAT-02794 | -0.7391 | 0.0000 | 58.7660 | LOCAL_MINIMA_BOTTLENECK_HAZARD | TRIGGER_DYNAMIC_VELOCITY_BURST_KICK | 422
STAT-02795 | -0.7391 | 0.0000 | 0.5310 | CONVERGING_GLOBAL_MINIMA_TARGET | COMMIT_OPTIMIZED_MATRIX_WEIGHT_STEP | 200
STAT-02796 | -0.7391 | -0.0000 | 26.0210 | LOCAL_MINIMA_BOTTLENECK_HAZARD | TRIGGER_DYNAMIC_VELOCITY_BURST_KICK | 422
STAT-02797 | -0.7391 | -0.0000 | 56.5040 | LOCAL_MINIMA_BOTTLENECK_HAZARD | TRIGGER_DYNAMIC_VELOCITY_BURST_KICK | 422
STAT-02798 | -0.7391 | -0.0000 | 69.7740 | LOCAL_MINIMA_BOTTLENECK_HAZARD | TRIGGER_DYNAMIC_VELOCITY_BURST_KICK | 422
STAT-02799 | -0.7391 | -0.0000 | 89.4090 | LOCAL_MINIMA_BOTTLENECK_HAZARD | TRIGGER_DYNAMIC_VELOCITY_BURST_KICK | 422
STAT-02800 | -0.7391 | -0.0000 | 44.7190 | LOCAL_MINIMA_BOTTLENECK_HAZARD | TRIGGER_DYNAMIC_VELOCITY_BURST_KICK | 422
STAT-02801 | -0.7391 | 0.0000 | 21.2950 | LOCAL_MINIMA_BOTTLENECK_HAZARD | TRIGGER_DYNAMIC_VELOCITY_BURST_KICK | 422
STAT-02802 | -0.7391 | 0.0000 | 66.2370 | LOCAL_MINIMA_BOTTLENECK_HAZARD | TRIGGER_DYNAMIC_VELOCITY_BURST_KICK | 422
STAT-02803 | -0.7391 | 0.0000 | 37.1150 | LOCAL_MINIMA_BOTTLENECK_HAZARD | TRIGGER_DYNAMIC_VELOCITY_BURST_KICK | 422
STAT-02804 | -0.7391 | 0.0000 | 53.3710 | LOCAL_MINIMA_BOTTLENECK_HAZARD | TRIGGER_DYNAMIC_VELOCITY_BURST_KICK | 422
STAT-02805 | -0.7391 | 0.0000 | 5.2210 | LOCAL_MINIMA_BOTTLENECK_HAZARD | TRIGGER_DYNAMIC_VELOCITY_BURST_KICK | 422
STAT-02806 | -0.7391 | -0.0000 | 74.4700 | LOCAL_MINIMA_BOTTLENECK_HAZARD | TRIGGER_DYNAMIC_VELOCITY_BURST_KICK | 422
STAT-02807 | -0.7391 | -0.0000 | 14.5140 | LOCAL_MINIMA_BOTTLENECK_HAZARD | TRIGGER_DYNAMIC_VELOCITY_BURST_KICK | 422
STAT-02808 | -0.7391 | -0.0000 | 81.6600 | LOCAL_MINIMA_BOTTLENECK_HAZARD | TRIGGER_DYNAMIC_VELOCITY_BURST_KICK | 422
STAT-02809 | -0.7391 | -0.0000 | 6.0810 | LOCAL_MINIMA_BOTTLENECK_HAZARD | TRIGGER_DYNAMIC_VELOCITY_BURST_KICK | 422
STAT-02810 | -0.7391 | -0.0000 | 8.7510 | LOCAL_MINIMA_BOTTLENECK_HAZARD | TRIGGER_DYNAMIC_VELOCITY_BURST_KICK | 422
STAT-02811 | -0.7391 | 0.0000 | 42.0740 | LOCAL_MINIMA_BOTTLENECK_HAZARD | TRIGGER_DYNAMIC_VELOCITY_BURST_KICK | 422
STAT-02812 | -0.7391 | 0.0000 | 74.6570 | LOCAL_MINIMA_BOTTLENECK_HAZARD | TRIGGER_DYNAMIC_VELOCITY_BURST_KICK | 422
STAT-02813 | -0.7391 | 0.0000 | 33.0020 | LOCAL_MINIMA_BOTTLENECK_HAZARD | TRIGGER_DYNAMIC_VELOCITY_BURST_KICK | 422
STAT-02814 | -0.7391 | 0.0000 | 26.4750 | LOCAL_MINIMA_BOTTLENECK_HAZARD | TRIGGER_DYNAMIC_VELOCITY_BURST_KICK | 422
STAT-02815 | -0.7391 | 0.0000 | 56.1960 | LOCAL_MINIMA_BOTTLENECK_HAZARD | TRIGGER_DYNAMIC_VELOCITY_BURST_KICK | 422
STAT-02816 | -0.7391 | -0.0000 | 66.4360 | LOCAL_MINIMA_BOTTLENECK_HAZARD | TRIGGER_DYNAMIC_VELOCITY_BURST_KICK | 422
STAT-02817 | -0.7391 | -0.0000 | 44.4220 | LOCAL_MINIMA_BOTTLENECK_HAZARD | TRIGGER_DYNAMIC_VELOCITY_BURST_KICK | 422
STAT-02818 | -0.7391 | -0.0000 | 28.7650 | LOCAL_MINIMA_BOTTLENECK_HAZARD | TRIGGER_DYNAMIC_VELOCITY_BURST_KICK | 422
STAT-02819 | -0.7391 | -0.0000 | 79.4200 | LOCAL_MINIMA_BOTTLENECK_HAZARD | TRIGGER_DYNAMIC_VELOCITY_BURST_KICK | 422
STAT-02820 | -0.7391 | -0.0000 | 1.8280 | CONVERGING_GLOBAL_MINIMA_TARGET | COMMIT_OPTIMIZED_MATRIX_WEIGHT_STEP | 200
STAT-02821 | -0.7391 | 0.0000 | 55.2120 | LOCAL_MINIMA_BOTTLENECK_HAZARD | TRIGGER_DYNAMIC_VELOCITY_BURST_KICK | 422
STAT-02822 | -0.7391 | 0.0000 | 7.7520 | LOCAL_MINIMA_BOTTLENECK_HAZARD | TRIGGER_DYNAMIC_VELOCITY_BURST_KICK | 422
STAT-02823 | -0.7391 | 0.0000 | 15.1260 | LOCAL_MINIMA_BOTTLENECK_HAZARD | TRIGGER_DYNAMIC_VELOCITY_BURST_KICK | 422
STAT-02824 | -0.7391 | 0.0000 | 25.2690 | LOCAL_MINIMA_BOTTLENECK_HAZARD | TRIGGER_DYNAMIC_VELOCITY_BURST_KICK | 422
STAT-02825 | -0.7391 | 0.0000 | 38.4690 | LOCAL_MINIMA_BOTTLENECK_HAZARD | TRIGGER_DYNAMIC_VELOCITY_BURST_KICK | 422
STAT-02826 | -0.7391 | -0.0000 | 18.5640 | LOCAL_MINIMA_BOTTLENECK_HAZARD | TRIGGER_DYNAMIC_VELOCITY_BURST_KICK | 422
STAT-02827 | -0.7391 | -0.0000 | 11.5560 | LOCAL_MINIMA_BOTTLENECK_HAZARD | TRIGGER_DYNAMIC_VELOCITY_BURST_KICK | 422
STAT-02828 | -0.7391 | -0.0000 | 71.7150 | LOCAL_MINIMA_BOTTLENECK_HAZARD | TRIGGER_DYNAMIC_VELOCITY_BURST_KICK | 422
STAT-02829 | -0.7391 | -0.0000 | 6.0520 | LOCAL_MINIMA_BOTTLENECK_HAZARD | TRIGGER_DYNAMIC_VELOCITY_BURST_KICK | 422
STAT-02830 | -0.7391 | -0.0000 | 24.6480 | LOCAL_MINIMA_BOTTLENECK_HAZARD | TRIGGER_DYNAMIC_VELOCITY_BURST_KICK | 422
STAT-02831 | -0.7391 | 0.0000 | 75.1010 | LOCAL_MINIMA_BOTTLENECK_HAZARD | TRIGGER_DYNAMIC_VELOCITY_BURST_KICK | 422
STAT-02832 | -0.7391 | 0.0000 | 6.0030 | LOCAL_MINIMA_BOTTLENECK_HAZARD | TRIGGER_DYNAMIC_VELOCITY_BURST_KICK | 422
STAT-02833 | -0.7391 | 0.0000 | 44.2570 | LOCAL_MINIMA_BOTTLENECK_HAZARD | TRIGGER_DYNAMIC_VELOCITY_BURST_KICK | 422
STAT-02834 | -0.7391 | 0.0000 | 4.4480 | CONVERGING_GLOBAL_MINIMA_TARGET | COMMIT_OPTIMIZED_MATRIX_WEIGHT_STEP | 200
STAT-02835 | -0.7391 | 0.0000 | 29.6990 | LOCAL_MINIMA_BOTTLENECK_HAZARD | TRIGGER_DYNAMIC_VELOCITY_BURST_KICK | 422
STAT-02836 | -0.7391 | -0.0000 | 19.5150 | LOCAL_MINIMA_BOTTLENECK_HAZARD | TRIGGER_DYNAMIC_VELOCITY_BURST_KICK | 422
STAT-02837 | -0.7391 | -0.0000 | 72.0180 | LOCAL_MINIMA_BOTTLENECK_HAZARD | TRIGGER_DYNAMIC_VELOCITY_BURST_KICK | 422
STAT-02838 | -0.7391 | -0.0000 | 24.8410 | LOCAL_MINIMA_BOTTLENECK_HAZARD | TRIGGER_DYNAMIC_VELOCITY_BURST_KICK | 422
STAT-02839 | -0.7391 | -0.0000 | 10.8450 | LOCAL_MINIMA_BOTTLENECK_HAZARD | TRIGGER_DYNAMIC_VELOCITY_BURST_KICK | 422
STAT-02840 | -0.7391 | -0.0000 | 7.0200 | LOCAL_MINIMA_BOTTLENECK_HAZARD | TRIGGER_DYNAMIC_VELOCITY_BURST_KICK | 422
STAT-02841 | -0.7391 | 0.0000 | 2.4930 | CONVERGING_GLOBAL_MINIMA_TARGET | COMMIT_OPTIMIZED_MATRIX_WEIGHT_STEP | 200
STAT-02842 | -0.7391 | 0.0000 | 44.9300 | LOCAL_MINIMA_BOTTLENECK_HAZARD | TRIGGER_DYNAMIC_VELOCITY_BURST_KICK | 422
STAT-02843 | -0.7391 | 0.0000 | 68.5430 | LOCAL_MINIMA_BOTTLENECK_HAZARD | TRIGGER_DYNAMIC_VELOCITY_BURST_KICK | 422
STAT-02844 | -0.7391 | 0.0000 | 90.2810 | LOCAL_MINIMA_BOTTLENECK_HAZARD | TRIGGER_DYNAMIC_VELOCITY_BURST_KICK | 422
STAT-02845 | -0.7391 | 0.0000 | 41.0220 | LOCAL_MINIMA_BOTTLENECK_HAZARD | TRIGGER_DYNAMIC_VELOCITY_BURST_KICK | 422
STAT-02846 | -0.7391 | -0.0000 | 25.3920 | LOCAL_MINIMA_BOTTLENECK_HAZARD | TRIGGER_DYNAMIC_VELOCITY_BURST_KICK | 422
STAT-02847 | -0.7391 | -0.0000 | 33.2480 | LOCAL_MINIMA_BOTTLENECK_HAZARD | TRIGGER_DYNAMIC_VELOCITY_BURST_KICK | 422
STAT-02848 | -0.7391 | -0.0000 | 23.8620 | LOCAL_MINIMA_BOTTLENECK_HAZARD | TRIGGER_DYNAMIC_VELOCITY_BURST_KICK | 422
STAT-02849 | -0.7391 | -0.0000 | 11.2530 | LOCAL_MINIMA_BOTTLENECK_HAZARD | TRIGGER_DYNAMIC_VELOCITY_BURST_KICK | 422
STAT-02850 | -0.7391 | -0.0000 | 1.1740 | CONVERGING_GLOBAL_MINIMA_TARGET | COMMIT_OPTIMIZED_MATRIX_WEIGHT_STEP | 200
STAT-02851 | -0.7391 | 0.0000 | 35.4640 | LOCAL_MINIMA_BOTTLENECK_HAZARD | TRIGGER_DYNAMIC_VELOCITY_BURST_KICK | 422
STAT-02852 | -0.7391 | 0.0000 | 71.7510 | LOCAL_MINIMA_BOTTLENECK_HAZARD | TRIGGER_DYNAMIC_VELOCITY_BURST_KICK | 422
STAT-02853 | -0.7391 | 0.0000 | 47.8340 | LOCAL_MINIMA_BOTTLENECK_HAZARD | TRIGGER_DYNAMIC_VELOCITY_BURST_KICK | 422
STAT-02854 | -0.7391 | 0.0000 | 59.1020 | LOCAL_MINIMA_BOTTLENECK_HAZARD | TRIGGER_DYNAMIC_VELOCITY_BURST_KICK | 422
STAT-02855 | -0.7391 | 0.0000 | 19.6330 | LOCAL_MINIMA_BOTTLENECK_HAZARD | TRIGGER_DYNAMIC_VELOCITY_BURST_KICK | 422
STAT-02856 | -0.7391 | -0.0000 | 21.7600 | LOCAL_MINIMA_BOTTLENECK_HAZARD | TRIGGER_DYNAMIC_VELOCITY_BURST_KICK | 422
STAT-02857 | -0.7391 | -0.0000 | 47.4650 | LOCAL_MINIMA_BOTTLENECK_HAZARD | TRIGGER_DYNAMIC_VELOCITY_BURST_KICK | 422
STAT-02858 | -0.7391 | -0.0000 | 94.9790 | LOCAL_MINIMA_BOTTLENECK_HAZARD | TRIGGER_DYNAMIC_VELOCITY_BURST_KICK | 422
STAT-02859 | -0.7391 | -0.0000 | 91.2080 | LOCAL_MINIMA_BOTTLENECK_HAZARD | TRIGGER_DYNAMIC_VELOCITY_BURST_KICK | 422
STAT-02860 | -0.7391 | -0.0000 | 14.0400 | LOCAL_MINIMA_BOTTLENECK_HAZARD | TRIGGER_DYNAMIC_VELOCITY_BURST_KICK | 422
STAT-02861 | -0.7391 | 0.0000 | 13.5660 | LOCAL_MINIMA_BOTTLENECK_HAZARD | TRIGGER_DYNAMIC_VELOCITY_BURST_KICK | 422
STAT-02862 | -0.7391 | 0.0000 | 3.9600 | CONVERGING_GLOBAL_MINIMA_TARGET | COMMIT_OPTIMIZED_MATRIX_WEIGHT_STEP | 200
STAT-02863 | -0.7391 | 0.0000 | 94.1800 | LOCAL_MINIMA_BOTTLENECK_HAZARD | TRIGGER_DYNAMIC_VELOCITY_BURST_KICK | 422
STAT-02864 | -0.7391 | 0.0000 | 3.9730 | CONVERGING_GLOBAL_MINIMA_TARGET | COMMIT_OPTIMIZED_MATRIX_WEIGHT_STEP | 200
STAT-02865 | -0.7391 | 0.0000 | 15.3610 | LOCAL_MINIMA_BOTTLENECK_HAZARD | TRIGGER_DYNAMIC_VELOCITY_BURST_KICK | 422
STAT-02866 | -0.7391 | -0.0000 | 3.1080 | CONVERGING_GLOBAL_MINIMA_TARGET | COMMIT_OPTIMIZED_MATRIX_WEIGHT_STEP | 200
STAT-02867 | -0.7391 | -0.0000 | 17.2770 | LOCAL_MINIMA_BOTTLENECK_HAZARD | TRIGGER_DYNAMIC_VELOCITY_BURST_KICK | 422
STAT-02868 | -0.7391 | -0.0000 | 28.0720 | LOCAL_MINIMA_BOTTLENECK_HAZARD | TRIGGER_DYNAMIC_VELOCITY_BURST_KICK | 422
STAT-02869 | -0.7391 | -0.0000 | 36.5310 | LOCAL_MINIMA_BOTTLENECK_HAZARD | TRIGGER_DYNAMIC_VELOCITY_BURST_KICK | 422
STAT-02870 | -0.7391 | -0.0000 | 3.7910 | CONVERGING_GLOBAL_MINIMA_TARGET | COMMIT_OPTIMIZED_MATRIX_WEIGHT_STEP | 200
STAT-02871 | -0.7391 | 0.0000 | 43.0620 | LOCAL_MINIMA_BOTTLENECK_HAZARD | TRIGGER_DYNAMIC_VELOCITY_BURST_KICK | 422
STAT-02872 | -0.7391 | 0.0000 | 42.7970 | LOCAL_MINIMA_BOTTLENECK_HAZARD | TRIGGER_DYNAMIC_VELOCITY_BURST_KICK | 422
STAT-02873 | -0.7391 | 0.0000 | 20.8770 | LOCAL_MINIMA_BOTTLENECK_HAZARD | TRIGGER_DYNAMIC_VELOCITY_BURST_KICK | 422
STAT-02874 | -0.7391 | 0.0000 | 35.1670 | LOCAL_MINIMA_BOTTLENECK_HAZARD | TRIGGER_DYNAMIC_VELOCITY_BURST_KICK | 422
STAT-02875 | -0.7391 | 0.0000 | 10.7890 | LOCAL_MINIMA_BOTTLENECK_HAZARD | TRIGGER_DYNAMIC_VELOCITY_BURST_KICK | 422
STAT-02876 | -0.7391 | -0.0000 | 18.4150 | LOCAL_MINIMA_BOTTLENECK_HAZARD | TRIGGER_DYNAMIC_VELOCITY_BURST_KICK | 422
STAT-02877 | -0.7391 | -0.0000 | 41.0660 | LOCAL_MINIMA_BOTTLENECK_HAZARD | TRIGGER_DYNAMIC_VELOCITY_BURST_KICK | 422
STAT-02878 | -0.7391 | -0.0000 | 18.1390 | LOCAL_MINIMA_BOTTLENECK_HAZARD | TRIGGER_DYNAMIC_VELOCITY_BURST_KICK | 422
STAT-02879 | -0.7391 | -0.0000 | 3.9300 | CONVERGING_GLOBAL_MINIMA_TARGET | COMMIT_OPTIMIZED_MATRIX_WEIGHT_STEP | 200
STAT-02880 | -0.7391 | -0.0000 | 8.8460 | LOCAL_MINIMA_BOTTLENECK_HAZARD | TRIGGER_DYNAMIC_VELOCITY_BURST_KICK | 422
STAT-02881 | -0.7391 | 0.0000 | 31.4270 | LOCAL_MINIMA_BOTTLENECK_HAZARD | TRIGGER_DYNAMIC_VELOCITY_BURST_KICK | 422
STAT-02882 | -0.7391 | 0.0000 | 17.7970 | LOCAL_MINIMA_BOTTLENECK_HAZARD | TRIGGER_DYNAMIC_VELOCITY_BURST_KICK | 422
STAT-02883 | -0.7391 | 0.0000 | 16.0540 | LOCAL_MINIMA_BOTTLENECK_HAZARD | TRIGGER_DYNAMIC_VELOCITY_BURST_KICK | 422
STAT-02884 | -0.7391 | 0.0000 | 92.7910 | LOCAL_MINIMA_BOTTLENECK_HAZARD | TRIGGER_DYNAMIC_VELOCITY_BURST_KICK | 422
STAT-02885 | -0.7391 | 0.0000 | 21.3800 | LOCAL_MINIMA_BOTTLENECK_HAZARD | TRIGGER_DYNAMIC_VELOCITY_BURST_KICK | 422
STAT-02886 | -0.7391 | -0.0000 | 19.1480 | LOCAL_MINIMA_BOTTLENECK_HAZARD | TRIGGER_DYNAMIC_VELOCITY_BURST_KICK | 422
STAT-02887 | -0.7391 | -0.0000 | 1.5600 | CONVERGING_GLOBAL_MINIMA_TARGET | COMMIT_OPTIMIZED_MATRIX_WEIGHT_STEP | 200
STAT-02888 | -0.7391 | -0.0000 | 54.7400 | LOCAL_MINIMA_BOTTLENECK_HAZARD | TRIGGER_DYNAMIC_VELOCITY_BURST_KICK | 422
STAT-02889 | -0.7391 | -0.0000 | 37.1470 | LOCAL_MINIMA_BOTTLENECK_HAZARD | TRIGGER_DYNAMIC_VELOCITY_BURST_KICK | 422
STAT-02890 | -0.7391 | -0.0000 | 12.1630 | LOCAL_MINIMA_BOTTLENECK_HAZARD | TRIGGER_DYNAMIC_VELOCITY_BURST_KICK | 422
STAT-02891 | -0.7391 | 0.0000 | 18.7130 | LOCAL_MINIMA_BOTTLENECK_HAZARD | TRIGGER_DYNAMIC_VELOCITY_BURST_KICK | 422
STAT-02892 | -0.7391 | 0.0000 | 7.6300 | LOCAL_MINIMA_BOTTLENECK_HAZARD | TRIGGER_DYNAMIC_VELOCITY_BURST_KICK | 422
STAT-02893 | -0.7391 | 0.0000 | 10.3620 | LOCAL_MINIMA_BOTTLENECK_HAZARD | TRIGGER_DYNAMIC_VELOCITY_BURST_KICK | 422
STAT-02894 | -0.7391 | 0.0000 | 30.0210 | LOCAL_MINIMA_BOTTLENECK_HAZARD | TRIGGER_DYNAMIC_VELOCITY_BURST_KICK | 422
STAT-02895 | -0.7391 | 0.0000 | 14.5090 | LOCAL_MINIMA_BOTTLENECK_HAZARD | TRIGGER_DYNAMIC_VELOCITY_BURST_KICK | 422
STAT-02896 | -0.7391 | -0.0000 | 35.5140 | LOCAL_MINIMA_BOTTLENECK_HAZARD | TRIGGER_DYNAMIC_VELOCITY_BURST_KICK | 422
STAT-02897 | -0.7391 | -0.0000 | 51.3720 | LOCAL_MINIMA_BOTTLENECK_HAZARD | TRIGGER_DYNAMIC_VELOCITY_BURST_KICK | 422
STAT-02898 | -0.7391 | -0.0000 | 13.9810 | LOCAL_MINIMA_BOTTLENECK_HAZARD | TRIGGER_DYNAMIC_VELOCITY_BURST_KICK | 422
STAT-02899 | -0.7391 | -0.0000 | 63.5160 | LOCAL_MINIMA_BOTTLENECK_HAZARD | TRIGGER_DYNAMIC_VELOCITY_BURST_KICK | 422
STAT-02900 | -0.7391 | -0.0000 | 23.9710 | LOCAL_MINIMA_BOTTLENECK_HAZARD | TRIGGER_DYNAMIC_VELOCITY_BURST_KICK | 422
STAT-02901 | -0.7391 | 0.0000 | 20.6000 | LOCAL_MINIMA_BOTTLENECK_HAZARD | TRIGGER_DYNAMIC_VELOCITY_BURST_KICK | 422
STAT-02902 | -0.7391 | 0.0000 | 9.6070 | LOCAL_MINIMA_BOTTLENECK_HAZARD | TRIGGER_DYNAMIC_VELOCITY_BURST_KICK | 422
STAT-02903 | -0.7391 | 0.0000 | 66.3130 | LOCAL_MINIMA_BOTTLENECK_HAZARD | TRIGGER_DYNAMIC_VELOCITY_BURST_KICK | 422
STAT-02904 | -0.7391 | 0.0000 | 5.4360 | LOCAL_MINIMA_BOTTLENECK_HAZARD | TRIGGER_DYNAMIC_VELOCITY_BURST_KICK | 422
STAT-02905 | -0.7391 | 0.0000 | 48.2190 | LOCAL_MINIMA_BOTTLENECK_HAZARD | TRIGGER_DYNAMIC_VELOCITY_BURST_KICK | 422
STAT-02906 | -0.7391 | -0.0000 | 25.6380 | LOCAL_MINIMA_BOTTLENECK_HAZARD | TRIGGER_DYNAMIC_VELOCITY_BURST_KICK | 422
STAT-02907 | -0.7391 | -0.0000 | 23.0220 | LOCAL_MINIMA_BOTTLENECK_HAZARD | TRIGGER_DYNAMIC_VELOCITY_BURST_KICK | 422
STAT-02908 | -0.7391 | -0.0000 | 31.3040 | LOCAL_MINIMA_BOTTLENECK_HAZARD | TRIGGER_DYNAMIC_VELOCITY_BURST_KICK | 422
STAT-02909 | -0.7391 | -0.0000 | 28.7840 | LOCAL_MINIMA_BOTTLENECK_HAZARD | TRIGGER_DYNAMIC_VELOCITY_BURST_KICK | 422
STAT-02910 | -0.7391 | -0.0000 | 40.2530 | LOCAL_MINIMA_BOTTLENECK_HAZARD | TRIGGER_DYNAMIC_VELOCITY_BURST_KICK | 422
STAT-02911 | -0.7391 | 0.0000 | 9.9680 | LOCAL_MINIMA_BOTTLENECK_HAZARD | TRIGGER_DYNAMIC_VELOCITY_BURST_KICK | 422
STAT-02912 | -0.7391 | 0.0000 | 79.4180 | LOCAL_MINIMA_BOTTLENECK_HAZARD | TRIGGER_DYNAMIC_VELOCITY_BURST_KICK | 422
STAT-02913 | -0.7391 | 0.0000 | 19.0540 | LOCAL_MINIMA_BOTTLENECK_HAZARD | TRIGGER_DYNAMIC_VELOCITY_BURST_KICK | 422
STAT-02914 | -0.7391 | 0.0000 | 22.9150 | LOCAL_MINIMA_BOTTLENECK_HAZARD | TRIGGER_DYNAMIC_VELOCITY_BURST_KICK | 422
STAT-02915 | -0.7391 | 0.0000 | 6.8160 | LOCAL_MINIMA_BOTTLENECK_HAZARD | TRIGGER_DYNAMIC_VELOCITY_BURST_KICK | 422
STAT-02916 | -0.7391 | -0.0000 | 55.2940 | LOCAL_MINIMA_BOTTLENECK_HAZARD | TRIGGER_DYNAMIC_VELOCITY_BURST_KICK | 422
STAT-02917 | -0.7391 | -0.0000 | 76.7740 | LOCAL_MINIMA_BOTTLENECK_HAZARD | TRIGGER_DYNAMIC_VELOCITY_BURST_KICK | 422
STAT-02918 | -0.7391 | -0.0000 | 20.7820 | LOCAL_MINIMA_BOTTLENECK_HAZARD | TRIGGER_DYNAMIC_VELOCITY_BURST_KICK | 422
STAT-02919 | -0.7391 | -0.0000 | 16.5270 | LOCAL_MINIMA_BOTTLENECK_HAZARD | TRIGGER_DYNAMIC_VELOCITY_BURST_KICK | 422
STAT-02920 | -0.7391 | -0.0000 | 5.4970 | LOCAL_MINIMA_BOTTLENECK_HAZARD | TRIGGER_DYNAMIC_VELOCITY_BURST_KICK | 422
STAT-02921 | -0.7391 | 0.0000 | 50.9950 | LOCAL_MINIMA_BOTTLENECK_HAZARD | TRIGGER_DYNAMIC_VELOCITY_BURST_KICK | 422
STAT-02922 | -0.7391 | 0.0000 | 70.5730 | LOCAL_MINIMA_BOTTLENECK_HAZARD | TRIGGER_DYNAMIC_VELOCITY_BURST_KICK | 422
STAT-02923 | -0.7391 | 0.0000 | 43.1590 | LOCAL_MINIMA_BOTTLENECK_HAZARD | TRIGGER_DYNAMIC_VELOCITY_BURST_KICK | 422
STAT-02924 | -0.7391 | 0.0000 | 17.3530 | LOCAL_MINIMA_BOTTLENECK_HAZARD | TRIGGER_DYNAMIC_VELOCITY_BURST_KICK | 422
STAT-02925 | -0.7391 | 0.0000 | 24.2550 | LOCAL_MINIMA_BOTTLENECK_HAZARD | TRIGGER_DYNAMIC_VELOCITY_BURST_KICK | 422
STAT-02926 | -0.7391 | -0.0000 | 30.9630 | LOCAL_MINIMA_BOTTLENECK_HAZARD | TRIGGER_DYNAMIC_VELOCITY_BURST_KICK | 422
STAT-02927 | -0.7391 | -0.0000 | 33.4370 | LOCAL_MINIMA_BOTTLENECK_HAZARD | TRIGGER_DYNAMIC_VELOCITY_BURST_KICK | 422
STAT-02928 | -0.7391 | -0.0000 | 33.2350 | LOCAL_MINIMA_BOTTLENECK_HAZARD | TRIGGER_DYNAMIC_VELOCITY_BURST_KICK | 422
STAT-02929 | -0.7391 | -0.0000 | 12.3500 | LOCAL_MINIMA_BOTTLENECK_HAZARD | TRIGGER_DYNAMIC_VELOCITY_BURST_KICK | 422
STAT-02930 | -0.7391 | -0.0000 | 49.4640 | LOCAL_MINIMA_BOTTLENECK_HAZARD | TRIGGER_DYNAMIC_VELOCITY_BURST_KICK | 422
STAT-02931 | -0.7391 | 0.0000 | 53.8000 | LOCAL_MINIMA_BOTTLENECK_HAZARD | TRIGGER_DYNAMIC_VELOCITY_BURST_KICK | 422
STAT-02932 | -0.7391 | 0.0000 | 12.0630 | LOCAL_MINIMA_BOTTLENECK_HAZARD | TRIGGER_DYNAMIC_VELOCITY_BURST_KICK | 422
STAT-02933 | -0.7391 | 0.0000 | 36.5990 | LOCAL_MINIMA_BOTTLENECK_HAZARD | TRIGGER_DYNAMIC_VELOCITY_BURST_KICK | 422
STAT-02934 | -0.7391 | 0.0000 | 72.9110 | LOCAL_MINIMA_BOTTLENECK_HAZARD | TRIGGER_DYNAMIC_VELOCITY_BURST_KICK | 422
STAT-02935 | -0.7391 | 0.0000 | 9.1150 | LOCAL_MINIMA_BOTTLENECK_HAZARD | TRIGGER_DYNAMIC_VELOCITY_BURST_KICK | 422
STAT-02936 | -0.7391 | -0.0000 | 27.6070 | LOCAL_MINIMA_BOTTLENECK_HAZARD | TRIGGER_DYNAMIC_VELOCITY_BURST_KICK | 422
STAT-02937 | -0.7391 | -0.0000 | 18.7320 | LOCAL_MINIMA_BOTTLENECK_HAZARD | TRIGGER_DYNAMIC_VELOCITY_BURST_KICK | 422
STAT-02938 | -0.7391 | -0.0000 | 24.9160 | LOCAL_MINIMA_BOTTLENECK_HAZARD | TRIGGER_DYNAMIC_VELOCITY_BURST_KICK | 422
STAT-02939 | -0.7391 | -0.0000 | 43.7560 | LOCAL_MINIMA_BOTTLENECK_HAZARD | TRIGGER_DYNAMIC_VELOCITY_BURST_KICK | 422
STAT-02940 | -0.7391 | -0.0000 | 33.9370 | LOCAL_MINIMA_BOTTLENECK_HAZARD | TRIGGER_DYNAMIC_VELOCITY_BURST_KICK | 422
STAT-02941 | -0.7391 | 0.0000 | 7.9450 | LOCAL_MINIMA_BOTTLENECK_HAZARD | TRIGGER_DYNAMIC_VELOCITY_BURST_KICK | 422
STAT-02942 | -0.7391 | 0.0000 | 21.3590 | LOCAL_MINIMA_BOTTLENECK_HAZARD | TRIGGER_DYNAMIC_VELOCITY_BURST_KICK | 422
STAT-02943 | -0.7391 | 0.0000 | 73.5780 | LOCAL_MINIMA_BOTTLENECK_HAZARD | TRIGGER_DYNAMIC_VELOCITY_BURST_KICK | 422
STAT-02944 | -0.7391 | 0.0000 | 46.8740 | LOCAL_MINIMA_BOTTLENECK_HAZARD | TRIGGER_DYNAMIC_VELOCITY_BURST_KICK | 422
STAT-02945 | -0.7391 | 0.0000 | 72.3810 | LOCAL_MINIMA_BOTTLENECK_HAZARD | TRIGGER_DYNAMIC_VELOCITY_BURST_KICK | 422
STAT-02946 | -0.7391 | -0.0000 | 22.3100 | LOCAL_MINIMA_BOTTLENECK_HAZARD | TRIGGER_DYNAMIC_VELOCITY_BURST_KICK | 422
STAT-02947 | -0.7391 | -0.0000 | 8.2810 | LOCAL_MINIMA_BOTTLENECK_HAZARD | TRIGGER_DYNAMIC_VELOCITY_BURST_KICK | 422
STAT-02948 | -0.7391 | -0.0000 | 73.2970 | LOCAL_MINIMA_BOTTLENECK_HAZARD | TRIGGER_DYNAMIC_VELOCITY_BURST_KICK | 422
STAT-02949 | -0.7391 | -0.0000 | 12.9670 | LOCAL_MINIMA_BOTTLENECK_HAZARD | TRIGGER_DYNAMIC_VELOCITY_BURST_KICK | 422
STAT-02950 | -0.7391 | -0.0000 | 52.7570 | LOCAL_MINIMA_BOTTLENECK_HAZARD | TRIGGER_DYNAMIC_VELOCITY_BURST_KICK | 422
STAT-02951 | -0.7391 | 0.0000 | 49.1310 | LOCAL_MINIMA_BOTTLENECK_HAZARD | TRIGGER_DYNAMIC_VELOCITY_BURST_KICK | 422
STAT-02952 | -0.7391 | 0.0000 | 38.4310 | LOCAL_MINIMA_BOTTLENECK_HAZARD | TRIGGER_DYNAMIC_VELOCITY_BURST_KICK | 422
STAT-02953 | -0.7391 | 0.0000 | 29.5040 | LOCAL_MINIMA_BOTTLENECK_HAZARD | TRIGGER_DYNAMIC_VELOCITY_BURST_KICK | 422
STAT-02954 | -0.7391 | 0.0000 | 5.1590 | LOCAL_MINIMA_BOTTLENECK_HAZARD | TRIGGER_DYNAMIC_VELOCITY_BURST_KICK | 422
STAT-02955 | -0.7391 | 0.0000 | 80.7010 | LOCAL_MINIMA_BOTTLENECK_HAZARD | TRIGGER_DYNAMIC_VELOCITY_BURST_KICK | 422
STAT-02956 | -0.7391 | -0.0000 | 9.9950 | LOCAL_MINIMA_BOTTLENECK_HAZARD | TRIGGER_DYNAMIC_VELOCITY_BURST_KICK | 422
STAT-02957 | -0.7391 | -0.0000 | 16.3790 | LOCAL_MINIMA_BOTTLENECK_HAZARD | TRIGGER_DYNAMIC_VELOCITY_BURST_KICK | 422
STAT-02958 | -0.7391 | -0.0000 | 18.7210 | LOCAL_MINIMA_BOTTLENECK_HAZARD | TRIGGER_DYNAMIC_VELOCITY_BURST_KICK | 422
STAT-02959 | -0.7391 | -0.0000 | 29.3310 | LOCAL_MINIMA_BOTTLENECK_HAZARD | TRIGGER_DYNAMIC_VELOCITY_BURST_KICK | 422
STAT-02960 | -0.7391 | 0.0000 | 38.7940 | LOCAL_MINIMA_BOTTLENECK_HAZARD | TRIGGER_DYNAMIC_VELOCITY_BURST_KICK | 422
STAT-02961 | -0.7391 | 0.0000 | 13.7120 | LOCAL_MINIMA_BOTTLENECK_HAZARD | TRIGGER_DYNAMIC_VELOCITY_BURST_KICK | 422
STAT-02962 | -0.7391 | 0.0000 | 63.5740 | LOCAL_MINIMA_BOTTLENECK_HAZARD | TRIGGER_DYNAMIC_VELOCITY_BURST_KICK | 422
STAT-02963 | -0.7391 | 0.0000 | 5.2530 | LOCAL_MINIMA_BOTTLENECK_HAZARD | TRIGGER_DYNAMIC_VELOCITY_BURST_KICK | 422
STAT-02964 | -0.7391 | 0.0000 | 48.4150 | LOCAL_MINIMA_BOTTLENECK_HAZARD | TRIGGER_DYNAMIC_VELOCITY_BURST_KICK | 422
STAT-02965 | -0.7391 | -0.0000 | 13.2950 | LOCAL_MINIMA_BOTTLENECK_HAZARD | TRIGGER_DYNAMIC_VELOCITY_BURST_KICK | 422
STAT-02966 | -0.7391 | -0.0000 | 50.3370 | LOCAL_MINIMA_BOTTLENECK_HAZARD | TRIGGER_DYNAMIC_VELOCITY_BURST_KICK | 422
STAT-02967 | -0.7391 | -0.0000 | 55.1520 | LOCAL_MINIMA_BOTTLENECK_HAZARD | TRIGGER_DYNAMIC_VELOCITY_BURST_KICK | 422
STAT-02968 | -0.7391 | -0.0000 | 52.0350 | LOCAL_MINIMA_BOTTLENECK_HAZARD | TRIGGER_DYNAMIC_VELOCITY_BURST_KICK | 422
STAT-02969 | -0.7391 | -0.0000 | 79.0550 | LOCAL_MINIMA_BOTTLENECK_HAZARD | TRIGGER_DYNAMIC_VELOCITY_BURST_KICK | 422
STAT-02970 | -0.7391 | 0.0000 | 32.1120 | LOCAL_MINIMA_BOTTLENECK_HAZARD | TRIGGER_DYNAMIC_VELOCITY_BURST_KICK | 422
STAT-02971 | -0.7391 | 0.0000 | 29.1710 | LOCAL_MINIMA_BOTTLENECK_HAZARD | TRIGGER_DYNAMIC_VELOCITY_BURST_KICK | 422
STAT-02972 | -0.7391 | 0.0000 | 39.0420 | LOCAL_MINIMA_BOTTLENECK_HAZARD | TRIGGER_DYNAMIC_VELOCITY_BURST_KICK | 422
STAT-02973 | -0.7391 | 0.0000 | 35.9910 | LOCAL_MINIMA_BOTTLENECK_HAZARD | TRIGGER_DYNAMIC_VELOCITY_BURST_KICK | 422
STAT-02974 | -0.7391 | 0.0000 | 41.5860 | LOCAL_MINIMA_BOTTLENECK_HAZARD | TRIGGER_DYNAMIC_VELOCITY_BURST_KICK | 422
STAT-02975 | -0.7391 | -0.0000 | 17.2010 | LOCAL_MINIMA_BOTTLENECK_HAZARD | TRIGGER_DYNAMIC_VELOCITY_BURST_KICK | 422
STAT-02976 | -0.7391 | -0.0000 | 84.3060 | LOCAL_MINIMA_BOTTLENECK_HAZARD | TRIGGER_DYNAMIC_VELOCITY_BURST_KICK | 422
STAT-02977 | -0.7391 | -0.0000 | 72.8200 | LOCAL_MINIMA_BOTTLENECK_HAZARD | TRIGGER_DYNAMIC_VELOCITY_BURST_KICK | 422
STAT-02978 | -0.7391 | -0.0000 | 59.1580 | LOCAL_MINIMA_BOTTLENECK_HAZARD | TRIGGER_DYNAMIC_VELOCITY_BURST_KICK | 422
STAT-02979 | -0.7391 | -0.0000 | 7.2020 | LOCAL_MINIMA_BOTTLENECK_HAZARD | TRIGGER_DYNAMIC_VELOCITY_BURST_KICK | 422
STAT-02980 | -0.7391 | 0.0000 | 22.5190 | LOCAL_MINIMA_BOTTLENECK_HAZARD | TRIGGER_DYNAMIC_VELOCITY_BURST_KICK | 422
STAT-02981 | -0.7391 | 0.0000 | 7.2480 | LOCAL_MINIMA_BOTTLENECK_HAZARD | TRIGGER_DYNAMIC_VELOCITY_BURST_KICK | 422
STAT-02982 | -0.7391 | 0.0000 | 77.8760 | LOCAL_MINIMA_BOTTLENECK_HAZARD | TRIGGER_DYNAMIC_VELOCITY_BURST_KICK | 422
STAT-02983 | -0.7391 | 0.0000 | 69.0360 | LOCAL_MINIMA_BOTTLENECK_HAZARD | TRIGGER_DYNAMIC_VELOCITY_BURST_KICK | 422
STAT-02984 | -0.7391 | 0.0000 | 73.4210 | LOCAL_MINIMA_BOTTLENECK_HAZARD | TRIGGER_DYNAMIC_VELOCITY_BURST_KICK | 422
STAT-02985 | -0.7391 | -0.0000 | 38.0660 | LOCAL_MINIMA_BOTTLENECK_HAZARD | TRIGGER_DYNAMIC_VELOCITY_BURST_KICK | 422
STAT-02986 | -0.7391 | -0.0000 | 93.7630 | LOCAL_MINIMA_BOTTLENECK_HAZARD | TRIGGER_DYNAMIC_VELOCITY_BURST_KICK | 422
STAT-02987 | -0.7391 | -0.0000 | 23.6210 | LOCAL_MINIMA_BOTTLENECK_HAZARD | TRIGGER_DYNAMIC_VELOCITY_BURST_KICK | 422
STAT-02988 | -0.7391 | -0.0000 | 56.2050 | LOCAL_MINIMA_BOTTLENECK_HAZARD | TRIGGER_DYNAMIC_VELOCITY_BURST_KICK | 422
STAT-02989 | -0.7391 | -0.0000 | 13.6040 | LOCAL_MINIMA_BOTTLENECK_HAZARD | TRIGGER_DYNAMIC_VELOCITY_BURST_KICK | 422
STAT-02990 | -0.7391 | 0.0000 | 46.8320 | LOCAL_MINIMA_BOTTLENECK_HAZARD | TRIGGER_DYNAMIC_VELOCITY_BURST_KICK | 422
STAT-02991 | -0.7391 | 0.0000 | 82.2600 | LOCAL_MINIMA_BOTTLENECK_HAZARD | TRIGGER_DYNAMIC_VELOCITY_BURST_KICK | 422
STAT-02992 | -0.7391 | 0.0000 | 10.5950 | LOCAL_MINIMA_BOTTLENECK_HAZARD | TRIGGER_DYNAMIC_VELOCITY_BURST_KICK | 422
STAT-02993 | -0.7391 | 0.0000 | 3.3130 | CONVERGING_GLOBAL_MINIMA_TARGET | COMMIT_OPTIMIZED_MATRIX_WEIGHT_STEP | 200
STAT-02994 | -0.7391 | 0.0000 | 0.5630 | CONVERGING_GLOBAL_MINIMA_TARGET | COMMIT_OPTIMIZED_MATRIX_WEIGHT_STEP | 200
STAT-02995 | -0.7391 | -0.0000 | 68.1880 | LOCAL_MINIMA_BOTTLENECK_HAZARD | TRIGGER_DYNAMIC_VELOCITY_BURST_KICK | 422
STAT-02996 | -0.7391 | -0.0000 | 23.8070 | LOCAL_MINIMA_BOTTLENECK_HAZARD | TRIGGER_DYNAMIC_VELOCITY_BURST_KICK | 422
STAT-02997 | -0.7391 | -0.0000 | 13.3000 | LOCAL_MINIMA_BOTTLENECK_HAZARD | TRIGGER_DYNAMIC_VELOCITY_BURST_KICK | 422
STAT-02998 | -0.7391 | -0.0000 | 27.2620 | LOCAL_MINIMA_BOTTLENECK_HAZARD | TRIGGER_DYNAMIC_VELOCITY_BURST_KICK | 422
STAT-02999 | -0.7391 | -0.0000 | 4.3370 | CONVERGING_GLOBAL_MINIMA_TARGET | COMMIT_OPTIMIZED_MATRIX_WEIGHT_STEP | 200
STAT-03000 | -0.7391 | 0.0000 | 52.6100 | LOCAL_MINIMA_BOTTLENECK_HAZARD | TRIGGER_DYNAMIC_VELOCITY_BURST_KICK | 422
